[2025-03-16 12:59:16] local.ERROR: Please provide a valid cache path. {"exception":"[object] (InvalidArgumentException(code: 0): Please provide a valid cache path. at C:\\Users\\hask777\\Desktop\\projects\\PHP\\laravel10-api-passport\\vendor\\laravel\\framework\\src\\Illuminate\\View\\Compilers\\Compiler.php:67)
[stacktrace]
#0 C:\\Users\\hask777\\Desktop\\projects\\PHP\\laravel10-api-passport\\vendor\\laravel\\framework\\src\\Illuminate\\View\\ViewServiceProvider.php(97): Illuminate\\View\\Compilers\\Compiler->__construct()
#1 C:\\Users\\hask777\\Desktop\\projects\\PHP\\laravel10-api-passport\\vendor\\laravel\\framework\\src\\Illuminate\\Container\\Container.php(908): Illuminate\\View\\ViewServiceProvider->Illuminate\\View\\{closure}()
#2 C:\\Users\\hask777\\Desktop\\projects\\PHP\\laravel10-api-passport\\vendor\\laravel\\framework\\src\\Illuminate\\Container\\Container.php(795): Illuminate\\Container\\Container->build()
#3 C:\\Users\\hask777\\Desktop\\projects\\PHP\\laravel10-api-passport\\vendor\\laravel\\framework\\src\\Illuminate\\Foundation\\Application.php(986): Illuminate\\Container\\Container->resolve()
#4 C:\\Users\\hask777\\Desktop\\projects\\PHP\\laravel10-api-passport\\vendor\\laravel\\framework\\src\\Illuminate\\Container\\Container.php(731): Illuminate\\Foundation\\Application->resolve()
#5 C:\\Users\\hask777\\Desktop\\projects\\PHP\\laravel10-api-passport\\vendor\\laravel\\framework\\src\\Illuminate\\Foundation\\Application.php(971): Illuminate\\Container\\Container->make()
#6 C:\\Users\\hask777\\Desktop\\projects\\PHP\\laravel10-api-passport\\vendor\\laravel\\framework\\src\\Illuminate\\Container\\Container.php(1454): Illuminate\\Foundation\\Application->make()
#7 C:\\Users\\hask777\\Desktop\\projects\\PHP\\laravel10-api-passport\\vendor\\laravel\\framework\\src\\Illuminate\\Support\\Facades\\Facade.php(237): Illuminate\\Container\\Container->offsetGet()
#8 C:\\Users\\hask777\\Desktop\\projects\\PHP\\laravel10-api-passport\\vendor\\laravel\\framework\\src\\Illuminate\\Support\\Facades\\Facade.php(208): Illuminate\\Support\\Facades\\Facade::resolveFacadeInstance()
#9 C:\\Users\\hask777\\Desktop\\projects\\PHP\\laravel10-api-passport\\vendor\\laravel\\framework\\src\\Illuminate\\Support\\Facades\\Facade.php(349): Illuminate\\Support\\Facades\\Facade::getFacadeRoot()
#10 C:\\Users\\hask777\\Desktop\\projects\\PHP\\laravel10-api-passport\\vendor\\lavary\\laravel-menu\\src\\Lavary\\Menu\\ServiceProvider.php(70): Illuminate\\Support\\Facades\\Facade::__callStatic()
#11 C:\\Users\\hask777\\Desktop\\projects\\PHP\\laravel10-api-passport\\vendor\\lavary\\laravel-menu\\src\\Lavary\\Menu\\ServiceProvider.php(94): Lavary\\Menu\\ServiceProvider->bladeDirectives()
#12 C:\\Users\\hask777\\Desktop\\projects\\PHP\\laravel10-api-passport\\vendor\\laravel\\framework\\src\\Illuminate\\Container\\BoundMethod.php(36): Lavary\\Menu\\ServiceProvider->boot()
#13 C:\\Users\\hask777\\Desktop\\projects\\PHP\\laravel10-api-passport\\vendor\\laravel\\framework\\src\\Illuminate\\Container\\Util.php(41): Illuminate\\Container\\BoundMethod::Illuminate\\Container\\{closure}()
#14 C:\\Users\\hask777\\Desktop\\projects\\PHP\\laravel10-api-passport\\vendor\\laravel\\framework\\src\\Illuminate\\Container\\BoundMethod.php(93): Illuminate\\Container\\Util::unwrapIfClosure()
#15 C:\\Users\\hask777\\Desktop\\projects\\PHP\\laravel10-api-passport\\vendor\\laravel\\framework\\src\\Illuminate\\Container\\BoundMethod.php(35): Illuminate\\Container\\BoundMethod::callBoundMethod()
#16 C:\\Users\\hask777\\Desktop\\projects\\PHP\\laravel10-api-passport\\vendor\\laravel\\framework\\src\\Illuminate\\Container\\Container.php(662): Illuminate\\Container\\BoundMethod::call()
#17 C:\\Users\\hask777\\Desktop\\projects\\PHP\\laravel10-api-passport\\vendor\\laravel\\framework\\src\\Illuminate\\Foundation\\Application.php(1059): Illuminate\\Container\\Container->call()
#18 C:\\Users\\hask777\\Desktop\\projects\\PHP\\laravel10-api-passport\\vendor\\laravel\\framework\\src\\Illuminate\\Foundation\\Application.php(1040): Illuminate\\Foundation\\Application->bootProvider()
#19 [internal function]: Illuminate\\Foundation\\Application->Illuminate\\Foundation\\{closure}()
#20 C:\\Users\\hask777\\Desktop\\projects\\PHP\\laravel10-api-passport\\vendor\\laravel\\framework\\src\\Illuminate\\Foundation\\Application.php(1039): array_walk()
#21 C:\\Users\\hask777\\Desktop\\projects\\PHP\\laravel10-api-passport\\vendor\\laravel\\framework\\src\\Illuminate\\Foundation\\Bootstrap\\BootProviders.php(17): Illuminate\\Foundation\\Application->boot()
#22 C:\\Users\\hask777\\Desktop\\projects\\PHP\\laravel10-api-passport\\vendor\\laravel\\framework\\src\\Illuminate\\Foundation\\Application.php(286): Illuminate\\Foundation\\Bootstrap\\BootProviders->bootstrap()
#23 C:\\Users\\hask777\\Desktop\\projects\\PHP\\laravel10-api-passport\\vendor\\laravel\\framework\\src\\Illuminate\\Foundation\\Console\\Kernel.php(447): Illuminate\\Foundation\\Application->bootstrapWith()
#24 C:\\Users\\hask777\\Desktop\\projects\\PHP\\laravel10-api-passport\\vendor\\laravel\\framework\\src\\Illuminate\\Foundation\\Console\\Kernel.php(199): Illuminate\\Foundation\\Console\\Kernel->bootstrap()
#25 C:\\Users\\hask777\\Desktop\\projects\\PHP\\laravel10-api-passport\\artisan(35): Illuminate\\Foundation\\Console\\Kernel->handle()
#26 {main}
"} 
[2025-03-16 13:00:30] local.ERROR: Please provide a valid cache path. {"exception":"[object] (InvalidArgumentException(code: 0): Please provide a valid cache path. at C:\\Users\\hask777\\Desktop\\projects\\PHP\\laravel10-api-passport\\vendor\\laravel\\framework\\src\\Illuminate\\View\\Compilers\\Compiler.php:67)
[stacktrace]
#0 C:\\Users\\hask777\\Desktop\\projects\\PHP\\laravel10-api-passport\\vendor\\laravel\\framework\\src\\Illuminate\\View\\ViewServiceProvider.php(97): Illuminate\\View\\Compilers\\Compiler->__construct()
#1 C:\\Users\\hask777\\Desktop\\projects\\PHP\\laravel10-api-passport\\vendor\\laravel\\framework\\src\\Illuminate\\Container\\Container.php(908): Illuminate\\View\\ViewServiceProvider->Illuminate\\View\\{closure}()
#2 C:\\Users\\hask777\\Desktop\\projects\\PHP\\laravel10-api-passport\\vendor\\laravel\\framework\\src\\Illuminate\\Container\\Container.php(795): Illuminate\\Container\\Container->build()
#3 C:\\Users\\hask777\\Desktop\\projects\\PHP\\laravel10-api-passport\\vendor\\laravel\\framework\\src\\Illuminate\\Foundation\\Application.php(986): Illuminate\\Container\\Container->resolve()
#4 C:\\Users\\hask777\\Desktop\\projects\\PHP\\laravel10-api-passport\\vendor\\laravel\\framework\\src\\Illuminate\\Container\\Container.php(731): Illuminate\\Foundation\\Application->resolve()
#5 C:\\Users\\hask777\\Desktop\\projects\\PHP\\laravel10-api-passport\\vendor\\laravel\\framework\\src\\Illuminate\\Foundation\\Application.php(971): Illuminate\\Container\\Container->make()
#6 C:\\Users\\hask777\\Desktop\\projects\\PHP\\laravel10-api-passport\\vendor\\laravel\\framework\\src\\Illuminate\\Container\\Container.php(1454): Illuminate\\Foundation\\Application->make()
#7 C:\\Users\\hask777\\Desktop\\projects\\PHP\\laravel10-api-passport\\vendor\\laravel\\framework\\src\\Illuminate\\Support\\Facades\\Facade.php(237): Illuminate\\Container\\Container->offsetGet()
#8 C:\\Users\\hask777\\Desktop\\projects\\PHP\\laravel10-api-passport\\vendor\\laravel\\framework\\src\\Illuminate\\Support\\Facades\\Facade.php(208): Illuminate\\Support\\Facades\\Facade::resolveFacadeInstance()
#9 C:\\Users\\hask777\\Desktop\\projects\\PHP\\laravel10-api-passport\\vendor\\laravel\\framework\\src\\Illuminate\\Support\\Facades\\Facade.php(349): Illuminate\\Support\\Facades\\Facade::getFacadeRoot()
#10 C:\\Users\\hask777\\Desktop\\projects\\PHP\\laravel10-api-passport\\vendor\\lavary\\laravel-menu\\src\\Lavary\\Menu\\ServiceProvider.php(70): Illuminate\\Support\\Facades\\Facade::__callStatic()
#11 C:\\Users\\hask777\\Desktop\\projects\\PHP\\laravel10-api-passport\\vendor\\lavary\\laravel-menu\\src\\Lavary\\Menu\\ServiceProvider.php(94): Lavary\\Menu\\ServiceProvider->bladeDirectives()
#12 C:\\Users\\hask777\\Desktop\\projects\\PHP\\laravel10-api-passport\\vendor\\laravel\\framework\\src\\Illuminate\\Container\\BoundMethod.php(36): Lavary\\Menu\\ServiceProvider->boot()
#13 C:\\Users\\hask777\\Desktop\\projects\\PHP\\laravel10-api-passport\\vendor\\laravel\\framework\\src\\Illuminate\\Container\\Util.php(41): Illuminate\\Container\\BoundMethod::Illuminate\\Container\\{closure}()
#14 C:\\Users\\hask777\\Desktop\\projects\\PHP\\laravel10-api-passport\\vendor\\laravel\\framework\\src\\Illuminate\\Container\\BoundMethod.php(93): Illuminate\\Container\\Util::unwrapIfClosure()
#15 C:\\Users\\hask777\\Desktop\\projects\\PHP\\laravel10-api-passport\\vendor\\laravel\\framework\\src\\Illuminate\\Container\\BoundMethod.php(35): Illuminate\\Container\\BoundMethod::callBoundMethod()
#16 C:\\Users\\hask777\\Desktop\\projects\\PHP\\laravel10-api-passport\\vendor\\laravel\\framework\\src\\Illuminate\\Container\\Container.php(662): Illuminate\\Container\\BoundMethod::call()
#17 C:\\Users\\hask777\\Desktop\\projects\\PHP\\laravel10-api-passport\\vendor\\laravel\\framework\\src\\Illuminate\\Foundation\\Application.php(1059): Illuminate\\Container\\Container->call()
#18 C:\\Users\\hask777\\Desktop\\projects\\PHP\\laravel10-api-passport\\vendor\\laravel\\framework\\src\\Illuminate\\Foundation\\Application.php(1040): Illuminate\\Foundation\\Application->bootProvider()
#19 [internal function]: Illuminate\\Foundation\\Application->Illuminate\\Foundation\\{closure}()
#20 C:\\Users\\hask777\\Desktop\\projects\\PHP\\laravel10-api-passport\\vendor\\laravel\\framework\\src\\Illuminate\\Foundation\\Application.php(1039): array_walk()
#21 C:\\Users\\hask777\\Desktop\\projects\\PHP\\laravel10-api-passport\\vendor\\laravel\\framework\\src\\Illuminate\\Foundation\\Bootstrap\\BootProviders.php(17): Illuminate\\Foundation\\Application->boot()
#22 C:\\Users\\hask777\\Desktop\\projects\\PHP\\laravel10-api-passport\\vendor\\laravel\\framework\\src\\Illuminate\\Foundation\\Application.php(286): Illuminate\\Foundation\\Bootstrap\\BootProviders->bootstrap()
#23 C:\\Users\\hask777\\Desktop\\projects\\PHP\\laravel10-api-passport\\vendor\\laravel\\framework\\src\\Illuminate\\Foundation\\Console\\Kernel.php(447): Illuminate\\Foundation\\Application->bootstrapWith()
#24 C:\\Users\\hask777\\Desktop\\projects\\PHP\\laravel10-api-passport\\vendor\\laravel\\framework\\src\\Illuminate\\Foundation\\Console\\Kernel.php(199): Illuminate\\Foundation\\Console\\Kernel->bootstrap()
#25 C:\\Users\\hask777\\Desktop\\projects\\PHP\\laravel10-api-passport\\artisan(35): Illuminate\\Foundation\\Console\\Kernel->handle()
#26 {main}
"} 
[2025-03-16 13:01:17] local.ERROR: Please provide a valid cache path. {"exception":"[object] (InvalidArgumentException(code: 0): Please provide a valid cache path. at C:\\Users\\hask777\\Desktop\\projects\\PHP\\laravel10-api-passport\\vendor\\laravel\\framework\\src\\Illuminate\\View\\Compilers\\Compiler.php:67)
[stacktrace]
#0 C:\\Users\\hask777\\Desktop\\projects\\PHP\\laravel10-api-passport\\vendor\\laravel\\framework\\src\\Illuminate\\View\\ViewServiceProvider.php(97): Illuminate\\View\\Compilers\\Compiler->__construct()
#1 C:\\Users\\hask777\\Desktop\\projects\\PHP\\laravel10-api-passport\\vendor\\laravel\\framework\\src\\Illuminate\\Container\\Container.php(908): Illuminate\\View\\ViewServiceProvider->Illuminate\\View\\{closure}()
#2 C:\\Users\\hask777\\Desktop\\projects\\PHP\\laravel10-api-passport\\vendor\\laravel\\framework\\src\\Illuminate\\Container\\Container.php(795): Illuminate\\Container\\Container->build()
#3 C:\\Users\\hask777\\Desktop\\projects\\PHP\\laravel10-api-passport\\vendor\\laravel\\framework\\src\\Illuminate\\Foundation\\Application.php(986): Illuminate\\Container\\Container->resolve()
#4 C:\\Users\\hask777\\Desktop\\projects\\PHP\\laravel10-api-passport\\vendor\\laravel\\framework\\src\\Illuminate\\Container\\Container.php(731): Illuminate\\Foundation\\Application->resolve()
#5 C:\\Users\\hask777\\Desktop\\projects\\PHP\\laravel10-api-passport\\vendor\\laravel\\framework\\src\\Illuminate\\Foundation\\Application.php(971): Illuminate\\Container\\Container->make()
#6 C:\\Users\\hask777\\Desktop\\projects\\PHP\\laravel10-api-passport\\vendor\\laravel\\framework\\src\\Illuminate\\Container\\Container.php(1454): Illuminate\\Foundation\\Application->make()
#7 C:\\Users\\hask777\\Desktop\\projects\\PHP\\laravel10-api-passport\\vendor\\laravel\\framework\\src\\Illuminate\\Support\\Facades\\Facade.php(237): Illuminate\\Container\\Container->offsetGet()
#8 C:\\Users\\hask777\\Desktop\\projects\\PHP\\laravel10-api-passport\\vendor\\laravel\\framework\\src\\Illuminate\\Support\\Facades\\Facade.php(208): Illuminate\\Support\\Facades\\Facade::resolveFacadeInstance()
#9 C:\\Users\\hask777\\Desktop\\projects\\PHP\\laravel10-api-passport\\vendor\\laravel\\framework\\src\\Illuminate\\Support\\Facades\\Facade.php(349): Illuminate\\Support\\Facades\\Facade::getFacadeRoot()
#10 C:\\Users\\hask777\\Desktop\\projects\\PHP\\laravel10-api-passport\\vendor\\lavary\\laravel-menu\\src\\Lavary\\Menu\\ServiceProvider.php(70): Illuminate\\Support\\Facades\\Facade::__callStatic()
#11 C:\\Users\\hask777\\Desktop\\projects\\PHP\\laravel10-api-passport\\vendor\\lavary\\laravel-menu\\src\\Lavary\\Menu\\ServiceProvider.php(94): Lavary\\Menu\\ServiceProvider->bladeDirectives()
#12 C:\\Users\\hask777\\Desktop\\projects\\PHP\\laravel10-api-passport\\vendor\\laravel\\framework\\src\\Illuminate\\Container\\BoundMethod.php(36): Lavary\\Menu\\ServiceProvider->boot()
#13 C:\\Users\\hask777\\Desktop\\projects\\PHP\\laravel10-api-passport\\vendor\\laravel\\framework\\src\\Illuminate\\Container\\Util.php(41): Illuminate\\Container\\BoundMethod::Illuminate\\Container\\{closure}()
#14 C:\\Users\\hask777\\Desktop\\projects\\PHP\\laravel10-api-passport\\vendor\\laravel\\framework\\src\\Illuminate\\Container\\BoundMethod.php(93): Illuminate\\Container\\Util::unwrapIfClosure()
#15 C:\\Users\\hask777\\Desktop\\projects\\PHP\\laravel10-api-passport\\vendor\\laravel\\framework\\src\\Illuminate\\Container\\BoundMethod.php(35): Illuminate\\Container\\BoundMethod::callBoundMethod()
#16 C:\\Users\\hask777\\Desktop\\projects\\PHP\\laravel10-api-passport\\vendor\\laravel\\framework\\src\\Illuminate\\Container\\Container.php(662): Illuminate\\Container\\BoundMethod::call()
#17 C:\\Users\\hask777\\Desktop\\projects\\PHP\\laravel10-api-passport\\vendor\\laravel\\framework\\src\\Illuminate\\Foundation\\Application.php(1059): Illuminate\\Container\\Container->call()
#18 C:\\Users\\hask777\\Desktop\\projects\\PHP\\laravel10-api-passport\\vendor\\laravel\\framework\\src\\Illuminate\\Foundation\\Application.php(1040): Illuminate\\Foundation\\Application->bootProvider()
#19 [internal function]: Illuminate\\Foundation\\Application->Illuminate\\Foundation\\{closure}()
#20 C:\\Users\\hask777\\Desktop\\projects\\PHP\\laravel10-api-passport\\vendor\\laravel\\framework\\src\\Illuminate\\Foundation\\Application.php(1039): array_walk()
#21 C:\\Users\\hask777\\Desktop\\projects\\PHP\\laravel10-api-passport\\vendor\\laravel\\framework\\src\\Illuminate\\Foundation\\Bootstrap\\BootProviders.php(17): Illuminate\\Foundation\\Application->boot()
#22 C:\\Users\\hask777\\Desktop\\projects\\PHP\\laravel10-api-passport\\vendor\\laravel\\framework\\src\\Illuminate\\Foundation\\Application.php(286): Illuminate\\Foundation\\Bootstrap\\BootProviders->bootstrap()
#23 C:\\Users\\hask777\\Desktop\\projects\\PHP\\laravel10-api-passport\\vendor\\laravel\\framework\\src\\Illuminate\\Foundation\\Console\\Kernel.php(447): Illuminate\\Foundation\\Application->bootstrapWith()
#24 C:\\Users\\hask777\\Desktop\\projects\\PHP\\laravel10-api-passport\\vendor\\laravel\\framework\\src\\Illuminate\\Foundation\\Console\\Kernel.php(199): Illuminate\\Foundation\\Console\\Kernel->bootstrap()
#25 C:\\Users\\hask777\\Desktop\\projects\\PHP\\laravel10-api-passport\\artisan(35): Illuminate\\Foundation\\Console\\Kernel->handle()
#26 {main}
"} 
[2025-03-16 13:02:07] local.ERROR: Please provide a valid cache path. {"exception":"[object] (InvalidArgumentException(code: 0): Please provide a valid cache path. at C:\\Users\\hask777\\Desktop\\projects\\PHP\\laravel10-api-passport\\vendor\\laravel\\framework\\src\\Illuminate\\View\\Compilers\\Compiler.php:67)
[stacktrace]
#0 C:\\Users\\hask777\\Desktop\\projects\\PHP\\laravel10-api-passport\\vendor\\laravel\\framework\\src\\Illuminate\\View\\ViewServiceProvider.php(97): Illuminate\\View\\Compilers\\Compiler->__construct()
#1 C:\\Users\\hask777\\Desktop\\projects\\PHP\\laravel10-api-passport\\vendor\\laravel\\framework\\src\\Illuminate\\Container\\Container.php(908): Illuminate\\View\\ViewServiceProvider->Illuminate\\View\\{closure}()
#2 C:\\Users\\hask777\\Desktop\\projects\\PHP\\laravel10-api-passport\\vendor\\laravel\\framework\\src\\Illuminate\\Container\\Container.php(795): Illuminate\\Container\\Container->build()
#3 C:\\Users\\hask777\\Desktop\\projects\\PHP\\laravel10-api-passport\\vendor\\laravel\\framework\\src\\Illuminate\\Foundation\\Application.php(986): Illuminate\\Container\\Container->resolve()
#4 C:\\Users\\hask777\\Desktop\\projects\\PHP\\laravel10-api-passport\\vendor\\laravel\\framework\\src\\Illuminate\\Container\\Container.php(731): Illuminate\\Foundation\\Application->resolve()
#5 C:\\Users\\hask777\\Desktop\\projects\\PHP\\laravel10-api-passport\\vendor\\laravel\\framework\\src\\Illuminate\\Foundation\\Application.php(971): Illuminate\\Container\\Container->make()
#6 C:\\Users\\hask777\\Desktop\\projects\\PHP\\laravel10-api-passport\\vendor\\laravel\\framework\\src\\Illuminate\\Container\\Container.php(1454): Illuminate\\Foundation\\Application->make()
#7 C:\\Users\\hask777\\Desktop\\projects\\PHP\\laravel10-api-passport\\vendor\\laravel\\framework\\src\\Illuminate\\Support\\Facades\\Facade.php(237): Illuminate\\Container\\Container->offsetGet()
#8 C:\\Users\\hask777\\Desktop\\projects\\PHP\\laravel10-api-passport\\vendor\\laravel\\framework\\src\\Illuminate\\Support\\Facades\\Facade.php(208): Illuminate\\Support\\Facades\\Facade::resolveFacadeInstance()
#9 C:\\Users\\hask777\\Desktop\\projects\\PHP\\laravel10-api-passport\\vendor\\laravel\\framework\\src\\Illuminate\\Support\\Facades\\Facade.php(349): Illuminate\\Support\\Facades\\Facade::getFacadeRoot()
#10 C:\\Users\\hask777\\Desktop\\projects\\PHP\\laravel10-api-passport\\vendor\\lavary\\laravel-menu\\src\\Lavary\\Menu\\ServiceProvider.php(70): Illuminate\\Support\\Facades\\Facade::__callStatic()
#11 C:\\Users\\hask777\\Desktop\\projects\\PHP\\laravel10-api-passport\\vendor\\lavary\\laravel-menu\\src\\Lavary\\Menu\\ServiceProvider.php(94): Lavary\\Menu\\ServiceProvider->bladeDirectives()
#12 C:\\Users\\hask777\\Desktop\\projects\\PHP\\laravel10-api-passport\\vendor\\laravel\\framework\\src\\Illuminate\\Container\\BoundMethod.php(36): Lavary\\Menu\\ServiceProvider->boot()
#13 C:\\Users\\hask777\\Desktop\\projects\\PHP\\laravel10-api-passport\\vendor\\laravel\\framework\\src\\Illuminate\\Container\\Util.php(41): Illuminate\\Container\\BoundMethod::Illuminate\\Container\\{closure}()
#14 C:\\Users\\hask777\\Desktop\\projects\\PHP\\laravel10-api-passport\\vendor\\laravel\\framework\\src\\Illuminate\\Container\\BoundMethod.php(93): Illuminate\\Container\\Util::unwrapIfClosure()
#15 C:\\Users\\hask777\\Desktop\\projects\\PHP\\laravel10-api-passport\\vendor\\laravel\\framework\\src\\Illuminate\\Container\\BoundMethod.php(35): Illuminate\\Container\\BoundMethod::callBoundMethod()
#16 C:\\Users\\hask777\\Desktop\\projects\\PHP\\laravel10-api-passport\\vendor\\laravel\\framework\\src\\Illuminate\\Container\\Container.php(662): Illuminate\\Container\\BoundMethod::call()
#17 C:\\Users\\hask777\\Desktop\\projects\\PHP\\laravel10-api-passport\\vendor\\laravel\\framework\\src\\Illuminate\\Foundation\\Application.php(1059): Illuminate\\Container\\Container->call()
#18 C:\\Users\\hask777\\Desktop\\projects\\PHP\\laravel10-api-passport\\vendor\\laravel\\framework\\src\\Illuminate\\Foundation\\Application.php(1040): Illuminate\\Foundation\\Application->bootProvider()
#19 [internal function]: Illuminate\\Foundation\\Application->Illuminate\\Foundation\\{closure}()
#20 C:\\Users\\hask777\\Desktop\\projects\\PHP\\laravel10-api-passport\\vendor\\laravel\\framework\\src\\Illuminate\\Foundation\\Application.php(1039): array_walk()
#21 C:\\Users\\hask777\\Desktop\\projects\\PHP\\laravel10-api-passport\\vendor\\laravel\\framework\\src\\Illuminate\\Foundation\\Bootstrap\\BootProviders.php(17): Illuminate\\Foundation\\Application->boot()
#22 C:\\Users\\hask777\\Desktop\\projects\\PHP\\laravel10-api-passport\\vendor\\laravel\\framework\\src\\Illuminate\\Foundation\\Application.php(286): Illuminate\\Foundation\\Bootstrap\\BootProviders->bootstrap()
#23 C:\\Users\\hask777\\Desktop\\projects\\PHP\\laravel10-api-passport\\vendor\\laravel\\framework\\src\\Illuminate\\Foundation\\Console\\Kernel.php(447): Illuminate\\Foundation\\Application->bootstrapWith()
#24 C:\\Users\\hask777\\Desktop\\projects\\PHP\\laravel10-api-passport\\vendor\\laravel\\framework\\src\\Illuminate\\Foundation\\Console\\Kernel.php(199): Illuminate\\Foundation\\Console\\Kernel->bootstrap()
#25 C:\\Users\\hask777\\Desktop\\projects\\PHP\\laravel10-api-passport\\artisan(35): Illuminate\\Foundation\\Console\\Kernel->handle()
#26 {main}
"} 
[2025-03-16 13:02:24] local.ERROR: Please provide a valid cache path. {"exception":"[object] (InvalidArgumentException(code: 0): Please provide a valid cache path. at C:\\Users\\hask777\\Desktop\\projects\\PHP\\laravel10-api-passport\\vendor\\laravel\\framework\\src\\Illuminate\\View\\Compilers\\Compiler.php:67)
[stacktrace]
#0 C:\\Users\\hask777\\Desktop\\projects\\PHP\\laravel10-api-passport\\vendor\\laravel\\framework\\src\\Illuminate\\View\\ViewServiceProvider.php(97): Illuminate\\View\\Compilers\\Compiler->__construct()
#1 C:\\Users\\hask777\\Desktop\\projects\\PHP\\laravel10-api-passport\\vendor\\laravel\\framework\\src\\Illuminate\\Container\\Container.php(908): Illuminate\\View\\ViewServiceProvider->Illuminate\\View\\{closure}()
#2 C:\\Users\\hask777\\Desktop\\projects\\PHP\\laravel10-api-passport\\vendor\\laravel\\framework\\src\\Illuminate\\Container\\Container.php(795): Illuminate\\Container\\Container->build()
#3 C:\\Users\\hask777\\Desktop\\projects\\PHP\\laravel10-api-passport\\vendor\\laravel\\framework\\src\\Illuminate\\Foundation\\Application.php(986): Illuminate\\Container\\Container->resolve()
#4 C:\\Users\\hask777\\Desktop\\projects\\PHP\\laravel10-api-passport\\vendor\\laravel\\framework\\src\\Illuminate\\Container\\Container.php(731): Illuminate\\Foundation\\Application->resolve()
#5 C:\\Users\\hask777\\Desktop\\projects\\PHP\\laravel10-api-passport\\vendor\\laravel\\framework\\src\\Illuminate\\Foundation\\Application.php(971): Illuminate\\Container\\Container->make()
#6 C:\\Users\\hask777\\Desktop\\projects\\PHP\\laravel10-api-passport\\vendor\\laravel\\framework\\src\\Illuminate\\Container\\Container.php(1454): Illuminate\\Foundation\\Application->make()
#7 C:\\Users\\hask777\\Desktop\\projects\\PHP\\laravel10-api-passport\\vendor\\laravel\\framework\\src\\Illuminate\\Support\\Facades\\Facade.php(237): Illuminate\\Container\\Container->offsetGet()
#8 C:\\Users\\hask777\\Desktop\\projects\\PHP\\laravel10-api-passport\\vendor\\laravel\\framework\\src\\Illuminate\\Support\\Facades\\Facade.php(208): Illuminate\\Support\\Facades\\Facade::resolveFacadeInstance()
#9 C:\\Users\\hask777\\Desktop\\projects\\PHP\\laravel10-api-passport\\vendor\\laravel\\framework\\src\\Illuminate\\Support\\Facades\\Facade.php(349): Illuminate\\Support\\Facades\\Facade::getFacadeRoot()
#10 C:\\Users\\hask777\\Desktop\\projects\\PHP\\laravel10-api-passport\\vendor\\lavary\\laravel-menu\\src\\Lavary\\Menu\\ServiceProvider.php(70): Illuminate\\Support\\Facades\\Facade::__callStatic()
#11 C:\\Users\\hask777\\Desktop\\projects\\PHP\\laravel10-api-passport\\vendor\\lavary\\laravel-menu\\src\\Lavary\\Menu\\ServiceProvider.php(94): Lavary\\Menu\\ServiceProvider->bladeDirectives()
#12 C:\\Users\\hask777\\Desktop\\projects\\PHP\\laravel10-api-passport\\vendor\\laravel\\framework\\src\\Illuminate\\Container\\BoundMethod.php(36): Lavary\\Menu\\ServiceProvider->boot()
#13 C:\\Users\\hask777\\Desktop\\projects\\PHP\\laravel10-api-passport\\vendor\\laravel\\framework\\src\\Illuminate\\Container\\Util.php(41): Illuminate\\Container\\BoundMethod::Illuminate\\Container\\{closure}()
#14 C:\\Users\\hask777\\Desktop\\projects\\PHP\\laravel10-api-passport\\vendor\\laravel\\framework\\src\\Illuminate\\Container\\BoundMethod.php(93): Illuminate\\Container\\Util::unwrapIfClosure()
#15 C:\\Users\\hask777\\Desktop\\projects\\PHP\\laravel10-api-passport\\vendor\\laravel\\framework\\src\\Illuminate\\Container\\BoundMethod.php(35): Illuminate\\Container\\BoundMethod::callBoundMethod()
#16 C:\\Users\\hask777\\Desktop\\projects\\PHP\\laravel10-api-passport\\vendor\\laravel\\framework\\src\\Illuminate\\Container\\Container.php(662): Illuminate\\Container\\BoundMethod::call()
#17 C:\\Users\\hask777\\Desktop\\projects\\PHP\\laravel10-api-passport\\vendor\\laravel\\framework\\src\\Illuminate\\Foundation\\Application.php(1059): Illuminate\\Container\\Container->call()
#18 C:\\Users\\hask777\\Desktop\\projects\\PHP\\laravel10-api-passport\\vendor\\laravel\\framework\\src\\Illuminate\\Foundation\\Application.php(1040): Illuminate\\Foundation\\Application->bootProvider()
#19 [internal function]: Illuminate\\Foundation\\Application->Illuminate\\Foundation\\{closure}()
#20 C:\\Users\\hask777\\Desktop\\projects\\PHP\\laravel10-api-passport\\vendor\\laravel\\framework\\src\\Illuminate\\Foundation\\Application.php(1039): array_walk()
#21 C:\\Users\\hask777\\Desktop\\projects\\PHP\\laravel10-api-passport\\vendor\\laravel\\framework\\src\\Illuminate\\Foundation\\Bootstrap\\BootProviders.php(17): Illuminate\\Foundation\\Application->boot()
#22 C:\\Users\\hask777\\Desktop\\projects\\PHP\\laravel10-api-passport\\vendor\\laravel\\framework\\src\\Illuminate\\Foundation\\Application.php(286): Illuminate\\Foundation\\Bootstrap\\BootProviders->bootstrap()
#23 C:\\Users\\hask777\\Desktop\\projects\\PHP\\laravel10-api-passport\\vendor\\laravel\\framework\\src\\Illuminate\\Foundation\\Console\\Kernel.php(447): Illuminate\\Foundation\\Application->bootstrapWith()
#24 C:\\Users\\hask777\\Desktop\\projects\\PHP\\laravel10-api-passport\\vendor\\laravel\\framework\\src\\Illuminate\\Foundation\\Console\\Kernel.php(199): Illuminate\\Foundation\\Console\\Kernel->bootstrap()
#25 C:\\Users\\hask777\\Desktop\\projects\\PHP\\laravel10-api-passport\\artisan(35): Illuminate\\Foundation\\Console\\Kernel->handle()
#26 {main}
"} 
[2025-03-16 13:03:13] local.ERROR: Please provide a valid cache path. {"exception":"[object] (InvalidArgumentException(code: 0): Please provide a valid cache path. at C:\\Users\\hask777\\Desktop\\projects\\PHP\\laravel10-api-passport\\vendor\\laravel\\framework\\src\\Illuminate\\View\\Compilers\\Compiler.php:67)
[stacktrace]
#0 C:\\Users\\hask777\\Desktop\\projects\\PHP\\laravel10-api-passport\\vendor\\laravel\\framework\\src\\Illuminate\\View\\ViewServiceProvider.php(97): Illuminate\\View\\Compilers\\Compiler->__construct()
#1 C:\\Users\\hask777\\Desktop\\projects\\PHP\\laravel10-api-passport\\vendor\\laravel\\framework\\src\\Illuminate\\Container\\Container.php(908): Illuminate\\View\\ViewServiceProvider->Illuminate\\View\\{closure}()
#2 C:\\Users\\hask777\\Desktop\\projects\\PHP\\laravel10-api-passport\\vendor\\laravel\\framework\\src\\Illuminate\\Container\\Container.php(795): Illuminate\\Container\\Container->build()
#3 C:\\Users\\hask777\\Desktop\\projects\\PHP\\laravel10-api-passport\\vendor\\laravel\\framework\\src\\Illuminate\\Foundation\\Application.php(986): Illuminate\\Container\\Container->resolve()
#4 C:\\Users\\hask777\\Desktop\\projects\\PHP\\laravel10-api-passport\\vendor\\laravel\\framework\\src\\Illuminate\\Container\\Container.php(731): Illuminate\\Foundation\\Application->resolve()
#5 C:\\Users\\hask777\\Desktop\\projects\\PHP\\laravel10-api-passport\\vendor\\laravel\\framework\\src\\Illuminate\\Foundation\\Application.php(971): Illuminate\\Container\\Container->make()
#6 C:\\Users\\hask777\\Desktop\\projects\\PHP\\laravel10-api-passport\\vendor\\laravel\\framework\\src\\Illuminate\\Container\\Container.php(1454): Illuminate\\Foundation\\Application->make()
#7 C:\\Users\\hask777\\Desktop\\projects\\PHP\\laravel10-api-passport\\vendor\\laravel\\framework\\src\\Illuminate\\Support\\Facades\\Facade.php(237): Illuminate\\Container\\Container->offsetGet()
#8 C:\\Users\\hask777\\Desktop\\projects\\PHP\\laravel10-api-passport\\vendor\\laravel\\framework\\src\\Illuminate\\Support\\Facades\\Facade.php(208): Illuminate\\Support\\Facades\\Facade::resolveFacadeInstance()
#9 C:\\Users\\hask777\\Desktop\\projects\\PHP\\laravel10-api-passport\\vendor\\laravel\\framework\\src\\Illuminate\\Support\\Facades\\Facade.php(349): Illuminate\\Support\\Facades\\Facade::getFacadeRoot()
#10 C:\\Users\\hask777\\Desktop\\projects\\PHP\\laravel10-api-passport\\vendor\\lavary\\laravel-menu\\src\\Lavary\\Menu\\ServiceProvider.php(70): Illuminate\\Support\\Facades\\Facade::__callStatic()
#11 C:\\Users\\hask777\\Desktop\\projects\\PHP\\laravel10-api-passport\\vendor\\lavary\\laravel-menu\\src\\Lavary\\Menu\\ServiceProvider.php(94): Lavary\\Menu\\ServiceProvider->bladeDirectives()
#12 C:\\Users\\hask777\\Desktop\\projects\\PHP\\laravel10-api-passport\\vendor\\laravel\\framework\\src\\Illuminate\\Container\\BoundMethod.php(36): Lavary\\Menu\\ServiceProvider->boot()
#13 C:\\Users\\hask777\\Desktop\\projects\\PHP\\laravel10-api-passport\\vendor\\laravel\\framework\\src\\Illuminate\\Container\\Util.php(41): Illuminate\\Container\\BoundMethod::Illuminate\\Container\\{closure}()
#14 C:\\Users\\hask777\\Desktop\\projects\\PHP\\laravel10-api-passport\\vendor\\laravel\\framework\\src\\Illuminate\\Container\\BoundMethod.php(93): Illuminate\\Container\\Util::unwrapIfClosure()
#15 C:\\Users\\hask777\\Desktop\\projects\\PHP\\laravel10-api-passport\\vendor\\laravel\\framework\\src\\Illuminate\\Container\\BoundMethod.php(35): Illuminate\\Container\\BoundMethod::callBoundMethod()
#16 C:\\Users\\hask777\\Desktop\\projects\\PHP\\laravel10-api-passport\\vendor\\laravel\\framework\\src\\Illuminate\\Container\\Container.php(662): Illuminate\\Container\\BoundMethod::call()
#17 C:\\Users\\hask777\\Desktop\\projects\\PHP\\laravel10-api-passport\\vendor\\laravel\\framework\\src\\Illuminate\\Foundation\\Application.php(1059): Illuminate\\Container\\Container->call()
#18 C:\\Users\\hask777\\Desktop\\projects\\PHP\\laravel10-api-passport\\vendor\\laravel\\framework\\src\\Illuminate\\Foundation\\Application.php(1040): Illuminate\\Foundation\\Application->bootProvider()
#19 [internal function]: Illuminate\\Foundation\\Application->Illuminate\\Foundation\\{closure}()
#20 C:\\Users\\hask777\\Desktop\\projects\\PHP\\laravel10-api-passport\\vendor\\laravel\\framework\\src\\Illuminate\\Foundation\\Application.php(1039): array_walk()
#21 C:\\Users\\hask777\\Desktop\\projects\\PHP\\laravel10-api-passport\\vendor\\laravel\\framework\\src\\Illuminate\\Foundation\\Bootstrap\\BootProviders.php(17): Illuminate\\Foundation\\Application->boot()
#22 C:\\Users\\hask777\\Desktop\\projects\\PHP\\laravel10-api-passport\\vendor\\laravel\\framework\\src\\Illuminate\\Foundation\\Application.php(286): Illuminate\\Foundation\\Bootstrap\\BootProviders->bootstrap()
#23 C:\\Users\\hask777\\Desktop\\projects\\PHP\\laravel10-api-passport\\vendor\\laravel\\framework\\src\\Illuminate\\Foundation\\Console\\Kernel.php(447): Illuminate\\Foundation\\Application->bootstrapWith()
#24 C:\\Users\\hask777\\Desktop\\projects\\PHP\\laravel10-api-passport\\vendor\\laravel\\framework\\src\\Illuminate\\Foundation\\Console\\Kernel.php(199): Illuminate\\Foundation\\Console\\Kernel->bootstrap()
#25 C:\\Users\\hask777\\Desktop\\projects\\PHP\\laravel10-api-passport\\artisan(35): Illuminate\\Foundation\\Console\\Kernel->handle()
#26 {main}
"} 
[2025-03-16 13:03:45] local.ERROR: Please provide a valid cache path. {"exception":"[object] (InvalidArgumentException(code: 0): Please provide a valid cache path. at C:\\Users\\hask777\\Desktop\\projects\\PHP\\laravel10-api-passport\\vendor\\laravel\\framework\\src\\Illuminate\\View\\Compilers\\Compiler.php:67)
[stacktrace]
#0 C:\\Users\\hask777\\Desktop\\projects\\PHP\\laravel10-api-passport\\vendor\\laravel\\framework\\src\\Illuminate\\View\\ViewServiceProvider.php(97): Illuminate\\View\\Compilers\\Compiler->__construct()
#1 C:\\Users\\hask777\\Desktop\\projects\\PHP\\laravel10-api-passport\\vendor\\laravel\\framework\\src\\Illuminate\\Container\\Container.php(908): Illuminate\\View\\ViewServiceProvider->Illuminate\\View\\{closure}()
#2 C:\\Users\\hask777\\Desktop\\projects\\PHP\\laravel10-api-passport\\vendor\\laravel\\framework\\src\\Illuminate\\Container\\Container.php(795): Illuminate\\Container\\Container->build()
#3 C:\\Users\\hask777\\Desktop\\projects\\PHP\\laravel10-api-passport\\vendor\\laravel\\framework\\src\\Illuminate\\Foundation\\Application.php(986): Illuminate\\Container\\Container->resolve()
#4 C:\\Users\\hask777\\Desktop\\projects\\PHP\\laravel10-api-passport\\vendor\\laravel\\framework\\src\\Illuminate\\Container\\Container.php(731): Illuminate\\Foundation\\Application->resolve()
#5 C:\\Users\\hask777\\Desktop\\projects\\PHP\\laravel10-api-passport\\vendor\\laravel\\framework\\src\\Illuminate\\Foundation\\Application.php(971): Illuminate\\Container\\Container->make()
#6 C:\\Users\\hask777\\Desktop\\projects\\PHP\\laravel10-api-passport\\vendor\\laravel\\framework\\src\\Illuminate\\Container\\Container.php(1454): Illuminate\\Foundation\\Application->make()
#7 C:\\Users\\hask777\\Desktop\\projects\\PHP\\laravel10-api-passport\\vendor\\laravel\\framework\\src\\Illuminate\\Support\\Facades\\Facade.php(237): Illuminate\\Container\\Container->offsetGet()
#8 C:\\Users\\hask777\\Desktop\\projects\\PHP\\laravel10-api-passport\\vendor\\laravel\\framework\\src\\Illuminate\\Support\\Facades\\Facade.php(208): Illuminate\\Support\\Facades\\Facade::resolveFacadeInstance()
#9 C:\\Users\\hask777\\Desktop\\projects\\PHP\\laravel10-api-passport\\vendor\\laravel\\framework\\src\\Illuminate\\Support\\Facades\\Facade.php(349): Illuminate\\Support\\Facades\\Facade::getFacadeRoot()
#10 C:\\Users\\hask777\\Desktop\\projects\\PHP\\laravel10-api-passport\\vendor\\lavary\\laravel-menu\\src\\Lavary\\Menu\\ServiceProvider.php(70): Illuminate\\Support\\Facades\\Facade::__callStatic()
#11 C:\\Users\\hask777\\Desktop\\projects\\PHP\\laravel10-api-passport\\vendor\\lavary\\laravel-menu\\src\\Lavary\\Menu\\ServiceProvider.php(94): Lavary\\Menu\\ServiceProvider->bladeDirectives()
#12 C:\\Users\\hask777\\Desktop\\projects\\PHP\\laravel10-api-passport\\vendor\\laravel\\framework\\src\\Illuminate\\Container\\BoundMethod.php(36): Lavary\\Menu\\ServiceProvider->boot()
#13 C:\\Users\\hask777\\Desktop\\projects\\PHP\\laravel10-api-passport\\vendor\\laravel\\framework\\src\\Illuminate\\Container\\Util.php(41): Illuminate\\Container\\BoundMethod::Illuminate\\Container\\{closure}()
#14 C:\\Users\\hask777\\Desktop\\projects\\PHP\\laravel10-api-passport\\vendor\\laravel\\framework\\src\\Illuminate\\Container\\BoundMethod.php(93): Illuminate\\Container\\Util::unwrapIfClosure()
#15 C:\\Users\\hask777\\Desktop\\projects\\PHP\\laravel10-api-passport\\vendor\\laravel\\framework\\src\\Illuminate\\Container\\BoundMethod.php(35): Illuminate\\Container\\BoundMethod::callBoundMethod()
#16 C:\\Users\\hask777\\Desktop\\projects\\PHP\\laravel10-api-passport\\vendor\\laravel\\framework\\src\\Illuminate\\Container\\Container.php(662): Illuminate\\Container\\BoundMethod::call()
#17 C:\\Users\\hask777\\Desktop\\projects\\PHP\\laravel10-api-passport\\vendor\\laravel\\framework\\src\\Illuminate\\Foundation\\Application.php(1059): Illuminate\\Container\\Container->call()
#18 C:\\Users\\hask777\\Desktop\\projects\\PHP\\laravel10-api-passport\\vendor\\laravel\\framework\\src\\Illuminate\\Foundation\\Application.php(1040): Illuminate\\Foundation\\Application->bootProvider()
#19 [internal function]: Illuminate\\Foundation\\Application->Illuminate\\Foundation\\{closure}()
#20 C:\\Users\\hask777\\Desktop\\projects\\PHP\\laravel10-api-passport\\vendor\\laravel\\framework\\src\\Illuminate\\Foundation\\Application.php(1039): array_walk()
#21 C:\\Users\\hask777\\Desktop\\projects\\PHP\\laravel10-api-passport\\vendor\\laravel\\framework\\src\\Illuminate\\Foundation\\Bootstrap\\BootProviders.php(17): Illuminate\\Foundation\\Application->boot()
#22 C:\\Users\\hask777\\Desktop\\projects\\PHP\\laravel10-api-passport\\vendor\\laravel\\framework\\src\\Illuminate\\Foundation\\Application.php(286): Illuminate\\Foundation\\Bootstrap\\BootProviders->bootstrap()
#23 C:\\Users\\hask777\\Desktop\\projects\\PHP\\laravel10-api-passport\\vendor\\laravel\\framework\\src\\Illuminate\\Foundation\\Console\\Kernel.php(447): Illuminate\\Foundation\\Application->bootstrapWith()
#24 C:\\Users\\hask777\\Desktop\\projects\\PHP\\laravel10-api-passport\\vendor\\laravel\\framework\\src\\Illuminate\\Foundation\\Console\\Kernel.php(199): Illuminate\\Foundation\\Console\\Kernel->bootstrap()
#25 C:\\Users\\hask777\\Desktop\\projects\\PHP\\laravel10-api-passport\\artisan(35): Illuminate\\Foundation\\Console\\Kernel->handle()
#26 {main}
"} 
[2025-03-16 13:07:12] local.ERROR: Trait "Laravel\Passport\HasApiTokens" not found {"exception":"[object] (Symfony\\Component\\ErrorHandler\\Error\\FatalError(code: 0): Trait \"Laravel\\Passport\\HasApiTokens\" not found at C:\\Users\\hask777\\Desktop\\projects\\PHP\\laravel10-api-passport\\app\\Modules\\Admin\\User\\Models\\User.php:10)
[stacktrace]
#0 {main}
"} 
[2025-03-16 13:12:57] local.ERROR: Call to undefined method Laravel\Passport\Passport::routes() {"exception":"[object] (Error(code: 0): Call to undefined method Laravel\\Passport\\Passport::routes() at C:\\Users\\hask777\\Desktop\\projects\\PHP\\laravel10-api-passport\\app\\Providers\\AuthServiceProvider.php:32)
[stacktrace]
#0 C:\\Users\\hask777\\Desktop\\projects\\PHP\\laravel10-api-passport\\vendor\\laravel\\framework\\src\\Illuminate\\Container\\BoundMethod.php(36): App\\Providers\\AuthServiceProvider->boot()
#1 C:\\Users\\hask777\\Desktop\\projects\\PHP\\laravel10-api-passport\\vendor\\laravel\\framework\\src\\Illuminate\\Container\\Util.php(41): Illuminate\\Container\\BoundMethod::Illuminate\\Container\\{closure}()
#2 C:\\Users\\hask777\\Desktop\\projects\\PHP\\laravel10-api-passport\\vendor\\laravel\\framework\\src\\Illuminate\\Container\\BoundMethod.php(93): Illuminate\\Container\\Util::unwrapIfClosure()
#3 C:\\Users\\hask777\\Desktop\\projects\\PHP\\laravel10-api-passport\\vendor\\laravel\\framework\\src\\Illuminate\\Container\\BoundMethod.php(35): Illuminate\\Container\\BoundMethod::callBoundMethod()
#4 C:\\Users\\hask777\\Desktop\\projects\\PHP\\laravel10-api-passport\\vendor\\laravel\\framework\\src\\Illuminate\\Container\\Container.php(662): Illuminate\\Container\\BoundMethod::call()
#5 C:\\Users\\hask777\\Desktop\\projects\\PHP\\laravel10-api-passport\\vendor\\laravel\\framework\\src\\Illuminate\\Foundation\\Application.php(1059): Illuminate\\Container\\Container->call()
#6 C:\\Users\\hask777\\Desktop\\projects\\PHP\\laravel10-api-passport\\vendor\\laravel\\framework\\src\\Illuminate\\Foundation\\Application.php(1040): Illuminate\\Foundation\\Application->bootProvider()
#7 [internal function]: Illuminate\\Foundation\\Application->Illuminate\\Foundation\\{closure}()
#8 C:\\Users\\hask777\\Desktop\\projects\\PHP\\laravel10-api-passport\\vendor\\laravel\\framework\\src\\Illuminate\\Foundation\\Application.php(1039): array_walk()
#9 C:\\Users\\hask777\\Desktop\\projects\\PHP\\laravel10-api-passport\\vendor\\laravel\\framework\\src\\Illuminate\\Foundation\\Bootstrap\\BootProviders.php(17): Illuminate\\Foundation\\Application->boot()
#10 C:\\Users\\hask777\\Desktop\\projects\\PHP\\laravel10-api-passport\\vendor\\laravel\\framework\\src\\Illuminate\\Foundation\\Application.php(286): Illuminate\\Foundation\\Bootstrap\\BootProviders->bootstrap()
#11 C:\\Users\\hask777\\Desktop\\projects\\PHP\\laravel10-api-passport\\vendor\\laravel\\framework\\src\\Illuminate\\Foundation\\Http\\Kernel.php(186): Illuminate\\Foundation\\Application->bootstrapWith()
#12 C:\\Users\\hask777\\Desktop\\projects\\PHP\\laravel10-api-passport\\vendor\\laravel\\framework\\src\\Illuminate\\Foundation\\Http\\Kernel.php(170): Illuminate\\Foundation\\Http\\Kernel->bootstrap()
#13 C:\\Users\\hask777\\Desktop\\projects\\PHP\\laravel10-api-passport\\vendor\\laravel\\framework\\src\\Illuminate\\Foundation\\Http\\Kernel.php(144): Illuminate\\Foundation\\Http\\Kernel->sendRequestThroughRouter()
#14 C:\\Users\\hask777\\Desktop\\projects\\PHP\\laravel10-api-passport\\public\\index.php(51): Illuminate\\Foundation\\Http\\Kernel->handle()
#15 C:\\Users\\hask777\\Desktop\\projects\\PHP\\laravel10-api-passport\\vendor\\laravel\\framework\\src\\Illuminate\\Foundation\\resources\\server.php(16): require_once('...')
#16 {main}
"} 
[2025-03-16 13:16:06] local.ERROR: The resource owner or authorization server denied the request. {"exception":"[object] (League\\OAuth2\\Server\\Exception\\OAuthServerException(code: 9): The resource owner or authorization server denied the request. at C:\\Users\\hask777\\Desktop\\projects\\PHP\\laravel10-api-passport\\vendor\\league\\oauth2-server\\src\\Exception\\OAuthServerException.php:243)
[stacktrace]
#0 C:\\Users\\hask777\\Desktop\\projects\\PHP\\laravel10-api-passport\\vendor\\league\\oauth2-server\\src\\AuthorizationValidators\\BearerTokenValidator.php(108): League\\OAuth2\\Server\\Exception\\OAuthServerException::accessDenied()
#1 C:\\Users\\hask777\\Desktop\\projects\\PHP\\laravel10-api-passport\\vendor\\league\\oauth2-server\\src\\ResourceServer.php(84): League\\OAuth2\\Server\\AuthorizationValidators\\BearerTokenValidator->validateAuthorization()
#2 C:\\Users\\hask777\\Desktop\\projects\\PHP\\laravel10-api-passport\\vendor\\laravel\\passport\\src\\Guards\\TokenGuard.php(232): League\\OAuth2\\Server\\ResourceServer->validateAuthenticatedRequest()
#3 C:\\Users\\hask777\\Desktop\\projects\\PHP\\laravel10-api-passport\\vendor\\laravel\\passport\\src\\Guards\\TokenGuard.php(178): Laravel\\Passport\\Guards\\TokenGuard->getPsrRequestViaBearerToken()
#4 C:\\Users\\hask777\\Desktop\\projects\\PHP\\laravel10-api-passport\\vendor\\laravel\\passport\\src\\Guards\\TokenGuard.php(120): Laravel\\Passport\\Guards\\TokenGuard->authenticateViaBearerToken()
#5 C:\\Users\\hask777\\Desktop\\projects\\PHP\\laravel10-api-passport\\vendor\\laravel\\framework\\src\\Illuminate\\Auth\\GuardHelpers.php(56): Laravel\\Passport\\Guards\\TokenGuard->user()
#6 C:\\Users\\hask777\\Desktop\\projects\\PHP\\laravel10-api-passport\\vendor\\laravel\\framework\\src\\Illuminate\\Auth\\Middleware\\Authenticate.php(76): Laravel\\Passport\\Guards\\TokenGuard->check()
#7 C:\\Users\\hask777\\Desktop\\projects\\PHP\\laravel10-api-passport\\vendor\\laravel\\framework\\src\\Illuminate\\Auth\\Middleware\\Authenticate.php(55): Illuminate\\Auth\\Middleware\\Authenticate->authenticate()
#8 C:\\Users\\hask777\\Desktop\\projects\\PHP\\laravel10-api-passport\\vendor\\laravel\\framework\\src\\Illuminate\\Pipeline\\Pipeline.php(183): Illuminate\\Auth\\Middleware\\Authenticate->handle()
#9 C:\\Users\\hask777\\Desktop\\projects\\PHP\\laravel10-api-passport\\vendor\\laravel\\framework\\src\\Illuminate\\Pipeline\\Pipeline.php(119): Illuminate\\Pipeline\\Pipeline->Illuminate\\Pipeline\\{closure}()
#10 C:\\Users\\hask777\\Desktop\\projects\\PHP\\laravel10-api-passport\\vendor\\laravel\\framework\\src\\Illuminate\\Routing\\Router.php(805): Illuminate\\Pipeline\\Pipeline->then()
#11 C:\\Users\\hask777\\Desktop\\projects\\PHP\\laravel10-api-passport\\vendor\\laravel\\framework\\src\\Illuminate\\Routing\\Router.php(784): Illuminate\\Routing\\Router->runRouteWithinStack()
#12 C:\\Users\\hask777\\Desktop\\projects\\PHP\\laravel10-api-passport\\vendor\\laravel\\framework\\src\\Illuminate\\Routing\\Router.php(748): Illuminate\\Routing\\Router->runRoute()
#13 C:\\Users\\hask777\\Desktop\\projects\\PHP\\laravel10-api-passport\\vendor\\laravel\\framework\\src\\Illuminate\\Routing\\Router.php(737): Illuminate\\Routing\\Router->dispatchToRoute()
#14 C:\\Users\\hask777\\Desktop\\projects\\PHP\\laravel10-api-passport\\vendor\\laravel\\framework\\src\\Illuminate\\Foundation\\Http\\Kernel.php(200): Illuminate\\Routing\\Router->dispatch()
#15 C:\\Users\\hask777\\Desktop\\projects\\PHP\\laravel10-api-passport\\vendor\\laravel\\framework\\src\\Illuminate\\Pipeline\\Pipeline.php(144): Illuminate\\Foundation\\Http\\Kernel->Illuminate\\Foundation\\Http\\{closure}()
#16 C:\\Users\\hask777\\Desktop\\projects\\PHP\\laravel10-api-passport\\vendor\\laravel\\framework\\src\\Illuminate\\Foundation\\Http\\Middleware\\TransformsRequest.php(21): Illuminate\\Pipeline\\Pipeline->Illuminate\\Pipeline\\{closure}()
#17 C:\\Users\\hask777\\Desktop\\projects\\PHP\\laravel10-api-passport\\vendor\\laravel\\framework\\src\\Illuminate\\Foundation\\Http\\Middleware\\ConvertEmptyStringsToNull.php(31): Illuminate\\Foundation\\Http\\Middleware\\TransformsRequest->handle()
#18 C:\\Users\\hask777\\Desktop\\projects\\PHP\\laravel10-api-passport\\vendor\\laravel\\framework\\src\\Illuminate\\Pipeline\\Pipeline.php(183): Illuminate\\Foundation\\Http\\Middleware\\ConvertEmptyStringsToNull->handle()
#19 C:\\Users\\hask777\\Desktop\\projects\\PHP\\laravel10-api-passport\\vendor\\laravel\\framework\\src\\Illuminate\\Foundation\\Http\\Middleware\\TransformsRequest.php(21): Illuminate\\Pipeline\\Pipeline->Illuminate\\Pipeline\\{closure}()
#20 C:\\Users\\hask777\\Desktop\\projects\\PHP\\laravel10-api-passport\\vendor\\laravel\\framework\\src\\Illuminate\\Foundation\\Http\\Middleware\\TrimStrings.php(40): Illuminate\\Foundation\\Http\\Middleware\\TransformsRequest->handle()
#21 C:\\Users\\hask777\\Desktop\\projects\\PHP\\laravel10-api-passport\\vendor\\laravel\\framework\\src\\Illuminate\\Pipeline\\Pipeline.php(183): Illuminate\\Foundation\\Http\\Middleware\\TrimStrings->handle()
#22 C:\\Users\\hask777\\Desktop\\projects\\PHP\\laravel10-api-passport\\vendor\\laravel\\framework\\src\\Illuminate\\Foundation\\Http\\Middleware\\ValidatePostSize.php(27): Illuminate\\Pipeline\\Pipeline->Illuminate\\Pipeline\\{closure}()
#23 C:\\Users\\hask777\\Desktop\\projects\\PHP\\laravel10-api-passport\\vendor\\laravel\\framework\\src\\Illuminate\\Pipeline\\Pipeline.php(183): Illuminate\\Foundation\\Http\\Middleware\\ValidatePostSize->handle()
#24 C:\\Users\\hask777\\Desktop\\projects\\PHP\\laravel10-api-passport\\vendor\\laravel\\framework\\src\\Illuminate\\Foundation\\Http\\Middleware\\PreventRequestsDuringMaintenance.php(99): Illuminate\\Pipeline\\Pipeline->Illuminate\\Pipeline\\{closure}()
#25 C:\\Users\\hask777\\Desktop\\projects\\PHP\\laravel10-api-passport\\vendor\\laravel\\framework\\src\\Illuminate\\Pipeline\\Pipeline.php(183): Illuminate\\Foundation\\Http\\Middleware\\PreventRequestsDuringMaintenance->handle()
#26 C:\\Users\\hask777\\Desktop\\projects\\PHP\\laravel10-api-passport\\vendor\\laravel\\framework\\src\\Illuminate\\Http\\Middleware\\HandleCors.php(62): Illuminate\\Pipeline\\Pipeline->Illuminate\\Pipeline\\{closure}()
#27 C:\\Users\\hask777\\Desktop\\projects\\PHP\\laravel10-api-passport\\vendor\\laravel\\framework\\src\\Illuminate\\Pipeline\\Pipeline.php(183): Illuminate\\Http\\Middleware\\HandleCors->handle()
#28 C:\\Users\\hask777\\Desktop\\projects\\PHP\\laravel10-api-passport\\vendor\\laravel\\framework\\src\\Illuminate\\Http\\Middleware\\TrustProxies.php(39): Illuminate\\Pipeline\\Pipeline->Illuminate\\Pipeline\\{closure}()
#29 C:\\Users\\hask777\\Desktop\\projects\\PHP\\laravel10-api-passport\\vendor\\laravel\\framework\\src\\Illuminate\\Pipeline\\Pipeline.php(183): Illuminate\\Http\\Middleware\\TrustProxies->handle()
#30 C:\\Users\\hask777\\Desktop\\projects\\PHP\\laravel10-api-passport\\vendor\\laravel\\framework\\src\\Illuminate\\Pipeline\\Pipeline.php(119): Illuminate\\Pipeline\\Pipeline->Illuminate\\Pipeline\\{closure}()
#31 C:\\Users\\hask777\\Desktop\\projects\\PHP\\laravel10-api-passport\\vendor\\laravel\\framework\\src\\Illuminate\\Foundation\\Http\\Kernel.php(175): Illuminate\\Pipeline\\Pipeline->then()
#32 C:\\Users\\hask777\\Desktop\\projects\\PHP\\laravel10-api-passport\\vendor\\laravel\\framework\\src\\Illuminate\\Foundation\\Http\\Kernel.php(144): Illuminate\\Foundation\\Http\\Kernel->sendRequestThroughRouter()
#33 C:\\Users\\hask777\\Desktop\\projects\\PHP\\laravel10-api-passport\\public\\index.php(51): Illuminate\\Foundation\\Http\\Kernel->handle()
#34 C:\\Users\\hask777\\Desktop\\projects\\PHP\\laravel10-api-passport\\vendor\\laravel\\framework\\src\\Illuminate\\Foundation\\resources\\server.php(16): require_once('...')
#35 {main}

[previous exception] [object] (Lcobucci\\JWT\\Token\\InvalidTokenStructure(code: 0): The JWT string must have two dots at C:\\Users\\hask777\\Desktop\\projects\\PHP\\laravel10-api-passport\\vendor\\lcobucci\\jwt\\src\\Token\\InvalidTokenStructure.php:13)
[stacktrace]
#0 C:\\Users\\hask777\\Desktop\\projects\\PHP\\laravel10-api-passport\\vendor\\lcobucci\\jwt\\src\\Token\\Parser.php(65): Lcobucci\\JWT\\Token\\InvalidTokenStructure::missingOrNotEnoughSeparators()
#1 C:\\Users\\hask777\\Desktop\\projects\\PHP\\laravel10-api-passport\\vendor\\lcobucci\\jwt\\src\\Token\\Parser.php(28): Lcobucci\\JWT\\Token\\Parser->splitJwt()
#2 C:\\Users\\hask777\\Desktop\\projects\\PHP\\laravel10-api-passport\\vendor\\league\\oauth2-server\\src\\AuthorizationValidators\\BearerTokenValidator.php(106): Lcobucci\\JWT\\Token\\Parser->parse()
#3 C:\\Users\\hask777\\Desktop\\projects\\PHP\\laravel10-api-passport\\vendor\\league\\oauth2-server\\src\\ResourceServer.php(84): League\\OAuth2\\Server\\AuthorizationValidators\\BearerTokenValidator->validateAuthorization()
#4 C:\\Users\\hask777\\Desktop\\projects\\PHP\\laravel10-api-passport\\vendor\\laravel\\passport\\src\\Guards\\TokenGuard.php(232): League\\OAuth2\\Server\\ResourceServer->validateAuthenticatedRequest()
#5 C:\\Users\\hask777\\Desktop\\projects\\PHP\\laravel10-api-passport\\vendor\\laravel\\passport\\src\\Guards\\TokenGuard.php(178): Laravel\\Passport\\Guards\\TokenGuard->getPsrRequestViaBearerToken()
#6 C:\\Users\\hask777\\Desktop\\projects\\PHP\\laravel10-api-passport\\vendor\\laravel\\passport\\src\\Guards\\TokenGuard.php(120): Laravel\\Passport\\Guards\\TokenGuard->authenticateViaBearerToken()
#7 C:\\Users\\hask777\\Desktop\\projects\\PHP\\laravel10-api-passport\\vendor\\laravel\\framework\\src\\Illuminate\\Auth\\GuardHelpers.php(56): Laravel\\Passport\\Guards\\TokenGuard->user()
#8 C:\\Users\\hask777\\Desktop\\projects\\PHP\\laravel10-api-passport\\vendor\\laravel\\framework\\src\\Illuminate\\Auth\\Middleware\\Authenticate.php(76): Laravel\\Passport\\Guards\\TokenGuard->check()
#9 C:\\Users\\hask777\\Desktop\\projects\\PHP\\laravel10-api-passport\\vendor\\laravel\\framework\\src\\Illuminate\\Auth\\Middleware\\Authenticate.php(55): Illuminate\\Auth\\Middleware\\Authenticate->authenticate()
#10 C:\\Users\\hask777\\Desktop\\projects\\PHP\\laravel10-api-passport\\vendor\\laravel\\framework\\src\\Illuminate\\Pipeline\\Pipeline.php(183): Illuminate\\Auth\\Middleware\\Authenticate->handle()
#11 C:\\Users\\hask777\\Desktop\\projects\\PHP\\laravel10-api-passport\\vendor\\laravel\\framework\\src\\Illuminate\\Pipeline\\Pipeline.php(119): Illuminate\\Pipeline\\Pipeline->Illuminate\\Pipeline\\{closure}()
#12 C:\\Users\\hask777\\Desktop\\projects\\PHP\\laravel10-api-passport\\vendor\\laravel\\framework\\src\\Illuminate\\Routing\\Router.php(805): Illuminate\\Pipeline\\Pipeline->then()
#13 C:\\Users\\hask777\\Desktop\\projects\\PHP\\laravel10-api-passport\\vendor\\laravel\\framework\\src\\Illuminate\\Routing\\Router.php(784): Illuminate\\Routing\\Router->runRouteWithinStack()
#14 C:\\Users\\hask777\\Desktop\\projects\\PHP\\laravel10-api-passport\\vendor\\laravel\\framework\\src\\Illuminate\\Routing\\Router.php(748): Illuminate\\Routing\\Router->runRoute()
#15 C:\\Users\\hask777\\Desktop\\projects\\PHP\\laravel10-api-passport\\vendor\\laravel\\framework\\src\\Illuminate\\Routing\\Router.php(737): Illuminate\\Routing\\Router->dispatchToRoute()
#16 C:\\Users\\hask777\\Desktop\\projects\\PHP\\laravel10-api-passport\\vendor\\laravel\\framework\\src\\Illuminate\\Foundation\\Http\\Kernel.php(200): Illuminate\\Routing\\Router->dispatch()
#17 C:\\Users\\hask777\\Desktop\\projects\\PHP\\laravel10-api-passport\\vendor\\laravel\\framework\\src\\Illuminate\\Pipeline\\Pipeline.php(144): Illuminate\\Foundation\\Http\\Kernel->Illuminate\\Foundation\\Http\\{closure}()
#18 C:\\Users\\hask777\\Desktop\\projects\\PHP\\laravel10-api-passport\\vendor\\laravel\\framework\\src\\Illuminate\\Foundation\\Http\\Middleware\\TransformsRequest.php(21): Illuminate\\Pipeline\\Pipeline->Illuminate\\Pipeline\\{closure}()
#19 C:\\Users\\hask777\\Desktop\\projects\\PHP\\laravel10-api-passport\\vendor\\laravel\\framework\\src\\Illuminate\\Foundation\\Http\\Middleware\\ConvertEmptyStringsToNull.php(31): Illuminate\\Foundation\\Http\\Middleware\\TransformsRequest->handle()
#20 C:\\Users\\hask777\\Desktop\\projects\\PHP\\laravel10-api-passport\\vendor\\laravel\\framework\\src\\Illuminate\\Pipeline\\Pipeline.php(183): Illuminate\\Foundation\\Http\\Middleware\\ConvertEmptyStringsToNull->handle()
#21 C:\\Users\\hask777\\Desktop\\projects\\PHP\\laravel10-api-passport\\vendor\\laravel\\framework\\src\\Illuminate\\Foundation\\Http\\Middleware\\TransformsRequest.php(21): Illuminate\\Pipeline\\Pipeline->Illuminate\\Pipeline\\{closure}()
#22 C:\\Users\\hask777\\Desktop\\projects\\PHP\\laravel10-api-passport\\vendor\\laravel\\framework\\src\\Illuminate\\Foundation\\Http\\Middleware\\TrimStrings.php(40): Illuminate\\Foundation\\Http\\Middleware\\TransformsRequest->handle()
#23 C:\\Users\\hask777\\Desktop\\projects\\PHP\\laravel10-api-passport\\vendor\\laravel\\framework\\src\\Illuminate\\Pipeline\\Pipeline.php(183): Illuminate\\Foundation\\Http\\Middleware\\TrimStrings->handle()
#24 C:\\Users\\hask777\\Desktop\\projects\\PHP\\laravel10-api-passport\\vendor\\laravel\\framework\\src\\Illuminate\\Foundation\\Http\\Middleware\\ValidatePostSize.php(27): Illuminate\\Pipeline\\Pipeline->Illuminate\\Pipeline\\{closure}()
#25 C:\\Users\\hask777\\Desktop\\projects\\PHP\\laravel10-api-passport\\vendor\\laravel\\framework\\src\\Illuminate\\Pipeline\\Pipeline.php(183): Illuminate\\Foundation\\Http\\Middleware\\ValidatePostSize->handle()
#26 C:\\Users\\hask777\\Desktop\\projects\\PHP\\laravel10-api-passport\\vendor\\laravel\\framework\\src\\Illuminate\\Foundation\\Http\\Middleware\\PreventRequestsDuringMaintenance.php(99): Illuminate\\Pipeline\\Pipeline->Illuminate\\Pipeline\\{closure}()
#27 C:\\Users\\hask777\\Desktop\\projects\\PHP\\laravel10-api-passport\\vendor\\laravel\\framework\\src\\Illuminate\\Pipeline\\Pipeline.php(183): Illuminate\\Foundation\\Http\\Middleware\\PreventRequestsDuringMaintenance->handle()
#28 C:\\Users\\hask777\\Desktop\\projects\\PHP\\laravel10-api-passport\\vendor\\laravel\\framework\\src\\Illuminate\\Http\\Middleware\\HandleCors.php(62): Illuminate\\Pipeline\\Pipeline->Illuminate\\Pipeline\\{closure}()
#29 C:\\Users\\hask777\\Desktop\\projects\\PHP\\laravel10-api-passport\\vendor\\laravel\\framework\\src\\Illuminate\\Pipeline\\Pipeline.php(183): Illuminate\\Http\\Middleware\\HandleCors->handle()
#30 C:\\Users\\hask777\\Desktop\\projects\\PHP\\laravel10-api-passport\\vendor\\laravel\\framework\\src\\Illuminate\\Http\\Middleware\\TrustProxies.php(39): Illuminate\\Pipeline\\Pipeline->Illuminate\\Pipeline\\{closure}()
#31 C:\\Users\\hask777\\Desktop\\projects\\PHP\\laravel10-api-passport\\vendor\\laravel\\framework\\src\\Illuminate\\Pipeline\\Pipeline.php(183): Illuminate\\Http\\Middleware\\TrustProxies->handle()
#32 C:\\Users\\hask777\\Desktop\\projects\\PHP\\laravel10-api-passport\\vendor\\laravel\\framework\\src\\Illuminate\\Pipeline\\Pipeline.php(119): Illuminate\\Pipeline\\Pipeline->Illuminate\\Pipeline\\{closure}()
#33 C:\\Users\\hask777\\Desktop\\projects\\PHP\\laravel10-api-passport\\vendor\\laravel\\framework\\src\\Illuminate\\Foundation\\Http\\Kernel.php(175): Illuminate\\Pipeline\\Pipeline->then()
#34 C:\\Users\\hask777\\Desktop\\projects\\PHP\\laravel10-api-passport\\vendor\\laravel\\framework\\src\\Illuminate\\Foundation\\Http\\Kernel.php(144): Illuminate\\Foundation\\Http\\Kernel->sendRequestThroughRouter()
#35 C:\\Users\\hask777\\Desktop\\projects\\PHP\\laravel10-api-passport\\public\\index.php(51): Illuminate\\Foundation\\Http\\Kernel->handle()
#36 C:\\Users\\hask777\\Desktop\\projects\\PHP\\laravel10-api-passport\\vendor\\laravel\\framework\\src\\Illuminate\\Foundation\\resources\\server.php(16): require_once('...')
#37 {main}
"} 
[2025-03-16 13:18:37] local.ERROR: Undefined array key 0 {"exception":"[object] (ErrorException(code: 0): Undefined array key 0 at C:\\Users\\hask777\\Desktop\\projects\\PHP\\laravel10-api-passport\\vendor\\laravel\\framework\\src\\Illuminate\\Routing\\RouteRegistrar.php:277)
[stacktrace]
#0 C:\\Users\\hask777\\Desktop\\projects\\PHP\\laravel10-api-passport\\vendor\\laravel\\framework\\src\\Illuminate\\Foundation\\Bootstrap\\HandleExceptions.php(255): Illuminate\\Foundation\\Bootstrap\\HandleExceptions->handleError()
#1 C:\\Users\\hask777\\Desktop\\projects\\PHP\\laravel10-api-passport\\vendor\\laravel\\framework\\src\\Illuminate\\Routing\\RouteRegistrar.php(277): Illuminate\\Foundation\\Bootstrap\\HandleExceptions->Illuminate\\Foundation\\Bootstrap\\{closure}()
#2 C:\\Users\\hask777\\Desktop\\projects\\PHP\\laravel10-api-passport\\app\\Providers\\ModularProvider.php(49): Illuminate\\Routing\\RouteRegistrar->__call()
#3 C:\\Users\\hask777\\Desktop\\projects\\PHP\\laravel10-api-passport\\vendor\\laravel\\framework\\src\\Illuminate\\Routing\\Router.php(509): App\\Providers\\ModularProvider->App\\Providers\\{closure}()
#4 C:\\Users\\hask777\\Desktop\\projects\\PHP\\laravel10-api-passport\\vendor\\laravel\\framework\\src\\Illuminate\\Routing\\Router.php(465): Illuminate\\Routing\\Router->loadRoutes()
#5 C:\\Users\\hask777\\Desktop\\projects\\PHP\\laravel10-api-passport\\vendor\\laravel\\framework\\src\\Illuminate\\Support\\Facades\\Facade.php(355): Illuminate\\Routing\\Router->group()
#6 C:\\Users\\hask777\\Desktop\\projects\\PHP\\laravel10-api-passport\\app\\Providers\\ModularProvider.php(33): Illuminate\\Support\\Facades\\Facade::__callStatic()
#7 C:\\Users\\hask777\\Desktop\\projects\\PHP\\laravel10-api-passport\\vendor\\laravel\\framework\\src\\Illuminate\\Container\\BoundMethod.php(36): App\\Providers\\ModularProvider->boot()
#8 C:\\Users\\hask777\\Desktop\\projects\\PHP\\laravel10-api-passport\\vendor\\laravel\\framework\\src\\Illuminate\\Container\\Util.php(41): Illuminate\\Container\\BoundMethod::Illuminate\\Container\\{closure}()
#9 C:\\Users\\hask777\\Desktop\\projects\\PHP\\laravel10-api-passport\\vendor\\laravel\\framework\\src\\Illuminate\\Container\\BoundMethod.php(93): Illuminate\\Container\\Util::unwrapIfClosure()
#10 C:\\Users\\hask777\\Desktop\\projects\\PHP\\laravel10-api-passport\\vendor\\laravel\\framework\\src\\Illuminate\\Container\\BoundMethod.php(35): Illuminate\\Container\\BoundMethod::callBoundMethod()
#11 C:\\Users\\hask777\\Desktop\\projects\\PHP\\laravel10-api-passport\\vendor\\laravel\\framework\\src\\Illuminate\\Container\\Container.php(662): Illuminate\\Container\\BoundMethod::call()
#12 C:\\Users\\hask777\\Desktop\\projects\\PHP\\laravel10-api-passport\\vendor\\laravel\\framework\\src\\Illuminate\\Foundation\\Application.php(1059): Illuminate\\Container\\Container->call()
#13 C:\\Users\\hask777\\Desktop\\projects\\PHP\\laravel10-api-passport\\vendor\\laravel\\framework\\src\\Illuminate\\Foundation\\Application.php(1040): Illuminate\\Foundation\\Application->bootProvider()
#14 [internal function]: Illuminate\\Foundation\\Application->Illuminate\\Foundation\\{closure}()
#15 C:\\Users\\hask777\\Desktop\\projects\\PHP\\laravel10-api-passport\\vendor\\laravel\\framework\\src\\Illuminate\\Foundation\\Application.php(1039): array_walk()
#16 C:\\Users\\hask777\\Desktop\\projects\\PHP\\laravel10-api-passport\\vendor\\laravel\\framework\\src\\Illuminate\\Foundation\\Bootstrap\\BootProviders.php(17): Illuminate\\Foundation\\Application->boot()
#17 C:\\Users\\hask777\\Desktop\\projects\\PHP\\laravel10-api-passport\\vendor\\laravel\\framework\\src\\Illuminate\\Foundation\\Application.php(286): Illuminate\\Foundation\\Bootstrap\\BootProviders->bootstrap()
#18 C:\\Users\\hask777\\Desktop\\projects\\PHP\\laravel10-api-passport\\vendor\\laravel\\framework\\src\\Illuminate\\Foundation\\Http\\Kernel.php(186): Illuminate\\Foundation\\Application->bootstrapWith()
#19 C:\\Users\\hask777\\Desktop\\projects\\PHP\\laravel10-api-passport\\vendor\\laravel\\framework\\src\\Illuminate\\Foundation\\Http\\Kernel.php(170): Illuminate\\Foundation\\Http\\Kernel->bootstrap()
#20 C:\\Users\\hask777\\Desktop\\projects\\PHP\\laravel10-api-passport\\vendor\\laravel\\framework\\src\\Illuminate\\Foundation\\Http\\Kernel.php(144): Illuminate\\Foundation\\Http\\Kernel->sendRequestThroughRouter()
#21 C:\\Users\\hask777\\Desktop\\projects\\PHP\\laravel10-api-passport\\public\\index.php(51): Illuminate\\Foundation\\Http\\Kernel->handle()
#22 C:\\Users\\hask777\\Desktop\\projects\\PHP\\laravel10-api-passport\\vendor\\laravel\\framework\\src\\Illuminate\\Foundation\\resources\\server.php(16): require_once('...')
#23 {main}
"} 
[2025-03-16 13:18:46] local.ERROR: Undefined array key 0 {"exception":"[object] (ErrorException(code: 0): Undefined array key 0 at C:\\Users\\hask777\\Desktop\\projects\\PHP\\laravel10-api-passport\\vendor\\laravel\\framework\\src\\Illuminate\\Routing\\RouteRegistrar.php:277)
[stacktrace]
#0 C:\\Users\\hask777\\Desktop\\projects\\PHP\\laravel10-api-passport\\vendor\\laravel\\framework\\src\\Illuminate\\Foundation\\Bootstrap\\HandleExceptions.php(255): Illuminate\\Foundation\\Bootstrap\\HandleExceptions->handleError()
#1 C:\\Users\\hask777\\Desktop\\projects\\PHP\\laravel10-api-passport\\vendor\\laravel\\framework\\src\\Illuminate\\Routing\\RouteRegistrar.php(277): Illuminate\\Foundation\\Bootstrap\\HandleExceptions->Illuminate\\Foundation\\Bootstrap\\{closure}()
#2 C:\\Users\\hask777\\Desktop\\projects\\PHP\\laravel10-api-passport\\app\\Providers\\ModularProvider.php(49): Illuminate\\Routing\\RouteRegistrar->__call()
#3 C:\\Users\\hask777\\Desktop\\projects\\PHP\\laravel10-api-passport\\vendor\\laravel\\framework\\src\\Illuminate\\Routing\\Router.php(509): App\\Providers\\ModularProvider->App\\Providers\\{closure}()
#4 C:\\Users\\hask777\\Desktop\\projects\\PHP\\laravel10-api-passport\\vendor\\laravel\\framework\\src\\Illuminate\\Routing\\Router.php(465): Illuminate\\Routing\\Router->loadRoutes()
#5 C:\\Users\\hask777\\Desktop\\projects\\PHP\\laravel10-api-passport\\vendor\\laravel\\framework\\src\\Illuminate\\Support\\Facades\\Facade.php(355): Illuminate\\Routing\\Router->group()
#6 C:\\Users\\hask777\\Desktop\\projects\\PHP\\laravel10-api-passport\\app\\Providers\\ModularProvider.php(33): Illuminate\\Support\\Facades\\Facade::__callStatic()
#7 C:\\Users\\hask777\\Desktop\\projects\\PHP\\laravel10-api-passport\\vendor\\laravel\\framework\\src\\Illuminate\\Container\\BoundMethod.php(36): App\\Providers\\ModularProvider->boot()
#8 C:\\Users\\hask777\\Desktop\\projects\\PHP\\laravel10-api-passport\\vendor\\laravel\\framework\\src\\Illuminate\\Container\\Util.php(41): Illuminate\\Container\\BoundMethod::Illuminate\\Container\\{closure}()
#9 C:\\Users\\hask777\\Desktop\\projects\\PHP\\laravel10-api-passport\\vendor\\laravel\\framework\\src\\Illuminate\\Container\\BoundMethod.php(93): Illuminate\\Container\\Util::unwrapIfClosure()
#10 C:\\Users\\hask777\\Desktop\\projects\\PHP\\laravel10-api-passport\\vendor\\laravel\\framework\\src\\Illuminate\\Container\\BoundMethod.php(35): Illuminate\\Container\\BoundMethod::callBoundMethod()
#11 C:\\Users\\hask777\\Desktop\\projects\\PHP\\laravel10-api-passport\\vendor\\laravel\\framework\\src\\Illuminate\\Container\\Container.php(662): Illuminate\\Container\\BoundMethod::call()
#12 C:\\Users\\hask777\\Desktop\\projects\\PHP\\laravel10-api-passport\\vendor\\laravel\\framework\\src\\Illuminate\\Foundation\\Application.php(1059): Illuminate\\Container\\Container->call()
#13 C:\\Users\\hask777\\Desktop\\projects\\PHP\\laravel10-api-passport\\vendor\\laravel\\framework\\src\\Illuminate\\Foundation\\Application.php(1040): Illuminate\\Foundation\\Application->bootProvider()
#14 [internal function]: Illuminate\\Foundation\\Application->Illuminate\\Foundation\\{closure}()
#15 C:\\Users\\hask777\\Desktop\\projects\\PHP\\laravel10-api-passport\\vendor\\laravel\\framework\\src\\Illuminate\\Foundation\\Application.php(1039): array_walk()
#16 C:\\Users\\hask777\\Desktop\\projects\\PHP\\laravel10-api-passport\\vendor\\laravel\\framework\\src\\Illuminate\\Foundation\\Bootstrap\\BootProviders.php(17): Illuminate\\Foundation\\Application->boot()
#17 C:\\Users\\hask777\\Desktop\\projects\\PHP\\laravel10-api-passport\\vendor\\laravel\\framework\\src\\Illuminate\\Foundation\\Application.php(286): Illuminate\\Foundation\\Bootstrap\\BootProviders->bootstrap()
#18 C:\\Users\\hask777\\Desktop\\projects\\PHP\\laravel10-api-passport\\vendor\\laravel\\framework\\src\\Illuminate\\Foundation\\Http\\Kernel.php(186): Illuminate\\Foundation\\Application->bootstrapWith()
#19 C:\\Users\\hask777\\Desktop\\projects\\PHP\\laravel10-api-passport\\vendor\\laravel\\framework\\src\\Illuminate\\Foundation\\Http\\Kernel.php(170): Illuminate\\Foundation\\Http\\Kernel->bootstrap()
#20 C:\\Users\\hask777\\Desktop\\projects\\PHP\\laravel10-api-passport\\vendor\\laravel\\framework\\src\\Illuminate\\Foundation\\Http\\Kernel.php(144): Illuminate\\Foundation\\Http\\Kernel->sendRequestThroughRouter()
#21 C:\\Users\\hask777\\Desktop\\projects\\PHP\\laravel10-api-passport\\public\\index.php(51): Illuminate\\Foundation\\Http\\Kernel->handle()
#22 C:\\Users\\hask777\\Desktop\\projects\\PHP\\laravel10-api-passport\\vendor\\laravel\\framework\\src\\Illuminate\\Foundation\\resources\\server.php(16): require_once('...')
#23 {main}
"} 
[2025-03-16 13:19:00] local.ERROR: Attempt to read property "accessToken" on string {"userId":1,"exception":"[object] (ErrorException(code: 0): Attempt to read property \"accessToken\" on string at C:\\Users\\hask777\\Desktop\\projects\\PHP\\laravel10-api-passport\\app\\Modules\\Pub\\Auth\\Controllers\\Api\\LoginController.php:38)
[stacktrace]
#0 C:\\Users\\hask777\\Desktop\\projects\\PHP\\laravel10-api-passport\\vendor\\laravel\\framework\\src\\Illuminate\\Foundation\\Bootstrap\\HandleExceptions.php(255): Illuminate\\Foundation\\Bootstrap\\HandleExceptions->handleError()
#1 C:\\Users\\hask777\\Desktop\\projects\\PHP\\laravel10-api-passport\\app\\Modules\\Pub\\Auth\\Controllers\\Api\\LoginController.php(38): Illuminate\\Foundation\\Bootstrap\\HandleExceptions->Illuminate\\Foundation\\Bootstrap\\{closure}()
#2 C:\\Users\\hask777\\Desktop\\projects\\PHP\\laravel10-api-passport\\vendor\\laravel\\framework\\src\\Illuminate\\Routing\\Controller.php(54): App\\Modules\\Pub\\Auth\\Controllers\\Api\\LoginController->login()
#3 C:\\Users\\hask777\\Desktop\\projects\\PHP\\laravel10-api-passport\\vendor\\laravel\\framework\\src\\Illuminate\\Routing\\ControllerDispatcher.php(43): Illuminate\\Routing\\Controller->callAction()
#4 C:\\Users\\hask777\\Desktop\\projects\\PHP\\laravel10-api-passport\\vendor\\laravel\\framework\\src\\Illuminate\\Routing\\Route.php(259): Illuminate\\Routing\\ControllerDispatcher->dispatch()
#5 C:\\Users\\hask777\\Desktop\\projects\\PHP\\laravel10-api-passport\\vendor\\laravel\\framework\\src\\Illuminate\\Routing\\Route.php(205): Illuminate\\Routing\\Route->runController()
#6 C:\\Users\\hask777\\Desktop\\projects\\PHP\\laravel10-api-passport\\vendor\\laravel\\framework\\src\\Illuminate\\Routing\\Router.php(806): Illuminate\\Routing\\Route->run()
#7 C:\\Users\\hask777\\Desktop\\projects\\PHP\\laravel10-api-passport\\vendor\\laravel\\framework\\src\\Illuminate\\Pipeline\\Pipeline.php(144): Illuminate\\Routing\\Router->Illuminate\\Routing\\{closure}()
#8 C:\\Users\\hask777\\Desktop\\projects\\PHP\\laravel10-api-passport\\vendor\\laravel\\framework\\src\\Illuminate\\Routing\\Middleware\\SubstituteBindings.php(50): Illuminate\\Pipeline\\Pipeline->Illuminate\\Pipeline\\{closure}()
#9 C:\\Users\\hask777\\Desktop\\projects\\PHP\\laravel10-api-passport\\vendor\\laravel\\framework\\src\\Illuminate\\Pipeline\\Pipeline.php(183): Illuminate\\Routing\\Middleware\\SubstituteBindings->handle()
#10 C:\\Users\\hask777\\Desktop\\projects\\PHP\\laravel10-api-passport\\vendor\\laravel\\framework\\src\\Illuminate\\Routing\\Middleware\\ThrottleRequests.php(159): Illuminate\\Pipeline\\Pipeline->Illuminate\\Pipeline\\{closure}()
#11 C:\\Users\\hask777\\Desktop\\projects\\PHP\\laravel10-api-passport\\vendor\\laravel\\framework\\src\\Illuminate\\Routing\\Middleware\\ThrottleRequests.php(125): Illuminate\\Routing\\Middleware\\ThrottleRequests->handleRequest()
#12 C:\\Users\\hask777\\Desktop\\projects\\PHP\\laravel10-api-passport\\vendor\\laravel\\framework\\src\\Illuminate\\Routing\\Middleware\\ThrottleRequests.php(87): Illuminate\\Routing\\Middleware\\ThrottleRequests->handleRequestUsingNamedLimiter()
#13 C:\\Users\\hask777\\Desktop\\projects\\PHP\\laravel10-api-passport\\vendor\\laravel\\framework\\src\\Illuminate\\Pipeline\\Pipeline.php(183): Illuminate\\Routing\\Middleware\\ThrottleRequests->handle()
#14 C:\\Users\\hask777\\Desktop\\projects\\PHP\\laravel10-api-passport\\vendor\\laravel\\framework\\src\\Illuminate\\Pipeline\\Pipeline.php(119): Illuminate\\Pipeline\\Pipeline->Illuminate\\Pipeline\\{closure}()
#15 C:\\Users\\hask777\\Desktop\\projects\\PHP\\laravel10-api-passport\\vendor\\laravel\\framework\\src\\Illuminate\\Routing\\Router.php(805): Illuminate\\Pipeline\\Pipeline->then()
#16 C:\\Users\\hask777\\Desktop\\projects\\PHP\\laravel10-api-passport\\vendor\\laravel\\framework\\src\\Illuminate\\Routing\\Router.php(784): Illuminate\\Routing\\Router->runRouteWithinStack()
#17 C:\\Users\\hask777\\Desktop\\projects\\PHP\\laravel10-api-passport\\vendor\\laravel\\framework\\src\\Illuminate\\Routing\\Router.php(748): Illuminate\\Routing\\Router->runRoute()
#18 C:\\Users\\hask777\\Desktop\\projects\\PHP\\laravel10-api-passport\\vendor\\laravel\\framework\\src\\Illuminate\\Routing\\Router.php(737): Illuminate\\Routing\\Router->dispatchToRoute()
#19 C:\\Users\\hask777\\Desktop\\projects\\PHP\\laravel10-api-passport\\vendor\\laravel\\framework\\src\\Illuminate\\Foundation\\Http\\Kernel.php(200): Illuminate\\Routing\\Router->dispatch()
#20 C:\\Users\\hask777\\Desktop\\projects\\PHP\\laravel10-api-passport\\vendor\\laravel\\framework\\src\\Illuminate\\Pipeline\\Pipeline.php(144): Illuminate\\Foundation\\Http\\Kernel->Illuminate\\Foundation\\Http\\{closure}()
#21 C:\\Users\\hask777\\Desktop\\projects\\PHP\\laravel10-api-passport\\vendor\\laravel\\framework\\src\\Illuminate\\Foundation\\Http\\Middleware\\TransformsRequest.php(21): Illuminate\\Pipeline\\Pipeline->Illuminate\\Pipeline\\{closure}()
#22 C:\\Users\\hask777\\Desktop\\projects\\PHP\\laravel10-api-passport\\vendor\\laravel\\framework\\src\\Illuminate\\Foundation\\Http\\Middleware\\ConvertEmptyStringsToNull.php(31): Illuminate\\Foundation\\Http\\Middleware\\TransformsRequest->handle()
#23 C:\\Users\\hask777\\Desktop\\projects\\PHP\\laravel10-api-passport\\vendor\\laravel\\framework\\src\\Illuminate\\Pipeline\\Pipeline.php(183): Illuminate\\Foundation\\Http\\Middleware\\ConvertEmptyStringsToNull->handle()
#24 C:\\Users\\hask777\\Desktop\\projects\\PHP\\laravel10-api-passport\\vendor\\laravel\\framework\\src\\Illuminate\\Foundation\\Http\\Middleware\\TransformsRequest.php(21): Illuminate\\Pipeline\\Pipeline->Illuminate\\Pipeline\\{closure}()
#25 C:\\Users\\hask777\\Desktop\\projects\\PHP\\laravel10-api-passport\\vendor\\laravel\\framework\\src\\Illuminate\\Foundation\\Http\\Middleware\\TrimStrings.php(40): Illuminate\\Foundation\\Http\\Middleware\\TransformsRequest->handle()
#26 C:\\Users\\hask777\\Desktop\\projects\\PHP\\laravel10-api-passport\\vendor\\laravel\\framework\\src\\Illuminate\\Pipeline\\Pipeline.php(183): Illuminate\\Foundation\\Http\\Middleware\\TrimStrings->handle()
#27 C:\\Users\\hask777\\Desktop\\projects\\PHP\\laravel10-api-passport\\vendor\\laravel\\framework\\src\\Illuminate\\Foundation\\Http\\Middleware\\ValidatePostSize.php(27): Illuminate\\Pipeline\\Pipeline->Illuminate\\Pipeline\\{closure}()
#28 C:\\Users\\hask777\\Desktop\\projects\\PHP\\laravel10-api-passport\\vendor\\laravel\\framework\\src\\Illuminate\\Pipeline\\Pipeline.php(183): Illuminate\\Foundation\\Http\\Middleware\\ValidatePostSize->handle()
#29 C:\\Users\\hask777\\Desktop\\projects\\PHP\\laravel10-api-passport\\vendor\\laravel\\framework\\src\\Illuminate\\Foundation\\Http\\Middleware\\PreventRequestsDuringMaintenance.php(99): Illuminate\\Pipeline\\Pipeline->Illuminate\\Pipeline\\{closure}()
#30 C:\\Users\\hask777\\Desktop\\projects\\PHP\\laravel10-api-passport\\vendor\\laravel\\framework\\src\\Illuminate\\Pipeline\\Pipeline.php(183): Illuminate\\Foundation\\Http\\Middleware\\PreventRequestsDuringMaintenance->handle()
#31 C:\\Users\\hask777\\Desktop\\projects\\PHP\\laravel10-api-passport\\vendor\\laravel\\framework\\src\\Illuminate\\Http\\Middleware\\HandleCors.php(62): Illuminate\\Pipeline\\Pipeline->Illuminate\\Pipeline\\{closure}()
#32 C:\\Users\\hask777\\Desktop\\projects\\PHP\\laravel10-api-passport\\vendor\\laravel\\framework\\src\\Illuminate\\Pipeline\\Pipeline.php(183): Illuminate\\Http\\Middleware\\HandleCors->handle()
#33 C:\\Users\\hask777\\Desktop\\projects\\PHP\\laravel10-api-passport\\vendor\\laravel\\framework\\src\\Illuminate\\Http\\Middleware\\TrustProxies.php(39): Illuminate\\Pipeline\\Pipeline->Illuminate\\Pipeline\\{closure}()
#34 C:\\Users\\hask777\\Desktop\\projects\\PHP\\laravel10-api-passport\\vendor\\laravel\\framework\\src\\Illuminate\\Pipeline\\Pipeline.php(183): Illuminate\\Http\\Middleware\\TrustProxies->handle()
#35 C:\\Users\\hask777\\Desktop\\projects\\PHP\\laravel10-api-passport\\vendor\\laravel\\framework\\src\\Illuminate\\Pipeline\\Pipeline.php(119): Illuminate\\Pipeline\\Pipeline->Illuminate\\Pipeline\\{closure}()
#36 C:\\Users\\hask777\\Desktop\\projects\\PHP\\laravel10-api-passport\\vendor\\laravel\\framework\\src\\Illuminate\\Foundation\\Http\\Kernel.php(175): Illuminate\\Pipeline\\Pipeline->then()
#37 C:\\Users\\hask777\\Desktop\\projects\\PHP\\laravel10-api-passport\\vendor\\laravel\\framework\\src\\Illuminate\\Foundation\\Http\\Kernel.php(144): Illuminate\\Foundation\\Http\\Kernel->sendRequestThroughRouter()
#38 C:\\Users\\hask777\\Desktop\\projects\\PHP\\laravel10-api-passport\\public\\index.php(51): Illuminate\\Foundation\\Http\\Kernel->handle()
#39 C:\\Users\\hask777\\Desktop\\projects\\PHP\\laravel10-api-passport\\vendor\\laravel\\framework\\src\\Illuminate\\Foundation\\resources\\server.php(16): require_once('...')
#40 {main}
"} 
[2025-03-16 13:20:55] local.ERROR: Attempt to read property "accessToken" on string {"userId":1,"exception":"[object] (ErrorException(code: 0): Attempt to read property \"accessToken\" on string at C:\\Users\\hask777\\Desktop\\projects\\PHP\\laravel10-api-passport\\app\\Modules\\Pub\\Auth\\Controllers\\Api\\LoginController.php:38)
[stacktrace]
#0 C:\\Users\\hask777\\Desktop\\projects\\PHP\\laravel10-api-passport\\vendor\\laravel\\framework\\src\\Illuminate\\Foundation\\Bootstrap\\HandleExceptions.php(255): Illuminate\\Foundation\\Bootstrap\\HandleExceptions->handleError()
#1 C:\\Users\\hask777\\Desktop\\projects\\PHP\\laravel10-api-passport\\app\\Modules\\Pub\\Auth\\Controllers\\Api\\LoginController.php(38): Illuminate\\Foundation\\Bootstrap\\HandleExceptions->Illuminate\\Foundation\\Bootstrap\\{closure}()
#2 C:\\Users\\hask777\\Desktop\\projects\\PHP\\laravel10-api-passport\\vendor\\laravel\\framework\\src\\Illuminate\\Routing\\Controller.php(54): App\\Modules\\Pub\\Auth\\Controllers\\Api\\LoginController->login()
#3 C:\\Users\\hask777\\Desktop\\projects\\PHP\\laravel10-api-passport\\vendor\\laravel\\framework\\src\\Illuminate\\Routing\\ControllerDispatcher.php(43): Illuminate\\Routing\\Controller->callAction()
#4 C:\\Users\\hask777\\Desktop\\projects\\PHP\\laravel10-api-passport\\vendor\\laravel\\framework\\src\\Illuminate\\Routing\\Route.php(259): Illuminate\\Routing\\ControllerDispatcher->dispatch()
#5 C:\\Users\\hask777\\Desktop\\projects\\PHP\\laravel10-api-passport\\vendor\\laravel\\framework\\src\\Illuminate\\Routing\\Route.php(205): Illuminate\\Routing\\Route->runController()
#6 C:\\Users\\hask777\\Desktop\\projects\\PHP\\laravel10-api-passport\\vendor\\laravel\\framework\\src\\Illuminate\\Routing\\Router.php(806): Illuminate\\Routing\\Route->run()
#7 C:\\Users\\hask777\\Desktop\\projects\\PHP\\laravel10-api-passport\\vendor\\laravel\\framework\\src\\Illuminate\\Pipeline\\Pipeline.php(144): Illuminate\\Routing\\Router->Illuminate\\Routing\\{closure}()
#8 C:\\Users\\hask777\\Desktop\\projects\\PHP\\laravel10-api-passport\\vendor\\laravel\\framework\\src\\Illuminate\\Routing\\Middleware\\SubstituteBindings.php(50): Illuminate\\Pipeline\\Pipeline->Illuminate\\Pipeline\\{closure}()
#9 C:\\Users\\hask777\\Desktop\\projects\\PHP\\laravel10-api-passport\\vendor\\laravel\\framework\\src\\Illuminate\\Pipeline\\Pipeline.php(183): Illuminate\\Routing\\Middleware\\SubstituteBindings->handle()
#10 C:\\Users\\hask777\\Desktop\\projects\\PHP\\laravel10-api-passport\\vendor\\laravel\\framework\\src\\Illuminate\\Routing\\Middleware\\ThrottleRequests.php(159): Illuminate\\Pipeline\\Pipeline->Illuminate\\Pipeline\\{closure}()
#11 C:\\Users\\hask777\\Desktop\\projects\\PHP\\laravel10-api-passport\\vendor\\laravel\\framework\\src\\Illuminate\\Routing\\Middleware\\ThrottleRequests.php(125): Illuminate\\Routing\\Middleware\\ThrottleRequests->handleRequest()
#12 C:\\Users\\hask777\\Desktop\\projects\\PHP\\laravel10-api-passport\\vendor\\laravel\\framework\\src\\Illuminate\\Routing\\Middleware\\ThrottleRequests.php(87): Illuminate\\Routing\\Middleware\\ThrottleRequests->handleRequestUsingNamedLimiter()
#13 C:\\Users\\hask777\\Desktop\\projects\\PHP\\laravel10-api-passport\\vendor\\laravel\\framework\\src\\Illuminate\\Pipeline\\Pipeline.php(183): Illuminate\\Routing\\Middleware\\ThrottleRequests->handle()
#14 C:\\Users\\hask777\\Desktop\\projects\\PHP\\laravel10-api-passport\\vendor\\laravel\\framework\\src\\Illuminate\\Pipeline\\Pipeline.php(119): Illuminate\\Pipeline\\Pipeline->Illuminate\\Pipeline\\{closure}()
#15 C:\\Users\\hask777\\Desktop\\projects\\PHP\\laravel10-api-passport\\vendor\\laravel\\framework\\src\\Illuminate\\Routing\\Router.php(805): Illuminate\\Pipeline\\Pipeline->then()
#16 C:\\Users\\hask777\\Desktop\\projects\\PHP\\laravel10-api-passport\\vendor\\laravel\\framework\\src\\Illuminate\\Routing\\Router.php(784): Illuminate\\Routing\\Router->runRouteWithinStack()
#17 C:\\Users\\hask777\\Desktop\\projects\\PHP\\laravel10-api-passport\\vendor\\laravel\\framework\\src\\Illuminate\\Routing\\Router.php(748): Illuminate\\Routing\\Router->runRoute()
#18 C:\\Users\\hask777\\Desktop\\projects\\PHP\\laravel10-api-passport\\vendor\\laravel\\framework\\src\\Illuminate\\Routing\\Router.php(737): Illuminate\\Routing\\Router->dispatchToRoute()
#19 C:\\Users\\hask777\\Desktop\\projects\\PHP\\laravel10-api-passport\\vendor\\laravel\\framework\\src\\Illuminate\\Foundation\\Http\\Kernel.php(200): Illuminate\\Routing\\Router->dispatch()
#20 C:\\Users\\hask777\\Desktop\\projects\\PHP\\laravel10-api-passport\\vendor\\laravel\\framework\\src\\Illuminate\\Pipeline\\Pipeline.php(144): Illuminate\\Foundation\\Http\\Kernel->Illuminate\\Foundation\\Http\\{closure}()
#21 C:\\Users\\hask777\\Desktop\\projects\\PHP\\laravel10-api-passport\\vendor\\laravel\\framework\\src\\Illuminate\\Foundation\\Http\\Middleware\\TransformsRequest.php(21): Illuminate\\Pipeline\\Pipeline->Illuminate\\Pipeline\\{closure}()
#22 C:\\Users\\hask777\\Desktop\\projects\\PHP\\laravel10-api-passport\\vendor\\laravel\\framework\\src\\Illuminate\\Foundation\\Http\\Middleware\\ConvertEmptyStringsToNull.php(31): Illuminate\\Foundation\\Http\\Middleware\\TransformsRequest->handle()
#23 C:\\Users\\hask777\\Desktop\\projects\\PHP\\laravel10-api-passport\\vendor\\laravel\\framework\\src\\Illuminate\\Pipeline\\Pipeline.php(183): Illuminate\\Foundation\\Http\\Middleware\\ConvertEmptyStringsToNull->handle()
#24 C:\\Users\\hask777\\Desktop\\projects\\PHP\\laravel10-api-passport\\vendor\\laravel\\framework\\src\\Illuminate\\Foundation\\Http\\Middleware\\TransformsRequest.php(21): Illuminate\\Pipeline\\Pipeline->Illuminate\\Pipeline\\{closure}()
#25 C:\\Users\\hask777\\Desktop\\projects\\PHP\\laravel10-api-passport\\vendor\\laravel\\framework\\src\\Illuminate\\Foundation\\Http\\Middleware\\TrimStrings.php(40): Illuminate\\Foundation\\Http\\Middleware\\TransformsRequest->handle()
#26 C:\\Users\\hask777\\Desktop\\projects\\PHP\\laravel10-api-passport\\vendor\\laravel\\framework\\src\\Illuminate\\Pipeline\\Pipeline.php(183): Illuminate\\Foundation\\Http\\Middleware\\TrimStrings->handle()
#27 C:\\Users\\hask777\\Desktop\\projects\\PHP\\laravel10-api-passport\\vendor\\laravel\\framework\\src\\Illuminate\\Foundation\\Http\\Middleware\\ValidatePostSize.php(27): Illuminate\\Pipeline\\Pipeline->Illuminate\\Pipeline\\{closure}()
#28 C:\\Users\\hask777\\Desktop\\projects\\PHP\\laravel10-api-passport\\vendor\\laravel\\framework\\src\\Illuminate\\Pipeline\\Pipeline.php(183): Illuminate\\Foundation\\Http\\Middleware\\ValidatePostSize->handle()
#29 C:\\Users\\hask777\\Desktop\\projects\\PHP\\laravel10-api-passport\\vendor\\laravel\\framework\\src\\Illuminate\\Foundation\\Http\\Middleware\\PreventRequestsDuringMaintenance.php(99): Illuminate\\Pipeline\\Pipeline->Illuminate\\Pipeline\\{closure}()
#30 C:\\Users\\hask777\\Desktop\\projects\\PHP\\laravel10-api-passport\\vendor\\laravel\\framework\\src\\Illuminate\\Pipeline\\Pipeline.php(183): Illuminate\\Foundation\\Http\\Middleware\\PreventRequestsDuringMaintenance->handle()
#31 C:\\Users\\hask777\\Desktop\\projects\\PHP\\laravel10-api-passport\\vendor\\laravel\\framework\\src\\Illuminate\\Http\\Middleware\\HandleCors.php(62): Illuminate\\Pipeline\\Pipeline->Illuminate\\Pipeline\\{closure}()
#32 C:\\Users\\hask777\\Desktop\\projects\\PHP\\laravel10-api-passport\\vendor\\laravel\\framework\\src\\Illuminate\\Pipeline\\Pipeline.php(183): Illuminate\\Http\\Middleware\\HandleCors->handle()
#33 C:\\Users\\hask777\\Desktop\\projects\\PHP\\laravel10-api-passport\\vendor\\laravel\\framework\\src\\Illuminate\\Http\\Middleware\\TrustProxies.php(39): Illuminate\\Pipeline\\Pipeline->Illuminate\\Pipeline\\{closure}()
#34 C:\\Users\\hask777\\Desktop\\projects\\PHP\\laravel10-api-passport\\vendor\\laravel\\framework\\src\\Illuminate\\Pipeline\\Pipeline.php(183): Illuminate\\Http\\Middleware\\TrustProxies->handle()
#35 C:\\Users\\hask777\\Desktop\\projects\\PHP\\laravel10-api-passport\\vendor\\laravel\\framework\\src\\Illuminate\\Pipeline\\Pipeline.php(119): Illuminate\\Pipeline\\Pipeline->Illuminate\\Pipeline\\{closure}()
#36 C:\\Users\\hask777\\Desktop\\projects\\PHP\\laravel10-api-passport\\vendor\\laravel\\framework\\src\\Illuminate\\Foundation\\Http\\Kernel.php(175): Illuminate\\Pipeline\\Pipeline->then()
#37 C:\\Users\\hask777\\Desktop\\projects\\PHP\\laravel10-api-passport\\vendor\\laravel\\framework\\src\\Illuminate\\Foundation\\Http\\Kernel.php(144): Illuminate\\Foundation\\Http\\Kernel->sendRequestThroughRouter()
#38 C:\\Users\\hask777\\Desktop\\projects\\PHP\\laravel10-api-passport\\public\\index.php(51): Illuminate\\Foundation\\Http\\Kernel->handle()
#39 C:\\Users\\hask777\\Desktop\\projects\\PHP\\laravel10-api-passport\\vendor\\laravel\\framework\\src\\Illuminate\\Foundation\\resources\\server.php(16): require_once('...')
#40 {main}
"} 
[2025-03-16 13:23:11] local.ERROR: Target class [auth.api] does not exist. {"exception":"[object] (Illuminate\\Contracts\\Container\\BindingResolutionException(code: 0): Target class [auth.api] does not exist. at C:\\Users\\hask777\\Desktop\\projects\\PHP\\laravel10-api-passport\\vendor\\laravel\\framework\\src\\Illuminate\\Container\\Container.php:914)
[stacktrace]
#0 C:\\Users\\hask777\\Desktop\\projects\\PHP\\laravel10-api-passport\\vendor\\laravel\\framework\\src\\Illuminate\\Container\\Container.php(795): Illuminate\\Container\\Container->build()
#1 C:\\Users\\hask777\\Desktop\\projects\\PHP\\laravel10-api-passport\\vendor\\laravel\\framework\\src\\Illuminate\\Foundation\\Application.php(986): Illuminate\\Container\\Container->resolve()
#2 C:\\Users\\hask777\\Desktop\\projects\\PHP\\laravel10-api-passport\\vendor\\laravel\\framework\\src\\Illuminate\\Container\\Container.php(731): Illuminate\\Foundation\\Application->resolve()
#3 C:\\Users\\hask777\\Desktop\\projects\\PHP\\laravel10-api-passport\\vendor\\laravel\\framework\\src\\Illuminate\\Foundation\\Application.php(971): Illuminate\\Container\\Container->make()
#4 C:\\Users\\hask777\\Desktop\\projects\\PHP\\laravel10-api-passport\\vendor\\laravel\\framework\\src\\Illuminate\\Pipeline\\Pipeline.php(172): Illuminate\\Foundation\\Application->make()
#5 C:\\Users\\hask777\\Desktop\\projects\\PHP\\laravel10-api-passport\\vendor\\laravel\\framework\\src\\Illuminate\\Routing\\Middleware\\SubstituteBindings.php(50): Illuminate\\Pipeline\\Pipeline->Illuminate\\Pipeline\\{closure}()
#6 C:\\Users\\hask777\\Desktop\\projects\\PHP\\laravel10-api-passport\\vendor\\laravel\\framework\\src\\Illuminate\\Pipeline\\Pipeline.php(183): Illuminate\\Routing\\Middleware\\SubstituteBindings->handle()
#7 C:\\Users\\hask777\\Desktop\\projects\\PHP\\laravel10-api-passport\\vendor\\laravel\\framework\\src\\Illuminate\\Routing\\Middleware\\ThrottleRequests.php(159): Illuminate\\Pipeline\\Pipeline->Illuminate\\Pipeline\\{closure}()
#8 C:\\Users\\hask777\\Desktop\\projects\\PHP\\laravel10-api-passport\\vendor\\laravel\\framework\\src\\Illuminate\\Routing\\Middleware\\ThrottleRequests.php(125): Illuminate\\Routing\\Middleware\\ThrottleRequests->handleRequest()
#9 C:\\Users\\hask777\\Desktop\\projects\\PHP\\laravel10-api-passport\\vendor\\laravel\\framework\\src\\Illuminate\\Routing\\Middleware\\ThrottleRequests.php(87): Illuminate\\Routing\\Middleware\\ThrottleRequests->handleRequestUsingNamedLimiter()
#10 C:\\Users\\hask777\\Desktop\\projects\\PHP\\laravel10-api-passport\\vendor\\laravel\\framework\\src\\Illuminate\\Pipeline\\Pipeline.php(183): Illuminate\\Routing\\Middleware\\ThrottleRequests->handle()
#11 C:\\Users\\hask777\\Desktop\\projects\\PHP\\laravel10-api-passport\\vendor\\laravel\\framework\\src\\Illuminate\\Pipeline\\Pipeline.php(119): Illuminate\\Pipeline\\Pipeline->Illuminate\\Pipeline\\{closure}()
#12 C:\\Users\\hask777\\Desktop\\projects\\PHP\\laravel10-api-passport\\vendor\\laravel\\framework\\src\\Illuminate\\Routing\\Router.php(805): Illuminate\\Pipeline\\Pipeline->then()
#13 C:\\Users\\hask777\\Desktop\\projects\\PHP\\laravel10-api-passport\\vendor\\laravel\\framework\\src\\Illuminate\\Routing\\Router.php(784): Illuminate\\Routing\\Router->runRouteWithinStack()
#14 C:\\Users\\hask777\\Desktop\\projects\\PHP\\laravel10-api-passport\\vendor\\laravel\\framework\\src\\Illuminate\\Routing\\Router.php(748): Illuminate\\Routing\\Router->runRoute()
#15 C:\\Users\\hask777\\Desktop\\projects\\PHP\\laravel10-api-passport\\vendor\\laravel\\framework\\src\\Illuminate\\Routing\\Router.php(737): Illuminate\\Routing\\Router->dispatchToRoute()
#16 C:\\Users\\hask777\\Desktop\\projects\\PHP\\laravel10-api-passport\\vendor\\laravel\\framework\\src\\Illuminate\\Foundation\\Http\\Kernel.php(200): Illuminate\\Routing\\Router->dispatch()
#17 C:\\Users\\hask777\\Desktop\\projects\\PHP\\laravel10-api-passport\\vendor\\laravel\\framework\\src\\Illuminate\\Pipeline\\Pipeline.php(144): Illuminate\\Foundation\\Http\\Kernel->Illuminate\\Foundation\\Http\\{closure}()
#18 C:\\Users\\hask777\\Desktop\\projects\\PHP\\laravel10-api-passport\\vendor\\laravel\\framework\\src\\Illuminate\\Foundation\\Http\\Middleware\\TransformsRequest.php(21): Illuminate\\Pipeline\\Pipeline->Illuminate\\Pipeline\\{closure}()
#19 C:\\Users\\hask777\\Desktop\\projects\\PHP\\laravel10-api-passport\\vendor\\laravel\\framework\\src\\Illuminate\\Foundation\\Http\\Middleware\\ConvertEmptyStringsToNull.php(31): Illuminate\\Foundation\\Http\\Middleware\\TransformsRequest->handle()
#20 C:\\Users\\hask777\\Desktop\\projects\\PHP\\laravel10-api-passport\\vendor\\laravel\\framework\\src\\Illuminate\\Pipeline\\Pipeline.php(183): Illuminate\\Foundation\\Http\\Middleware\\ConvertEmptyStringsToNull->handle()
#21 C:\\Users\\hask777\\Desktop\\projects\\PHP\\laravel10-api-passport\\vendor\\laravel\\framework\\src\\Illuminate\\Foundation\\Http\\Middleware\\TransformsRequest.php(21): Illuminate\\Pipeline\\Pipeline->Illuminate\\Pipeline\\{closure}()
#22 C:\\Users\\hask777\\Desktop\\projects\\PHP\\laravel10-api-passport\\vendor\\laravel\\framework\\src\\Illuminate\\Foundation\\Http\\Middleware\\TrimStrings.php(40): Illuminate\\Foundation\\Http\\Middleware\\TransformsRequest->handle()
#23 C:\\Users\\hask777\\Desktop\\projects\\PHP\\laravel10-api-passport\\vendor\\laravel\\framework\\src\\Illuminate\\Pipeline\\Pipeline.php(183): Illuminate\\Foundation\\Http\\Middleware\\TrimStrings->handle()
#24 C:\\Users\\hask777\\Desktop\\projects\\PHP\\laravel10-api-passport\\vendor\\laravel\\framework\\src\\Illuminate\\Foundation\\Http\\Middleware\\ValidatePostSize.php(27): Illuminate\\Pipeline\\Pipeline->Illuminate\\Pipeline\\{closure}()
#25 C:\\Users\\hask777\\Desktop\\projects\\PHP\\laravel10-api-passport\\vendor\\laravel\\framework\\src\\Illuminate\\Pipeline\\Pipeline.php(183): Illuminate\\Foundation\\Http\\Middleware\\ValidatePostSize->handle()
#26 C:\\Users\\hask777\\Desktop\\projects\\PHP\\laravel10-api-passport\\vendor\\laravel\\framework\\src\\Illuminate\\Foundation\\Http\\Middleware\\PreventRequestsDuringMaintenance.php(99): Illuminate\\Pipeline\\Pipeline->Illuminate\\Pipeline\\{closure}()
#27 C:\\Users\\hask777\\Desktop\\projects\\PHP\\laravel10-api-passport\\vendor\\laravel\\framework\\src\\Illuminate\\Pipeline\\Pipeline.php(183): Illuminate\\Foundation\\Http\\Middleware\\PreventRequestsDuringMaintenance->handle()
#28 C:\\Users\\hask777\\Desktop\\projects\\PHP\\laravel10-api-passport\\vendor\\laravel\\framework\\src\\Illuminate\\Http\\Middleware\\HandleCors.php(62): Illuminate\\Pipeline\\Pipeline->Illuminate\\Pipeline\\{closure}()
#29 C:\\Users\\hask777\\Desktop\\projects\\PHP\\laravel10-api-passport\\vendor\\laravel\\framework\\src\\Illuminate\\Pipeline\\Pipeline.php(183): Illuminate\\Http\\Middleware\\HandleCors->handle()
#30 C:\\Users\\hask777\\Desktop\\projects\\PHP\\laravel10-api-passport\\vendor\\laravel\\framework\\src\\Illuminate\\Http\\Middleware\\TrustProxies.php(39): Illuminate\\Pipeline\\Pipeline->Illuminate\\Pipeline\\{closure}()
#31 C:\\Users\\hask777\\Desktop\\projects\\PHP\\laravel10-api-passport\\vendor\\laravel\\framework\\src\\Illuminate\\Pipeline\\Pipeline.php(183): Illuminate\\Http\\Middleware\\TrustProxies->handle()
#32 C:\\Users\\hask777\\Desktop\\projects\\PHP\\laravel10-api-passport\\vendor\\laravel\\framework\\src\\Illuminate\\Pipeline\\Pipeline.php(119): Illuminate\\Pipeline\\Pipeline->Illuminate\\Pipeline\\{closure}()
#33 C:\\Users\\hask777\\Desktop\\projects\\PHP\\laravel10-api-passport\\vendor\\laravel\\framework\\src\\Illuminate\\Foundation\\Http\\Kernel.php(175): Illuminate\\Pipeline\\Pipeline->then()
#34 C:\\Users\\hask777\\Desktop\\projects\\PHP\\laravel10-api-passport\\vendor\\laravel\\framework\\src\\Illuminate\\Foundation\\Http\\Kernel.php(144): Illuminate\\Foundation\\Http\\Kernel->sendRequestThroughRouter()
#35 C:\\Users\\hask777\\Desktop\\projects\\PHP\\laravel10-api-passport\\public\\index.php(51): Illuminate\\Foundation\\Http\\Kernel->handle()
#36 C:\\Users\\hask777\\Desktop\\projects\\PHP\\laravel10-api-passport\\vendor\\laravel\\framework\\src\\Illuminate\\Foundation\\resources\\server.php(16): require_once('...')
#37 {main}

[previous exception] [object] (ReflectionException(code: -1): Class \"auth.api\" does not exist at C:\\Users\\hask777\\Desktop\\projects\\PHP\\laravel10-api-passport\\vendor\\laravel\\framework\\src\\Illuminate\\Container\\Container.php:912)
[stacktrace]
#0 C:\\Users\\hask777\\Desktop\\projects\\PHP\\laravel10-api-passport\\vendor\\laravel\\framework\\src\\Illuminate\\Container\\Container.php(912): ReflectionClass->__construct()
#1 C:\\Users\\hask777\\Desktop\\projects\\PHP\\laravel10-api-passport\\vendor\\laravel\\framework\\src\\Illuminate\\Container\\Container.php(795): Illuminate\\Container\\Container->build()
#2 C:\\Users\\hask777\\Desktop\\projects\\PHP\\laravel10-api-passport\\vendor\\laravel\\framework\\src\\Illuminate\\Foundation\\Application.php(986): Illuminate\\Container\\Container->resolve()
#3 C:\\Users\\hask777\\Desktop\\projects\\PHP\\laravel10-api-passport\\vendor\\laravel\\framework\\src\\Illuminate\\Container\\Container.php(731): Illuminate\\Foundation\\Application->resolve()
#4 C:\\Users\\hask777\\Desktop\\projects\\PHP\\laravel10-api-passport\\vendor\\laravel\\framework\\src\\Illuminate\\Foundation\\Application.php(971): Illuminate\\Container\\Container->make()
#5 C:\\Users\\hask777\\Desktop\\projects\\PHP\\laravel10-api-passport\\vendor\\laravel\\framework\\src\\Illuminate\\Pipeline\\Pipeline.php(172): Illuminate\\Foundation\\Application->make()
#6 C:\\Users\\hask777\\Desktop\\projects\\PHP\\laravel10-api-passport\\vendor\\laravel\\framework\\src\\Illuminate\\Routing\\Middleware\\SubstituteBindings.php(50): Illuminate\\Pipeline\\Pipeline->Illuminate\\Pipeline\\{closure}()
#7 C:\\Users\\hask777\\Desktop\\projects\\PHP\\laravel10-api-passport\\vendor\\laravel\\framework\\src\\Illuminate\\Pipeline\\Pipeline.php(183): Illuminate\\Routing\\Middleware\\SubstituteBindings->handle()
#8 C:\\Users\\hask777\\Desktop\\projects\\PHP\\laravel10-api-passport\\vendor\\laravel\\framework\\src\\Illuminate\\Routing\\Middleware\\ThrottleRequests.php(159): Illuminate\\Pipeline\\Pipeline->Illuminate\\Pipeline\\{closure}()
#9 C:\\Users\\hask777\\Desktop\\projects\\PHP\\laravel10-api-passport\\vendor\\laravel\\framework\\src\\Illuminate\\Routing\\Middleware\\ThrottleRequests.php(125): Illuminate\\Routing\\Middleware\\ThrottleRequests->handleRequest()
#10 C:\\Users\\hask777\\Desktop\\projects\\PHP\\laravel10-api-passport\\vendor\\laravel\\framework\\src\\Illuminate\\Routing\\Middleware\\ThrottleRequests.php(87): Illuminate\\Routing\\Middleware\\ThrottleRequests->handleRequestUsingNamedLimiter()
#11 C:\\Users\\hask777\\Desktop\\projects\\PHP\\laravel10-api-passport\\vendor\\laravel\\framework\\src\\Illuminate\\Pipeline\\Pipeline.php(183): Illuminate\\Routing\\Middleware\\ThrottleRequests->handle()
#12 C:\\Users\\hask777\\Desktop\\projects\\PHP\\laravel10-api-passport\\vendor\\laravel\\framework\\src\\Illuminate\\Pipeline\\Pipeline.php(119): Illuminate\\Pipeline\\Pipeline->Illuminate\\Pipeline\\{closure}()
#13 C:\\Users\\hask777\\Desktop\\projects\\PHP\\laravel10-api-passport\\vendor\\laravel\\framework\\src\\Illuminate\\Routing\\Router.php(805): Illuminate\\Pipeline\\Pipeline->then()
#14 C:\\Users\\hask777\\Desktop\\projects\\PHP\\laravel10-api-passport\\vendor\\laravel\\framework\\src\\Illuminate\\Routing\\Router.php(784): Illuminate\\Routing\\Router->runRouteWithinStack()
#15 C:\\Users\\hask777\\Desktop\\projects\\PHP\\laravel10-api-passport\\vendor\\laravel\\framework\\src\\Illuminate\\Routing\\Router.php(748): Illuminate\\Routing\\Router->runRoute()
#16 C:\\Users\\hask777\\Desktop\\projects\\PHP\\laravel10-api-passport\\vendor\\laravel\\framework\\src\\Illuminate\\Routing\\Router.php(737): Illuminate\\Routing\\Router->dispatchToRoute()
#17 C:\\Users\\hask777\\Desktop\\projects\\PHP\\laravel10-api-passport\\vendor\\laravel\\framework\\src\\Illuminate\\Foundation\\Http\\Kernel.php(200): Illuminate\\Routing\\Router->dispatch()
#18 C:\\Users\\hask777\\Desktop\\projects\\PHP\\laravel10-api-passport\\vendor\\laravel\\framework\\src\\Illuminate\\Pipeline\\Pipeline.php(144): Illuminate\\Foundation\\Http\\Kernel->Illuminate\\Foundation\\Http\\{closure}()
#19 C:\\Users\\hask777\\Desktop\\projects\\PHP\\laravel10-api-passport\\vendor\\laravel\\framework\\src\\Illuminate\\Foundation\\Http\\Middleware\\TransformsRequest.php(21): Illuminate\\Pipeline\\Pipeline->Illuminate\\Pipeline\\{closure}()
#20 C:\\Users\\hask777\\Desktop\\projects\\PHP\\laravel10-api-passport\\vendor\\laravel\\framework\\src\\Illuminate\\Foundation\\Http\\Middleware\\ConvertEmptyStringsToNull.php(31): Illuminate\\Foundation\\Http\\Middleware\\TransformsRequest->handle()
#21 C:\\Users\\hask777\\Desktop\\projects\\PHP\\laravel10-api-passport\\vendor\\laravel\\framework\\src\\Illuminate\\Pipeline\\Pipeline.php(183): Illuminate\\Foundation\\Http\\Middleware\\ConvertEmptyStringsToNull->handle()
#22 C:\\Users\\hask777\\Desktop\\projects\\PHP\\laravel10-api-passport\\vendor\\laravel\\framework\\src\\Illuminate\\Foundation\\Http\\Middleware\\TransformsRequest.php(21): Illuminate\\Pipeline\\Pipeline->Illuminate\\Pipeline\\{closure}()
#23 C:\\Users\\hask777\\Desktop\\projects\\PHP\\laravel10-api-passport\\vendor\\laravel\\framework\\src\\Illuminate\\Foundation\\Http\\Middleware\\TrimStrings.php(40): Illuminate\\Foundation\\Http\\Middleware\\TransformsRequest->handle()
#24 C:\\Users\\hask777\\Desktop\\projects\\PHP\\laravel10-api-passport\\vendor\\laravel\\framework\\src\\Illuminate\\Pipeline\\Pipeline.php(183): Illuminate\\Foundation\\Http\\Middleware\\TrimStrings->handle()
#25 C:\\Users\\hask777\\Desktop\\projects\\PHP\\laravel10-api-passport\\vendor\\laravel\\framework\\src\\Illuminate\\Foundation\\Http\\Middleware\\ValidatePostSize.php(27): Illuminate\\Pipeline\\Pipeline->Illuminate\\Pipeline\\{closure}()
#26 C:\\Users\\hask777\\Desktop\\projects\\PHP\\laravel10-api-passport\\vendor\\laravel\\framework\\src\\Illuminate\\Pipeline\\Pipeline.php(183): Illuminate\\Foundation\\Http\\Middleware\\ValidatePostSize->handle()
#27 C:\\Users\\hask777\\Desktop\\projects\\PHP\\laravel10-api-passport\\vendor\\laravel\\framework\\src\\Illuminate\\Foundation\\Http\\Middleware\\PreventRequestsDuringMaintenance.php(99): Illuminate\\Pipeline\\Pipeline->Illuminate\\Pipeline\\{closure}()
#28 C:\\Users\\hask777\\Desktop\\projects\\PHP\\laravel10-api-passport\\vendor\\laravel\\framework\\src\\Illuminate\\Pipeline\\Pipeline.php(183): Illuminate\\Foundation\\Http\\Middleware\\PreventRequestsDuringMaintenance->handle()
#29 C:\\Users\\hask777\\Desktop\\projects\\PHP\\laravel10-api-passport\\vendor\\laravel\\framework\\src\\Illuminate\\Http\\Middleware\\HandleCors.php(62): Illuminate\\Pipeline\\Pipeline->Illuminate\\Pipeline\\{closure}()
#30 C:\\Users\\hask777\\Desktop\\projects\\PHP\\laravel10-api-passport\\vendor\\laravel\\framework\\src\\Illuminate\\Pipeline\\Pipeline.php(183): Illuminate\\Http\\Middleware\\HandleCors->handle()
#31 C:\\Users\\hask777\\Desktop\\projects\\PHP\\laravel10-api-passport\\vendor\\laravel\\framework\\src\\Illuminate\\Http\\Middleware\\TrustProxies.php(39): Illuminate\\Pipeline\\Pipeline->Illuminate\\Pipeline\\{closure}()
#32 C:\\Users\\hask777\\Desktop\\projects\\PHP\\laravel10-api-passport\\vendor\\laravel\\framework\\src\\Illuminate\\Pipeline\\Pipeline.php(183): Illuminate\\Http\\Middleware\\TrustProxies->handle()
#33 C:\\Users\\hask777\\Desktop\\projects\\PHP\\laravel10-api-passport\\vendor\\laravel\\framework\\src\\Illuminate\\Pipeline\\Pipeline.php(119): Illuminate\\Pipeline\\Pipeline->Illuminate\\Pipeline\\{closure}()
#34 C:\\Users\\hask777\\Desktop\\projects\\PHP\\laravel10-api-passport\\vendor\\laravel\\framework\\src\\Illuminate\\Foundation\\Http\\Kernel.php(175): Illuminate\\Pipeline\\Pipeline->then()
#35 C:\\Users\\hask777\\Desktop\\projects\\PHP\\laravel10-api-passport\\vendor\\laravel\\framework\\src\\Illuminate\\Foundation\\Http\\Kernel.php(144): Illuminate\\Foundation\\Http\\Kernel->sendRequestThroughRouter()
#36 C:\\Users\\hask777\\Desktop\\projects\\PHP\\laravel10-api-passport\\public\\index.php(51): Illuminate\\Foundation\\Http\\Kernel->handle()
#37 C:\\Users\\hask777\\Desktop\\projects\\PHP\\laravel10-api-passport\\vendor\\laravel\\framework\\src\\Illuminate\\Foundation\\resources\\server.php(16): require_once('...')
#38 {main}
"} 
[2025-03-16 13:23:11] local.ERROR: Target class [auth.api] does not exist. {"exception":"[object] (Illuminate\\Contracts\\Container\\BindingResolutionException(code: 0): Target class [auth.api] does not exist. at C:\\Users\\hask777\\Desktop\\projects\\PHP\\laravel10-api-passport\\vendor\\laravel\\framework\\src\\Illuminate\\Container\\Container.php:914)
[stacktrace]
#0 C:\\Users\\hask777\\Desktop\\projects\\PHP\\laravel10-api-passport\\vendor\\laravel\\framework\\src\\Illuminate\\Container\\Container.php(795): Illuminate\\Container\\Container->build()
#1 C:\\Users\\hask777\\Desktop\\projects\\PHP\\laravel10-api-passport\\vendor\\laravel\\framework\\src\\Illuminate\\Foundation\\Application.php(986): Illuminate\\Container\\Container->resolve()
#2 C:\\Users\\hask777\\Desktop\\projects\\PHP\\laravel10-api-passport\\vendor\\laravel\\framework\\src\\Illuminate\\Container\\Container.php(731): Illuminate\\Foundation\\Application->resolve()
#3 C:\\Users\\hask777\\Desktop\\projects\\PHP\\laravel10-api-passport\\vendor\\laravel\\framework\\src\\Illuminate\\Foundation\\Application.php(971): Illuminate\\Container\\Container->make()
#4 C:\\Users\\hask777\\Desktop\\projects\\PHP\\laravel10-api-passport\\vendor\\laravel\\framework\\src\\Illuminate\\Foundation\\Http\\Kernel.php(255): Illuminate\\Foundation\\Application->make()
#5 C:\\Users\\hask777\\Desktop\\projects\\PHP\\laravel10-api-passport\\vendor\\laravel\\framework\\src\\Illuminate\\Foundation\\Http\\Kernel.php(213): Illuminate\\Foundation\\Http\\Kernel->terminateMiddleware()
#6 C:\\Users\\hask777\\Desktop\\projects\\PHP\\laravel10-api-passport\\public\\index.php(55): Illuminate\\Foundation\\Http\\Kernel->terminate()
#7 C:\\Users\\hask777\\Desktop\\projects\\PHP\\laravel10-api-passport\\vendor\\laravel\\framework\\src\\Illuminate\\Foundation\\resources\\server.php(16): require_once('...')
#8 {main}

[previous exception] [object] (ReflectionException(code: -1): Class \"auth.api\" does not exist at C:\\Users\\hask777\\Desktop\\projects\\PHP\\laravel10-api-passport\\vendor\\laravel\\framework\\src\\Illuminate\\Container\\Container.php:912)
[stacktrace]
#0 C:\\Users\\hask777\\Desktop\\projects\\PHP\\laravel10-api-passport\\vendor\\laravel\\framework\\src\\Illuminate\\Container\\Container.php(912): ReflectionClass->__construct()
#1 C:\\Users\\hask777\\Desktop\\projects\\PHP\\laravel10-api-passport\\vendor\\laravel\\framework\\src\\Illuminate\\Container\\Container.php(795): Illuminate\\Container\\Container->build()
#2 C:\\Users\\hask777\\Desktop\\projects\\PHP\\laravel10-api-passport\\vendor\\laravel\\framework\\src\\Illuminate\\Foundation\\Application.php(986): Illuminate\\Container\\Container->resolve()
#3 C:\\Users\\hask777\\Desktop\\projects\\PHP\\laravel10-api-passport\\vendor\\laravel\\framework\\src\\Illuminate\\Container\\Container.php(731): Illuminate\\Foundation\\Application->resolve()
#4 C:\\Users\\hask777\\Desktop\\projects\\PHP\\laravel10-api-passport\\vendor\\laravel\\framework\\src\\Illuminate\\Foundation\\Application.php(971): Illuminate\\Container\\Container->make()
#5 C:\\Users\\hask777\\Desktop\\projects\\PHP\\laravel10-api-passport\\vendor\\laravel\\framework\\src\\Illuminate\\Foundation\\Http\\Kernel.php(255): Illuminate\\Foundation\\Application->make()
#6 C:\\Users\\hask777\\Desktop\\projects\\PHP\\laravel10-api-passport\\vendor\\laravel\\framework\\src\\Illuminate\\Foundation\\Http\\Kernel.php(213): Illuminate\\Foundation\\Http\\Kernel->terminateMiddleware()
#7 C:\\Users\\hask777\\Desktop\\projects\\PHP\\laravel10-api-passport\\public\\index.php(55): Illuminate\\Foundation\\Http\\Kernel->terminate()
#8 C:\\Users\\hask777\\Desktop\\projects\\PHP\\laravel10-api-passport\\vendor\\laravel\\framework\\src\\Illuminate\\Foundation\\resources\\server.php(16): require_once('...')
#9 {main}
"} 
[2025-03-16 13:24:10] local.ERROR: Target class [auth.api] does not exist. {"exception":"[object] (Illuminate\\Contracts\\Container\\BindingResolutionException(code: 0): Target class [auth.api] does not exist. at C:\\Users\\hask777\\Desktop\\projects\\PHP\\laravel10-api-passport\\vendor\\laravel\\framework\\src\\Illuminate\\Container\\Container.php:914)
[stacktrace]
#0 C:\\Users\\hask777\\Desktop\\projects\\PHP\\laravel10-api-passport\\vendor\\laravel\\framework\\src\\Illuminate\\Container\\Container.php(795): Illuminate\\Container\\Container->build()
#1 C:\\Users\\hask777\\Desktop\\projects\\PHP\\laravel10-api-passport\\vendor\\laravel\\framework\\src\\Illuminate\\Foundation\\Application.php(986): Illuminate\\Container\\Container->resolve()
#2 C:\\Users\\hask777\\Desktop\\projects\\PHP\\laravel10-api-passport\\vendor\\laravel\\framework\\src\\Illuminate\\Container\\Container.php(731): Illuminate\\Foundation\\Application->resolve()
#3 C:\\Users\\hask777\\Desktop\\projects\\PHP\\laravel10-api-passport\\vendor\\laravel\\framework\\src\\Illuminate\\Foundation\\Application.php(971): Illuminate\\Container\\Container->make()
#4 C:\\Users\\hask777\\Desktop\\projects\\PHP\\laravel10-api-passport\\vendor\\laravel\\framework\\src\\Illuminate\\Pipeline\\Pipeline.php(172): Illuminate\\Foundation\\Application->make()
#5 C:\\Users\\hask777\\Desktop\\projects\\PHP\\laravel10-api-passport\\vendor\\laravel\\framework\\src\\Illuminate\\Routing\\Middleware\\SubstituteBindings.php(50): Illuminate\\Pipeline\\Pipeline->Illuminate\\Pipeline\\{closure}()
#6 C:\\Users\\hask777\\Desktop\\projects\\PHP\\laravel10-api-passport\\vendor\\laravel\\framework\\src\\Illuminate\\Pipeline\\Pipeline.php(183): Illuminate\\Routing\\Middleware\\SubstituteBindings->handle()
#7 C:\\Users\\hask777\\Desktop\\projects\\PHP\\laravel10-api-passport\\vendor\\laravel\\framework\\src\\Illuminate\\Routing\\Middleware\\ThrottleRequests.php(159): Illuminate\\Pipeline\\Pipeline->Illuminate\\Pipeline\\{closure}()
#8 C:\\Users\\hask777\\Desktop\\projects\\PHP\\laravel10-api-passport\\vendor\\laravel\\framework\\src\\Illuminate\\Routing\\Middleware\\ThrottleRequests.php(125): Illuminate\\Routing\\Middleware\\ThrottleRequests->handleRequest()
#9 C:\\Users\\hask777\\Desktop\\projects\\PHP\\laravel10-api-passport\\vendor\\laravel\\framework\\src\\Illuminate\\Routing\\Middleware\\ThrottleRequests.php(87): Illuminate\\Routing\\Middleware\\ThrottleRequests->handleRequestUsingNamedLimiter()
#10 C:\\Users\\hask777\\Desktop\\projects\\PHP\\laravel10-api-passport\\vendor\\laravel\\framework\\src\\Illuminate\\Pipeline\\Pipeline.php(183): Illuminate\\Routing\\Middleware\\ThrottleRequests->handle()
#11 C:\\Users\\hask777\\Desktop\\projects\\PHP\\laravel10-api-passport\\vendor\\laravel\\framework\\src\\Illuminate\\Pipeline\\Pipeline.php(119): Illuminate\\Pipeline\\Pipeline->Illuminate\\Pipeline\\{closure}()
#12 C:\\Users\\hask777\\Desktop\\projects\\PHP\\laravel10-api-passport\\vendor\\laravel\\framework\\src\\Illuminate\\Routing\\Router.php(805): Illuminate\\Pipeline\\Pipeline->then()
#13 C:\\Users\\hask777\\Desktop\\projects\\PHP\\laravel10-api-passport\\vendor\\laravel\\framework\\src\\Illuminate\\Routing\\Router.php(784): Illuminate\\Routing\\Router->runRouteWithinStack()
#14 C:\\Users\\hask777\\Desktop\\projects\\PHP\\laravel10-api-passport\\vendor\\laravel\\framework\\src\\Illuminate\\Routing\\Router.php(748): Illuminate\\Routing\\Router->runRoute()
#15 C:\\Users\\hask777\\Desktop\\projects\\PHP\\laravel10-api-passport\\vendor\\laravel\\framework\\src\\Illuminate\\Routing\\Router.php(737): Illuminate\\Routing\\Router->dispatchToRoute()
#16 C:\\Users\\hask777\\Desktop\\projects\\PHP\\laravel10-api-passport\\vendor\\laravel\\framework\\src\\Illuminate\\Foundation\\Http\\Kernel.php(200): Illuminate\\Routing\\Router->dispatch()
#17 C:\\Users\\hask777\\Desktop\\projects\\PHP\\laravel10-api-passport\\vendor\\laravel\\framework\\src\\Illuminate\\Pipeline\\Pipeline.php(144): Illuminate\\Foundation\\Http\\Kernel->Illuminate\\Foundation\\Http\\{closure}()
#18 C:\\Users\\hask777\\Desktop\\projects\\PHP\\laravel10-api-passport\\vendor\\laravel\\framework\\src\\Illuminate\\Foundation\\Http\\Middleware\\TransformsRequest.php(21): Illuminate\\Pipeline\\Pipeline->Illuminate\\Pipeline\\{closure}()
#19 C:\\Users\\hask777\\Desktop\\projects\\PHP\\laravel10-api-passport\\vendor\\laravel\\framework\\src\\Illuminate\\Foundation\\Http\\Middleware\\ConvertEmptyStringsToNull.php(31): Illuminate\\Foundation\\Http\\Middleware\\TransformsRequest->handle()
#20 C:\\Users\\hask777\\Desktop\\projects\\PHP\\laravel10-api-passport\\vendor\\laravel\\framework\\src\\Illuminate\\Pipeline\\Pipeline.php(183): Illuminate\\Foundation\\Http\\Middleware\\ConvertEmptyStringsToNull->handle()
#21 C:\\Users\\hask777\\Desktop\\projects\\PHP\\laravel10-api-passport\\vendor\\laravel\\framework\\src\\Illuminate\\Foundation\\Http\\Middleware\\TransformsRequest.php(21): Illuminate\\Pipeline\\Pipeline->Illuminate\\Pipeline\\{closure}()
#22 C:\\Users\\hask777\\Desktop\\projects\\PHP\\laravel10-api-passport\\vendor\\laravel\\framework\\src\\Illuminate\\Foundation\\Http\\Middleware\\TrimStrings.php(40): Illuminate\\Foundation\\Http\\Middleware\\TransformsRequest->handle()
#23 C:\\Users\\hask777\\Desktop\\projects\\PHP\\laravel10-api-passport\\vendor\\laravel\\framework\\src\\Illuminate\\Pipeline\\Pipeline.php(183): Illuminate\\Foundation\\Http\\Middleware\\TrimStrings->handle()
#24 C:\\Users\\hask777\\Desktop\\projects\\PHP\\laravel10-api-passport\\vendor\\laravel\\framework\\src\\Illuminate\\Foundation\\Http\\Middleware\\ValidatePostSize.php(27): Illuminate\\Pipeline\\Pipeline->Illuminate\\Pipeline\\{closure}()
#25 C:\\Users\\hask777\\Desktop\\projects\\PHP\\laravel10-api-passport\\vendor\\laravel\\framework\\src\\Illuminate\\Pipeline\\Pipeline.php(183): Illuminate\\Foundation\\Http\\Middleware\\ValidatePostSize->handle()
#26 C:\\Users\\hask777\\Desktop\\projects\\PHP\\laravel10-api-passport\\vendor\\laravel\\framework\\src\\Illuminate\\Foundation\\Http\\Middleware\\PreventRequestsDuringMaintenance.php(99): Illuminate\\Pipeline\\Pipeline->Illuminate\\Pipeline\\{closure}()
#27 C:\\Users\\hask777\\Desktop\\projects\\PHP\\laravel10-api-passport\\vendor\\laravel\\framework\\src\\Illuminate\\Pipeline\\Pipeline.php(183): Illuminate\\Foundation\\Http\\Middleware\\PreventRequestsDuringMaintenance->handle()
#28 C:\\Users\\hask777\\Desktop\\projects\\PHP\\laravel10-api-passport\\vendor\\laravel\\framework\\src\\Illuminate\\Http\\Middleware\\HandleCors.php(62): Illuminate\\Pipeline\\Pipeline->Illuminate\\Pipeline\\{closure}()
#29 C:\\Users\\hask777\\Desktop\\projects\\PHP\\laravel10-api-passport\\vendor\\laravel\\framework\\src\\Illuminate\\Pipeline\\Pipeline.php(183): Illuminate\\Http\\Middleware\\HandleCors->handle()
#30 C:\\Users\\hask777\\Desktop\\projects\\PHP\\laravel10-api-passport\\vendor\\laravel\\framework\\src\\Illuminate\\Http\\Middleware\\TrustProxies.php(39): Illuminate\\Pipeline\\Pipeline->Illuminate\\Pipeline\\{closure}()
#31 C:\\Users\\hask777\\Desktop\\projects\\PHP\\laravel10-api-passport\\vendor\\laravel\\framework\\src\\Illuminate\\Pipeline\\Pipeline.php(183): Illuminate\\Http\\Middleware\\TrustProxies->handle()
#32 C:\\Users\\hask777\\Desktop\\projects\\PHP\\laravel10-api-passport\\vendor\\laravel\\framework\\src\\Illuminate\\Pipeline\\Pipeline.php(119): Illuminate\\Pipeline\\Pipeline->Illuminate\\Pipeline\\{closure}()
#33 C:\\Users\\hask777\\Desktop\\projects\\PHP\\laravel10-api-passport\\vendor\\laravel\\framework\\src\\Illuminate\\Foundation\\Http\\Kernel.php(175): Illuminate\\Pipeline\\Pipeline->then()
#34 C:\\Users\\hask777\\Desktop\\projects\\PHP\\laravel10-api-passport\\vendor\\laravel\\framework\\src\\Illuminate\\Foundation\\Http\\Kernel.php(144): Illuminate\\Foundation\\Http\\Kernel->sendRequestThroughRouter()
#35 C:\\Users\\hask777\\Desktop\\projects\\PHP\\laravel10-api-passport\\public\\index.php(51): Illuminate\\Foundation\\Http\\Kernel->handle()
#36 C:\\Users\\hask777\\Desktop\\projects\\PHP\\laravel10-api-passport\\vendor\\laravel\\framework\\src\\Illuminate\\Foundation\\resources\\server.php(16): require_once('...')
#37 {main}

[previous exception] [object] (ReflectionException(code: -1): Class \"auth.api\" does not exist at C:\\Users\\hask777\\Desktop\\projects\\PHP\\laravel10-api-passport\\vendor\\laravel\\framework\\src\\Illuminate\\Container\\Container.php:912)
[stacktrace]
#0 C:\\Users\\hask777\\Desktop\\projects\\PHP\\laravel10-api-passport\\vendor\\laravel\\framework\\src\\Illuminate\\Container\\Container.php(912): ReflectionClass->__construct()
#1 C:\\Users\\hask777\\Desktop\\projects\\PHP\\laravel10-api-passport\\vendor\\laravel\\framework\\src\\Illuminate\\Container\\Container.php(795): Illuminate\\Container\\Container->build()
#2 C:\\Users\\hask777\\Desktop\\projects\\PHP\\laravel10-api-passport\\vendor\\laravel\\framework\\src\\Illuminate\\Foundation\\Application.php(986): Illuminate\\Container\\Container->resolve()
#3 C:\\Users\\hask777\\Desktop\\projects\\PHP\\laravel10-api-passport\\vendor\\laravel\\framework\\src\\Illuminate\\Container\\Container.php(731): Illuminate\\Foundation\\Application->resolve()
#4 C:\\Users\\hask777\\Desktop\\projects\\PHP\\laravel10-api-passport\\vendor\\laravel\\framework\\src\\Illuminate\\Foundation\\Application.php(971): Illuminate\\Container\\Container->make()
#5 C:\\Users\\hask777\\Desktop\\projects\\PHP\\laravel10-api-passport\\vendor\\laravel\\framework\\src\\Illuminate\\Pipeline\\Pipeline.php(172): Illuminate\\Foundation\\Application->make()
#6 C:\\Users\\hask777\\Desktop\\projects\\PHP\\laravel10-api-passport\\vendor\\laravel\\framework\\src\\Illuminate\\Routing\\Middleware\\SubstituteBindings.php(50): Illuminate\\Pipeline\\Pipeline->Illuminate\\Pipeline\\{closure}()
#7 C:\\Users\\hask777\\Desktop\\projects\\PHP\\laravel10-api-passport\\vendor\\laravel\\framework\\src\\Illuminate\\Pipeline\\Pipeline.php(183): Illuminate\\Routing\\Middleware\\SubstituteBindings->handle()
#8 C:\\Users\\hask777\\Desktop\\projects\\PHP\\laravel10-api-passport\\vendor\\laravel\\framework\\src\\Illuminate\\Routing\\Middleware\\ThrottleRequests.php(159): Illuminate\\Pipeline\\Pipeline->Illuminate\\Pipeline\\{closure}()
#9 C:\\Users\\hask777\\Desktop\\projects\\PHP\\laravel10-api-passport\\vendor\\laravel\\framework\\src\\Illuminate\\Routing\\Middleware\\ThrottleRequests.php(125): Illuminate\\Routing\\Middleware\\ThrottleRequests->handleRequest()
#10 C:\\Users\\hask777\\Desktop\\projects\\PHP\\laravel10-api-passport\\vendor\\laravel\\framework\\src\\Illuminate\\Routing\\Middleware\\ThrottleRequests.php(87): Illuminate\\Routing\\Middleware\\ThrottleRequests->handleRequestUsingNamedLimiter()
#11 C:\\Users\\hask777\\Desktop\\projects\\PHP\\laravel10-api-passport\\vendor\\laravel\\framework\\src\\Illuminate\\Pipeline\\Pipeline.php(183): Illuminate\\Routing\\Middleware\\ThrottleRequests->handle()
#12 C:\\Users\\hask777\\Desktop\\projects\\PHP\\laravel10-api-passport\\vendor\\laravel\\framework\\src\\Illuminate\\Pipeline\\Pipeline.php(119): Illuminate\\Pipeline\\Pipeline->Illuminate\\Pipeline\\{closure}()
#13 C:\\Users\\hask777\\Desktop\\projects\\PHP\\laravel10-api-passport\\vendor\\laravel\\framework\\src\\Illuminate\\Routing\\Router.php(805): Illuminate\\Pipeline\\Pipeline->then()
#14 C:\\Users\\hask777\\Desktop\\projects\\PHP\\laravel10-api-passport\\vendor\\laravel\\framework\\src\\Illuminate\\Routing\\Router.php(784): Illuminate\\Routing\\Router->runRouteWithinStack()
#15 C:\\Users\\hask777\\Desktop\\projects\\PHP\\laravel10-api-passport\\vendor\\laravel\\framework\\src\\Illuminate\\Routing\\Router.php(748): Illuminate\\Routing\\Router->runRoute()
#16 C:\\Users\\hask777\\Desktop\\projects\\PHP\\laravel10-api-passport\\vendor\\laravel\\framework\\src\\Illuminate\\Routing\\Router.php(737): Illuminate\\Routing\\Router->dispatchToRoute()
#17 C:\\Users\\hask777\\Desktop\\projects\\PHP\\laravel10-api-passport\\vendor\\laravel\\framework\\src\\Illuminate\\Foundation\\Http\\Kernel.php(200): Illuminate\\Routing\\Router->dispatch()
#18 C:\\Users\\hask777\\Desktop\\projects\\PHP\\laravel10-api-passport\\vendor\\laravel\\framework\\src\\Illuminate\\Pipeline\\Pipeline.php(144): Illuminate\\Foundation\\Http\\Kernel->Illuminate\\Foundation\\Http\\{closure}()
#19 C:\\Users\\hask777\\Desktop\\projects\\PHP\\laravel10-api-passport\\vendor\\laravel\\framework\\src\\Illuminate\\Foundation\\Http\\Middleware\\TransformsRequest.php(21): Illuminate\\Pipeline\\Pipeline->Illuminate\\Pipeline\\{closure}()
#20 C:\\Users\\hask777\\Desktop\\projects\\PHP\\laravel10-api-passport\\vendor\\laravel\\framework\\src\\Illuminate\\Foundation\\Http\\Middleware\\ConvertEmptyStringsToNull.php(31): Illuminate\\Foundation\\Http\\Middleware\\TransformsRequest->handle()
#21 C:\\Users\\hask777\\Desktop\\projects\\PHP\\laravel10-api-passport\\vendor\\laravel\\framework\\src\\Illuminate\\Pipeline\\Pipeline.php(183): Illuminate\\Foundation\\Http\\Middleware\\ConvertEmptyStringsToNull->handle()
#22 C:\\Users\\hask777\\Desktop\\projects\\PHP\\laravel10-api-passport\\vendor\\laravel\\framework\\src\\Illuminate\\Foundation\\Http\\Middleware\\TransformsRequest.php(21): Illuminate\\Pipeline\\Pipeline->Illuminate\\Pipeline\\{closure}()
#23 C:\\Users\\hask777\\Desktop\\projects\\PHP\\laravel10-api-passport\\vendor\\laravel\\framework\\src\\Illuminate\\Foundation\\Http\\Middleware\\TrimStrings.php(40): Illuminate\\Foundation\\Http\\Middleware\\TransformsRequest->handle()
#24 C:\\Users\\hask777\\Desktop\\projects\\PHP\\laravel10-api-passport\\vendor\\laravel\\framework\\src\\Illuminate\\Pipeline\\Pipeline.php(183): Illuminate\\Foundation\\Http\\Middleware\\TrimStrings->handle()
#25 C:\\Users\\hask777\\Desktop\\projects\\PHP\\laravel10-api-passport\\vendor\\laravel\\framework\\src\\Illuminate\\Foundation\\Http\\Middleware\\ValidatePostSize.php(27): Illuminate\\Pipeline\\Pipeline->Illuminate\\Pipeline\\{closure}()
#26 C:\\Users\\hask777\\Desktop\\projects\\PHP\\laravel10-api-passport\\vendor\\laravel\\framework\\src\\Illuminate\\Pipeline\\Pipeline.php(183): Illuminate\\Foundation\\Http\\Middleware\\ValidatePostSize->handle()
#27 C:\\Users\\hask777\\Desktop\\projects\\PHP\\laravel10-api-passport\\vendor\\laravel\\framework\\src\\Illuminate\\Foundation\\Http\\Middleware\\PreventRequestsDuringMaintenance.php(99): Illuminate\\Pipeline\\Pipeline->Illuminate\\Pipeline\\{closure}()
#28 C:\\Users\\hask777\\Desktop\\projects\\PHP\\laravel10-api-passport\\vendor\\laravel\\framework\\src\\Illuminate\\Pipeline\\Pipeline.php(183): Illuminate\\Foundation\\Http\\Middleware\\PreventRequestsDuringMaintenance->handle()
#29 C:\\Users\\hask777\\Desktop\\projects\\PHP\\laravel10-api-passport\\vendor\\laravel\\framework\\src\\Illuminate\\Http\\Middleware\\HandleCors.php(62): Illuminate\\Pipeline\\Pipeline->Illuminate\\Pipeline\\{closure}()
#30 C:\\Users\\hask777\\Desktop\\projects\\PHP\\laravel10-api-passport\\vendor\\laravel\\framework\\src\\Illuminate\\Pipeline\\Pipeline.php(183): Illuminate\\Http\\Middleware\\HandleCors->handle()
#31 C:\\Users\\hask777\\Desktop\\projects\\PHP\\laravel10-api-passport\\vendor\\laravel\\framework\\src\\Illuminate\\Http\\Middleware\\TrustProxies.php(39): Illuminate\\Pipeline\\Pipeline->Illuminate\\Pipeline\\{closure}()
#32 C:\\Users\\hask777\\Desktop\\projects\\PHP\\laravel10-api-passport\\vendor\\laravel\\framework\\src\\Illuminate\\Pipeline\\Pipeline.php(183): Illuminate\\Http\\Middleware\\TrustProxies->handle()
#33 C:\\Users\\hask777\\Desktop\\projects\\PHP\\laravel10-api-passport\\vendor\\laravel\\framework\\src\\Illuminate\\Pipeline\\Pipeline.php(119): Illuminate\\Pipeline\\Pipeline->Illuminate\\Pipeline\\{closure}()
#34 C:\\Users\\hask777\\Desktop\\projects\\PHP\\laravel10-api-passport\\vendor\\laravel\\framework\\src\\Illuminate\\Foundation\\Http\\Kernel.php(175): Illuminate\\Pipeline\\Pipeline->then()
#35 C:\\Users\\hask777\\Desktop\\projects\\PHP\\laravel10-api-passport\\vendor\\laravel\\framework\\src\\Illuminate\\Foundation\\Http\\Kernel.php(144): Illuminate\\Foundation\\Http\\Kernel->sendRequestThroughRouter()
#36 C:\\Users\\hask777\\Desktop\\projects\\PHP\\laravel10-api-passport\\public\\index.php(51): Illuminate\\Foundation\\Http\\Kernel->handle()
#37 C:\\Users\\hask777\\Desktop\\projects\\PHP\\laravel10-api-passport\\vendor\\laravel\\framework\\src\\Illuminate\\Foundation\\resources\\server.php(16): require_once('...')
#38 {main}
"} 
[2025-03-16 13:24:10] local.ERROR: Target class [auth.api] does not exist. {"exception":"[object] (Illuminate\\Contracts\\Container\\BindingResolutionException(code: 0): Target class [auth.api] does not exist. at C:\\Users\\hask777\\Desktop\\projects\\PHP\\laravel10-api-passport\\vendor\\laravel\\framework\\src\\Illuminate\\Container\\Container.php:914)
[stacktrace]
#0 C:\\Users\\hask777\\Desktop\\projects\\PHP\\laravel10-api-passport\\vendor\\laravel\\framework\\src\\Illuminate\\Container\\Container.php(795): Illuminate\\Container\\Container->build()
#1 C:\\Users\\hask777\\Desktop\\projects\\PHP\\laravel10-api-passport\\vendor\\laravel\\framework\\src\\Illuminate\\Foundation\\Application.php(986): Illuminate\\Container\\Container->resolve()
#2 C:\\Users\\hask777\\Desktop\\projects\\PHP\\laravel10-api-passport\\vendor\\laravel\\framework\\src\\Illuminate\\Container\\Container.php(731): Illuminate\\Foundation\\Application->resolve()
#3 C:\\Users\\hask777\\Desktop\\projects\\PHP\\laravel10-api-passport\\vendor\\laravel\\framework\\src\\Illuminate\\Foundation\\Application.php(971): Illuminate\\Container\\Container->make()
#4 C:\\Users\\hask777\\Desktop\\projects\\PHP\\laravel10-api-passport\\vendor\\laravel\\framework\\src\\Illuminate\\Foundation\\Http\\Kernel.php(255): Illuminate\\Foundation\\Application->make()
#5 C:\\Users\\hask777\\Desktop\\projects\\PHP\\laravel10-api-passport\\vendor\\laravel\\framework\\src\\Illuminate\\Foundation\\Http\\Kernel.php(213): Illuminate\\Foundation\\Http\\Kernel->terminateMiddleware()
#6 C:\\Users\\hask777\\Desktop\\projects\\PHP\\laravel10-api-passport\\public\\index.php(55): Illuminate\\Foundation\\Http\\Kernel->terminate()
#7 C:\\Users\\hask777\\Desktop\\projects\\PHP\\laravel10-api-passport\\vendor\\laravel\\framework\\src\\Illuminate\\Foundation\\resources\\server.php(16): require_once('...')
#8 {main}

[previous exception] [object] (ReflectionException(code: -1): Class \"auth.api\" does not exist at C:\\Users\\hask777\\Desktop\\projects\\PHP\\laravel10-api-passport\\vendor\\laravel\\framework\\src\\Illuminate\\Container\\Container.php:912)
[stacktrace]
#0 C:\\Users\\hask777\\Desktop\\projects\\PHP\\laravel10-api-passport\\vendor\\laravel\\framework\\src\\Illuminate\\Container\\Container.php(912): ReflectionClass->__construct()
#1 C:\\Users\\hask777\\Desktop\\projects\\PHP\\laravel10-api-passport\\vendor\\laravel\\framework\\src\\Illuminate\\Container\\Container.php(795): Illuminate\\Container\\Container->build()
#2 C:\\Users\\hask777\\Desktop\\projects\\PHP\\laravel10-api-passport\\vendor\\laravel\\framework\\src\\Illuminate\\Foundation\\Application.php(986): Illuminate\\Container\\Container->resolve()
#3 C:\\Users\\hask777\\Desktop\\projects\\PHP\\laravel10-api-passport\\vendor\\laravel\\framework\\src\\Illuminate\\Container\\Container.php(731): Illuminate\\Foundation\\Application->resolve()
#4 C:\\Users\\hask777\\Desktop\\projects\\PHP\\laravel10-api-passport\\vendor\\laravel\\framework\\src\\Illuminate\\Foundation\\Application.php(971): Illuminate\\Container\\Container->make()
#5 C:\\Users\\hask777\\Desktop\\projects\\PHP\\laravel10-api-passport\\vendor\\laravel\\framework\\src\\Illuminate\\Foundation\\Http\\Kernel.php(255): Illuminate\\Foundation\\Application->make()
#6 C:\\Users\\hask777\\Desktop\\projects\\PHP\\laravel10-api-passport\\vendor\\laravel\\framework\\src\\Illuminate\\Foundation\\Http\\Kernel.php(213): Illuminate\\Foundation\\Http\\Kernel->terminateMiddleware()
#7 C:\\Users\\hask777\\Desktop\\projects\\PHP\\laravel10-api-passport\\public\\index.php(55): Illuminate\\Foundation\\Http\\Kernel->terminate()
#8 C:\\Users\\hask777\\Desktop\\projects\\PHP\\laravel10-api-passport\\vendor\\laravel\\framework\\src\\Illuminate\\Foundation\\resources\\server.php(16): require_once('...')
#9 {main}
"} 
[2025-03-16 13:24:43] local.ERROR: App\Modules\Admin\Menu\Models\Menu::scopeFrontMenu(): Argument #2 ($user) must be of type App\Modules\Admin\User\Models\User, null given, called in C:\Users\hask777\Desktop\projects\PHP\laravel10-api-passport\vendor\laravel\framework\src\Illuminate\Database\Eloquent\Model.php on line 1627 {"exception":"[object] (TypeError(code: 0): App\\Modules\\Admin\\Menu\\Models\\Menu::scopeFrontMenu(): Argument #2 ($user) must be of type App\\Modules\\Admin\\User\\Models\\User, null given, called in C:\\Users\\hask777\\Desktop\\projects\\PHP\\laravel10-api-passport\\vendor\\laravel\\framework\\src\\Illuminate\\Database\\Eloquent\\Model.php on line 1627 at C:\\Users\\hask777\\Desktop\\projects\\PHP\\laravel10-api-passport\\app\\Modules\\Admin\\Menu\\Models\\Menu.php:23)
[stacktrace]
#0 C:\\Users\\hask777\\Desktop\\projects\\PHP\\laravel10-api-passport\\vendor\\laravel\\framework\\src\\Illuminate\\Database\\Eloquent\\Model.php(1627): App\\Modules\\Admin\\Menu\\Models\\Menu->scopeFrontMenu()
#1 C:\\Users\\hask777\\Desktop\\projects\\PHP\\laravel10-api-passport\\vendor\\laravel\\framework\\src\\Illuminate\\Database\\Eloquent\\Builder.php(1415): Illuminate\\Database\\Eloquent\\Model->callNamedScope()
#2 C:\\Users\\hask777\\Desktop\\projects\\PHP\\laravel10-api-passport\\vendor\\laravel\\framework\\src\\Illuminate\\Database\\Eloquent\\Builder.php(1396): Illuminate\\Database\\Eloquent\\Builder->Illuminate\\Database\\Eloquent\\{closure}()
#3 C:\\Users\\hask777\\Desktop\\projects\\PHP\\laravel10-api-passport\\vendor\\laravel\\framework\\src\\Illuminate\\Database\\Eloquent\\Builder.php(1414): Illuminate\\Database\\Eloquent\\Builder->callScope()
#4 C:\\Users\\hask777\\Desktop\\projects\\PHP\\laravel10-api-passport\\vendor\\laravel\\framework\\src\\Illuminate\\Database\\Eloquent\\Builder.php(1978): Illuminate\\Database\\Eloquent\\Builder->callNamedScope()
#5 C:\\Users\\hask777\\Desktop\\projects\\PHP\\laravel10-api-passport\\vendor\\laravel\\framework\\src\\Illuminate\\Support\\Traits\\ForwardsCalls.php(23): Illuminate\\Database\\Eloquent\\Builder->__call()
#6 C:\\Users\\hask777\\Desktop\\projects\\PHP\\laravel10-api-passport\\vendor\\laravel\\framework\\src\\Illuminate\\Database\\Eloquent\\Model.php(2335): Illuminate\\Database\\Eloquent\\Model->forwardCallTo()
#7 C:\\Users\\hask777\\Desktop\\projects\\PHP\\laravel10-api-passport\\vendor\\laravel\\framework\\src\\Illuminate\\Database\\Eloquent\\Model.php(2347): Illuminate\\Database\\Eloquent\\Model->__call()
#8 C:\\Users\\hask777\\Desktop\\projects\\PHP\\laravel10-api-passport\\app\\Modules\\Admin\\Menu\\Controllers\\Api\\MenuController.php(23): Illuminate\\Database\\Eloquent\\Model::__callStatic()
#9 C:\\Users\\hask777\\Desktop\\projects\\PHP\\laravel10-api-passport\\vendor\\laravel\\framework\\src\\Illuminate\\Routing\\Controller.php(54): App\\Modules\\Admin\\Menu\\Controllers\\Api\\MenuController->index()
#10 C:\\Users\\hask777\\Desktop\\projects\\PHP\\laravel10-api-passport\\vendor\\laravel\\framework\\src\\Illuminate\\Routing\\ControllerDispatcher.php(43): Illuminate\\Routing\\Controller->callAction()
#11 C:\\Users\\hask777\\Desktop\\projects\\PHP\\laravel10-api-passport\\vendor\\laravel\\framework\\src\\Illuminate\\Routing\\Route.php(259): Illuminate\\Routing\\ControllerDispatcher->dispatch()
#12 C:\\Users\\hask777\\Desktop\\projects\\PHP\\laravel10-api-passport\\vendor\\laravel\\framework\\src\\Illuminate\\Routing\\Route.php(205): Illuminate\\Routing\\Route->runController()
#13 C:\\Users\\hask777\\Desktop\\projects\\PHP\\laravel10-api-passport\\vendor\\laravel\\framework\\src\\Illuminate\\Routing\\Router.php(806): Illuminate\\Routing\\Route->run()
#14 C:\\Users\\hask777\\Desktop\\projects\\PHP\\laravel10-api-passport\\vendor\\laravel\\framework\\src\\Illuminate\\Pipeline\\Pipeline.php(144): Illuminate\\Routing\\Router->Illuminate\\Routing\\{closure}()
#15 C:\\Users\\hask777\\Desktop\\projects\\PHP\\laravel10-api-passport\\vendor\\laravel\\framework\\src\\Illuminate\\Routing\\Middleware\\SubstituteBindings.php(50): Illuminate\\Pipeline\\Pipeline->Illuminate\\Pipeline\\{closure}()
#16 C:\\Users\\hask777\\Desktop\\projects\\PHP\\laravel10-api-passport\\vendor\\laravel\\framework\\src\\Illuminate\\Pipeline\\Pipeline.php(183): Illuminate\\Routing\\Middleware\\SubstituteBindings->handle()
#17 C:\\Users\\hask777\\Desktop\\projects\\PHP\\laravel10-api-passport\\vendor\\laravel\\framework\\src\\Illuminate\\Routing\\Middleware\\ThrottleRequests.php(159): Illuminate\\Pipeline\\Pipeline->Illuminate\\Pipeline\\{closure}()
#18 C:\\Users\\hask777\\Desktop\\projects\\PHP\\laravel10-api-passport\\vendor\\laravel\\framework\\src\\Illuminate\\Routing\\Middleware\\ThrottleRequests.php(125): Illuminate\\Routing\\Middleware\\ThrottleRequests->handleRequest()
#19 C:\\Users\\hask777\\Desktop\\projects\\PHP\\laravel10-api-passport\\vendor\\laravel\\framework\\src\\Illuminate\\Routing\\Middleware\\ThrottleRequests.php(87): Illuminate\\Routing\\Middleware\\ThrottleRequests->handleRequestUsingNamedLimiter()
#20 C:\\Users\\hask777\\Desktop\\projects\\PHP\\laravel10-api-passport\\vendor\\laravel\\framework\\src\\Illuminate\\Pipeline\\Pipeline.php(183): Illuminate\\Routing\\Middleware\\ThrottleRequests->handle()
#21 C:\\Users\\hask777\\Desktop\\projects\\PHP\\laravel10-api-passport\\vendor\\laravel\\framework\\src\\Illuminate\\Pipeline\\Pipeline.php(119): Illuminate\\Pipeline\\Pipeline->Illuminate\\Pipeline\\{closure}()
#22 C:\\Users\\hask777\\Desktop\\projects\\PHP\\laravel10-api-passport\\vendor\\laravel\\framework\\src\\Illuminate\\Routing\\Router.php(805): Illuminate\\Pipeline\\Pipeline->then()
#23 C:\\Users\\hask777\\Desktop\\projects\\PHP\\laravel10-api-passport\\vendor\\laravel\\framework\\src\\Illuminate\\Routing\\Router.php(784): Illuminate\\Routing\\Router->runRouteWithinStack()
#24 C:\\Users\\hask777\\Desktop\\projects\\PHP\\laravel10-api-passport\\vendor\\laravel\\framework\\src\\Illuminate\\Routing\\Router.php(748): Illuminate\\Routing\\Router->runRoute()
#25 C:\\Users\\hask777\\Desktop\\projects\\PHP\\laravel10-api-passport\\vendor\\laravel\\framework\\src\\Illuminate\\Routing\\Router.php(737): Illuminate\\Routing\\Router->dispatchToRoute()
#26 C:\\Users\\hask777\\Desktop\\projects\\PHP\\laravel10-api-passport\\vendor\\laravel\\framework\\src\\Illuminate\\Foundation\\Http\\Kernel.php(200): Illuminate\\Routing\\Router->dispatch()
#27 C:\\Users\\hask777\\Desktop\\projects\\PHP\\laravel10-api-passport\\vendor\\laravel\\framework\\src\\Illuminate\\Pipeline\\Pipeline.php(144): Illuminate\\Foundation\\Http\\Kernel->Illuminate\\Foundation\\Http\\{closure}()
#28 C:\\Users\\hask777\\Desktop\\projects\\PHP\\laravel10-api-passport\\vendor\\laravel\\framework\\src\\Illuminate\\Foundation\\Http\\Middleware\\TransformsRequest.php(21): Illuminate\\Pipeline\\Pipeline->Illuminate\\Pipeline\\{closure}()
#29 C:\\Users\\hask777\\Desktop\\projects\\PHP\\laravel10-api-passport\\vendor\\laravel\\framework\\src\\Illuminate\\Foundation\\Http\\Middleware\\ConvertEmptyStringsToNull.php(31): Illuminate\\Foundation\\Http\\Middleware\\TransformsRequest->handle()
#30 C:\\Users\\hask777\\Desktop\\projects\\PHP\\laravel10-api-passport\\vendor\\laravel\\framework\\src\\Illuminate\\Pipeline\\Pipeline.php(183): Illuminate\\Foundation\\Http\\Middleware\\ConvertEmptyStringsToNull->handle()
#31 C:\\Users\\hask777\\Desktop\\projects\\PHP\\laravel10-api-passport\\vendor\\laravel\\framework\\src\\Illuminate\\Foundation\\Http\\Middleware\\TransformsRequest.php(21): Illuminate\\Pipeline\\Pipeline->Illuminate\\Pipeline\\{closure}()
#32 C:\\Users\\hask777\\Desktop\\projects\\PHP\\laravel10-api-passport\\vendor\\laravel\\framework\\src\\Illuminate\\Foundation\\Http\\Middleware\\TrimStrings.php(40): Illuminate\\Foundation\\Http\\Middleware\\TransformsRequest->handle()
#33 C:\\Users\\hask777\\Desktop\\projects\\PHP\\laravel10-api-passport\\vendor\\laravel\\framework\\src\\Illuminate\\Pipeline\\Pipeline.php(183): Illuminate\\Foundation\\Http\\Middleware\\TrimStrings->handle()
#34 C:\\Users\\hask777\\Desktop\\projects\\PHP\\laravel10-api-passport\\vendor\\laravel\\framework\\src\\Illuminate\\Foundation\\Http\\Middleware\\ValidatePostSize.php(27): Illuminate\\Pipeline\\Pipeline->Illuminate\\Pipeline\\{closure}()
#35 C:\\Users\\hask777\\Desktop\\projects\\PHP\\laravel10-api-passport\\vendor\\laravel\\framework\\src\\Illuminate\\Pipeline\\Pipeline.php(183): Illuminate\\Foundation\\Http\\Middleware\\ValidatePostSize->handle()
#36 C:\\Users\\hask777\\Desktop\\projects\\PHP\\laravel10-api-passport\\vendor\\laravel\\framework\\src\\Illuminate\\Foundation\\Http\\Middleware\\PreventRequestsDuringMaintenance.php(99): Illuminate\\Pipeline\\Pipeline->Illuminate\\Pipeline\\{closure}()
#37 C:\\Users\\hask777\\Desktop\\projects\\PHP\\laravel10-api-passport\\vendor\\laravel\\framework\\src\\Illuminate\\Pipeline\\Pipeline.php(183): Illuminate\\Foundation\\Http\\Middleware\\PreventRequestsDuringMaintenance->handle()
#38 C:\\Users\\hask777\\Desktop\\projects\\PHP\\laravel10-api-passport\\vendor\\laravel\\framework\\src\\Illuminate\\Http\\Middleware\\HandleCors.php(62): Illuminate\\Pipeline\\Pipeline->Illuminate\\Pipeline\\{closure}()
#39 C:\\Users\\hask777\\Desktop\\projects\\PHP\\laravel10-api-passport\\vendor\\laravel\\framework\\src\\Illuminate\\Pipeline\\Pipeline.php(183): Illuminate\\Http\\Middleware\\HandleCors->handle()
#40 C:\\Users\\hask777\\Desktop\\projects\\PHP\\laravel10-api-passport\\vendor\\laravel\\framework\\src\\Illuminate\\Http\\Middleware\\TrustProxies.php(39): Illuminate\\Pipeline\\Pipeline->Illuminate\\Pipeline\\{closure}()
#41 C:\\Users\\hask777\\Desktop\\projects\\PHP\\laravel10-api-passport\\vendor\\laravel\\framework\\src\\Illuminate\\Pipeline\\Pipeline.php(183): Illuminate\\Http\\Middleware\\TrustProxies->handle()
#42 C:\\Users\\hask777\\Desktop\\projects\\PHP\\laravel10-api-passport\\vendor\\laravel\\framework\\src\\Illuminate\\Pipeline\\Pipeline.php(119): Illuminate\\Pipeline\\Pipeline->Illuminate\\Pipeline\\{closure}()
#43 C:\\Users\\hask777\\Desktop\\projects\\PHP\\laravel10-api-passport\\vendor\\laravel\\framework\\src\\Illuminate\\Foundation\\Http\\Kernel.php(175): Illuminate\\Pipeline\\Pipeline->then()
#44 C:\\Users\\hask777\\Desktop\\projects\\PHP\\laravel10-api-passport\\vendor\\laravel\\framework\\src\\Illuminate\\Foundation\\Http\\Kernel.php(144): Illuminate\\Foundation\\Http\\Kernel->sendRequestThroughRouter()
#45 C:\\Users\\hask777\\Desktop\\projects\\PHP\\laravel10-api-passport\\public\\index.php(51): Illuminate\\Foundation\\Http\\Kernel->handle()
#46 C:\\Users\\hask777\\Desktop\\projects\\PHP\\laravel10-api-passport\\vendor\\laravel\\framework\\src\\Illuminate\\Foundation\\resources\\server.php(16): require_once('...')
#47 {main}
"} 
[2025-03-16 13:25:15] local.ERROR: App\Modules\Admin\Menu\Models\Menu::scopeFrontMenu(): Argument #2 ($user) must be of type App\Modules\Admin\User\Models\User, null given, called in C:\Users\hask777\Desktop\projects\PHP\laravel10-api-passport\vendor\laravel\framework\src\Illuminate\Database\Eloquent\Model.php on line 1627 {"exception":"[object] (TypeError(code: 0): App\\Modules\\Admin\\Menu\\Models\\Menu::scopeFrontMenu(): Argument #2 ($user) must be of type App\\Modules\\Admin\\User\\Models\\User, null given, called in C:\\Users\\hask777\\Desktop\\projects\\PHP\\laravel10-api-passport\\vendor\\laravel\\framework\\src\\Illuminate\\Database\\Eloquent\\Model.php on line 1627 at C:\\Users\\hask777\\Desktop\\projects\\PHP\\laravel10-api-passport\\app\\Modules\\Admin\\Menu\\Models\\Menu.php:23)
[stacktrace]
#0 C:\\Users\\hask777\\Desktop\\projects\\PHP\\laravel10-api-passport\\vendor\\laravel\\framework\\src\\Illuminate\\Database\\Eloquent\\Model.php(1627): App\\Modules\\Admin\\Menu\\Models\\Menu->scopeFrontMenu()
#1 C:\\Users\\hask777\\Desktop\\projects\\PHP\\laravel10-api-passport\\vendor\\laravel\\framework\\src\\Illuminate\\Database\\Eloquent\\Builder.php(1415): Illuminate\\Database\\Eloquent\\Model->callNamedScope()
#2 C:\\Users\\hask777\\Desktop\\projects\\PHP\\laravel10-api-passport\\vendor\\laravel\\framework\\src\\Illuminate\\Database\\Eloquent\\Builder.php(1396): Illuminate\\Database\\Eloquent\\Builder->Illuminate\\Database\\Eloquent\\{closure}()
#3 C:\\Users\\hask777\\Desktop\\projects\\PHP\\laravel10-api-passport\\vendor\\laravel\\framework\\src\\Illuminate\\Database\\Eloquent\\Builder.php(1414): Illuminate\\Database\\Eloquent\\Builder->callScope()
#4 C:\\Users\\hask777\\Desktop\\projects\\PHP\\laravel10-api-passport\\vendor\\laravel\\framework\\src\\Illuminate\\Database\\Eloquent\\Builder.php(1978): Illuminate\\Database\\Eloquent\\Builder->callNamedScope()
#5 C:\\Users\\hask777\\Desktop\\projects\\PHP\\laravel10-api-passport\\vendor\\laravel\\framework\\src\\Illuminate\\Support\\Traits\\ForwardsCalls.php(23): Illuminate\\Database\\Eloquent\\Builder->__call()
#6 C:\\Users\\hask777\\Desktop\\projects\\PHP\\laravel10-api-passport\\vendor\\laravel\\framework\\src\\Illuminate\\Database\\Eloquent\\Model.php(2335): Illuminate\\Database\\Eloquent\\Model->forwardCallTo()
#7 C:\\Users\\hask777\\Desktop\\projects\\PHP\\laravel10-api-passport\\vendor\\laravel\\framework\\src\\Illuminate\\Database\\Eloquent\\Model.php(2347): Illuminate\\Database\\Eloquent\\Model->__call()
#8 C:\\Users\\hask777\\Desktop\\projects\\PHP\\laravel10-api-passport\\app\\Modules\\Admin\\Menu\\Controllers\\Api\\MenuController.php(23): Illuminate\\Database\\Eloquent\\Model::__callStatic()
#9 C:\\Users\\hask777\\Desktop\\projects\\PHP\\laravel10-api-passport\\vendor\\laravel\\framework\\src\\Illuminate\\Routing\\Controller.php(54): App\\Modules\\Admin\\Menu\\Controllers\\Api\\MenuController->index()
#10 C:\\Users\\hask777\\Desktop\\projects\\PHP\\laravel10-api-passport\\vendor\\laravel\\framework\\src\\Illuminate\\Routing\\ControllerDispatcher.php(43): Illuminate\\Routing\\Controller->callAction()
#11 C:\\Users\\hask777\\Desktop\\projects\\PHP\\laravel10-api-passport\\vendor\\laravel\\framework\\src\\Illuminate\\Routing\\Route.php(259): Illuminate\\Routing\\ControllerDispatcher->dispatch()
#12 C:\\Users\\hask777\\Desktop\\projects\\PHP\\laravel10-api-passport\\vendor\\laravel\\framework\\src\\Illuminate\\Routing\\Route.php(205): Illuminate\\Routing\\Route->runController()
#13 C:\\Users\\hask777\\Desktop\\projects\\PHP\\laravel10-api-passport\\vendor\\laravel\\framework\\src\\Illuminate\\Routing\\Router.php(806): Illuminate\\Routing\\Route->run()
#14 C:\\Users\\hask777\\Desktop\\projects\\PHP\\laravel10-api-passport\\vendor\\laravel\\framework\\src\\Illuminate\\Pipeline\\Pipeline.php(144): Illuminate\\Routing\\Router->Illuminate\\Routing\\{closure}()
#15 C:\\Users\\hask777\\Desktop\\projects\\PHP\\laravel10-api-passport\\vendor\\laravel\\framework\\src\\Illuminate\\Routing\\Middleware\\SubstituteBindings.php(50): Illuminate\\Pipeline\\Pipeline->Illuminate\\Pipeline\\{closure}()
#16 C:\\Users\\hask777\\Desktop\\projects\\PHP\\laravel10-api-passport\\vendor\\laravel\\framework\\src\\Illuminate\\Pipeline\\Pipeline.php(183): Illuminate\\Routing\\Middleware\\SubstituteBindings->handle()
#17 C:\\Users\\hask777\\Desktop\\projects\\PHP\\laravel10-api-passport\\vendor\\laravel\\framework\\src\\Illuminate\\Routing\\Middleware\\ThrottleRequests.php(159): Illuminate\\Pipeline\\Pipeline->Illuminate\\Pipeline\\{closure}()
#18 C:\\Users\\hask777\\Desktop\\projects\\PHP\\laravel10-api-passport\\vendor\\laravel\\framework\\src\\Illuminate\\Routing\\Middleware\\ThrottleRequests.php(125): Illuminate\\Routing\\Middleware\\ThrottleRequests->handleRequest()
#19 C:\\Users\\hask777\\Desktop\\projects\\PHP\\laravel10-api-passport\\vendor\\laravel\\framework\\src\\Illuminate\\Routing\\Middleware\\ThrottleRequests.php(87): Illuminate\\Routing\\Middleware\\ThrottleRequests->handleRequestUsingNamedLimiter()
#20 C:\\Users\\hask777\\Desktop\\projects\\PHP\\laravel10-api-passport\\vendor\\laravel\\framework\\src\\Illuminate\\Pipeline\\Pipeline.php(183): Illuminate\\Routing\\Middleware\\ThrottleRequests->handle()
#21 C:\\Users\\hask777\\Desktop\\projects\\PHP\\laravel10-api-passport\\vendor\\laravel\\framework\\src\\Illuminate\\Pipeline\\Pipeline.php(119): Illuminate\\Pipeline\\Pipeline->Illuminate\\Pipeline\\{closure}()
#22 C:\\Users\\hask777\\Desktop\\projects\\PHP\\laravel10-api-passport\\vendor\\laravel\\framework\\src\\Illuminate\\Routing\\Router.php(805): Illuminate\\Pipeline\\Pipeline->then()
#23 C:\\Users\\hask777\\Desktop\\projects\\PHP\\laravel10-api-passport\\vendor\\laravel\\framework\\src\\Illuminate\\Routing\\Router.php(784): Illuminate\\Routing\\Router->runRouteWithinStack()
#24 C:\\Users\\hask777\\Desktop\\projects\\PHP\\laravel10-api-passport\\vendor\\laravel\\framework\\src\\Illuminate\\Routing\\Router.php(748): Illuminate\\Routing\\Router->runRoute()
#25 C:\\Users\\hask777\\Desktop\\projects\\PHP\\laravel10-api-passport\\vendor\\laravel\\framework\\src\\Illuminate\\Routing\\Router.php(737): Illuminate\\Routing\\Router->dispatchToRoute()
#26 C:\\Users\\hask777\\Desktop\\projects\\PHP\\laravel10-api-passport\\vendor\\laravel\\framework\\src\\Illuminate\\Foundation\\Http\\Kernel.php(200): Illuminate\\Routing\\Router->dispatch()
#27 C:\\Users\\hask777\\Desktop\\projects\\PHP\\laravel10-api-passport\\vendor\\laravel\\framework\\src\\Illuminate\\Pipeline\\Pipeline.php(144): Illuminate\\Foundation\\Http\\Kernel->Illuminate\\Foundation\\Http\\{closure}()
#28 C:\\Users\\hask777\\Desktop\\projects\\PHP\\laravel10-api-passport\\vendor\\laravel\\framework\\src\\Illuminate\\Foundation\\Http\\Middleware\\TransformsRequest.php(21): Illuminate\\Pipeline\\Pipeline->Illuminate\\Pipeline\\{closure}()
#29 C:\\Users\\hask777\\Desktop\\projects\\PHP\\laravel10-api-passport\\vendor\\laravel\\framework\\src\\Illuminate\\Foundation\\Http\\Middleware\\ConvertEmptyStringsToNull.php(31): Illuminate\\Foundation\\Http\\Middleware\\TransformsRequest->handle()
#30 C:\\Users\\hask777\\Desktop\\projects\\PHP\\laravel10-api-passport\\vendor\\laravel\\framework\\src\\Illuminate\\Pipeline\\Pipeline.php(183): Illuminate\\Foundation\\Http\\Middleware\\ConvertEmptyStringsToNull->handle()
#31 C:\\Users\\hask777\\Desktop\\projects\\PHP\\laravel10-api-passport\\vendor\\laravel\\framework\\src\\Illuminate\\Foundation\\Http\\Middleware\\TransformsRequest.php(21): Illuminate\\Pipeline\\Pipeline->Illuminate\\Pipeline\\{closure}()
#32 C:\\Users\\hask777\\Desktop\\projects\\PHP\\laravel10-api-passport\\vendor\\laravel\\framework\\src\\Illuminate\\Foundation\\Http\\Middleware\\TrimStrings.php(40): Illuminate\\Foundation\\Http\\Middleware\\TransformsRequest->handle()
#33 C:\\Users\\hask777\\Desktop\\projects\\PHP\\laravel10-api-passport\\vendor\\laravel\\framework\\src\\Illuminate\\Pipeline\\Pipeline.php(183): Illuminate\\Foundation\\Http\\Middleware\\TrimStrings->handle()
#34 C:\\Users\\hask777\\Desktop\\projects\\PHP\\laravel10-api-passport\\vendor\\laravel\\framework\\src\\Illuminate\\Foundation\\Http\\Middleware\\ValidatePostSize.php(27): Illuminate\\Pipeline\\Pipeline->Illuminate\\Pipeline\\{closure}()
#35 C:\\Users\\hask777\\Desktop\\projects\\PHP\\laravel10-api-passport\\vendor\\laravel\\framework\\src\\Illuminate\\Pipeline\\Pipeline.php(183): Illuminate\\Foundation\\Http\\Middleware\\ValidatePostSize->handle()
#36 C:\\Users\\hask777\\Desktop\\projects\\PHP\\laravel10-api-passport\\vendor\\laravel\\framework\\src\\Illuminate\\Foundation\\Http\\Middleware\\PreventRequestsDuringMaintenance.php(99): Illuminate\\Pipeline\\Pipeline->Illuminate\\Pipeline\\{closure}()
#37 C:\\Users\\hask777\\Desktop\\projects\\PHP\\laravel10-api-passport\\vendor\\laravel\\framework\\src\\Illuminate\\Pipeline\\Pipeline.php(183): Illuminate\\Foundation\\Http\\Middleware\\PreventRequestsDuringMaintenance->handle()
#38 C:\\Users\\hask777\\Desktop\\projects\\PHP\\laravel10-api-passport\\vendor\\laravel\\framework\\src\\Illuminate\\Http\\Middleware\\HandleCors.php(62): Illuminate\\Pipeline\\Pipeline->Illuminate\\Pipeline\\{closure}()
#39 C:\\Users\\hask777\\Desktop\\projects\\PHP\\laravel10-api-passport\\vendor\\laravel\\framework\\src\\Illuminate\\Pipeline\\Pipeline.php(183): Illuminate\\Http\\Middleware\\HandleCors->handle()
#40 C:\\Users\\hask777\\Desktop\\projects\\PHP\\laravel10-api-passport\\vendor\\laravel\\framework\\src\\Illuminate\\Http\\Middleware\\TrustProxies.php(39): Illuminate\\Pipeline\\Pipeline->Illuminate\\Pipeline\\{closure}()
#41 C:\\Users\\hask777\\Desktop\\projects\\PHP\\laravel10-api-passport\\vendor\\laravel\\framework\\src\\Illuminate\\Pipeline\\Pipeline.php(183): Illuminate\\Http\\Middleware\\TrustProxies->handle()
#42 C:\\Users\\hask777\\Desktop\\projects\\PHP\\laravel10-api-passport\\vendor\\laravel\\framework\\src\\Illuminate\\Pipeline\\Pipeline.php(119): Illuminate\\Pipeline\\Pipeline->Illuminate\\Pipeline\\{closure}()
#43 C:\\Users\\hask777\\Desktop\\projects\\PHP\\laravel10-api-passport\\vendor\\laravel\\framework\\src\\Illuminate\\Foundation\\Http\\Kernel.php(175): Illuminate\\Pipeline\\Pipeline->then()
#44 C:\\Users\\hask777\\Desktop\\projects\\PHP\\laravel10-api-passport\\vendor\\laravel\\framework\\src\\Illuminate\\Foundation\\Http\\Kernel.php(144): Illuminate\\Foundation\\Http\\Kernel->sendRequestThroughRouter()
#45 C:\\Users\\hask777\\Desktop\\projects\\PHP\\laravel10-api-passport\\public\\index.php(51): Illuminate\\Foundation\\Http\\Kernel->handle()
#46 C:\\Users\\hask777\\Desktop\\projects\\PHP\\laravel10-api-passport\\vendor\\laravel\\framework\\src\\Illuminate\\Foundation\\resources\\server.php(16): require_once('...')
#47 {main}
"} 
[2025-03-16 13:25:42] local.ERROR: The resource owner or authorization server denied the request. {"exception":"[object] (League\\OAuth2\\Server\\Exception\\OAuthServerException(code: 9): The resource owner or authorization server denied the request. at C:\\Users\\hask777\\Desktop\\projects\\PHP\\laravel10-api-passport\\vendor\\league\\oauth2-server\\src\\Exception\\OAuthServerException.php:243)
[stacktrace]
#0 C:\\Users\\hask777\\Desktop\\projects\\PHP\\laravel10-api-passport\\vendor\\league\\oauth2-server\\src\\AuthorizationValidators\\BearerTokenValidator.php(108): League\\OAuth2\\Server\\Exception\\OAuthServerException::accessDenied()
#1 C:\\Users\\hask777\\Desktop\\projects\\PHP\\laravel10-api-passport\\vendor\\league\\oauth2-server\\src\\ResourceServer.php(84): League\\OAuth2\\Server\\AuthorizationValidators\\BearerTokenValidator->validateAuthorization()
#2 C:\\Users\\hask777\\Desktop\\projects\\PHP\\laravel10-api-passport\\vendor\\laravel\\passport\\src\\Guards\\TokenGuard.php(232): League\\OAuth2\\Server\\ResourceServer->validateAuthenticatedRequest()
#3 C:\\Users\\hask777\\Desktop\\projects\\PHP\\laravel10-api-passport\\vendor\\laravel\\passport\\src\\Guards\\TokenGuard.php(178): Laravel\\Passport\\Guards\\TokenGuard->getPsrRequestViaBearerToken()
#4 C:\\Users\\hask777\\Desktop\\projects\\PHP\\laravel10-api-passport\\vendor\\laravel\\passport\\src\\Guards\\TokenGuard.php(120): Laravel\\Passport\\Guards\\TokenGuard->authenticateViaBearerToken()
#5 C:\\Users\\hask777\\Desktop\\projects\\PHP\\laravel10-api-passport\\vendor\\laravel\\framework\\src\\Illuminate\\Auth\\GuardHelpers.php(56): Laravel\\Passport\\Guards\\TokenGuard->user()
#6 C:\\Users\\hask777\\Desktop\\projects\\PHP\\laravel10-api-passport\\vendor\\laravel\\framework\\src\\Illuminate\\Auth\\Middleware\\Authenticate.php(76): Laravel\\Passport\\Guards\\TokenGuard->check()
#7 C:\\Users\\hask777\\Desktop\\projects\\PHP\\laravel10-api-passport\\vendor\\laravel\\framework\\src\\Illuminate\\Auth\\Middleware\\Authenticate.php(55): Illuminate\\Auth\\Middleware\\Authenticate->authenticate()
#8 C:\\Users\\hask777\\Desktop\\projects\\PHP\\laravel10-api-passport\\vendor\\laravel\\framework\\src\\Illuminate\\Pipeline\\Pipeline.php(183): Illuminate\\Auth\\Middleware\\Authenticate->handle()
#9 C:\\Users\\hask777\\Desktop\\projects\\PHP\\laravel10-api-passport\\vendor\\laravel\\framework\\src\\Illuminate\\Pipeline\\Pipeline.php(119): Illuminate\\Pipeline\\Pipeline->Illuminate\\Pipeline\\{closure}()
#10 C:\\Users\\hask777\\Desktop\\projects\\PHP\\laravel10-api-passport\\vendor\\laravel\\framework\\src\\Illuminate\\Routing\\Router.php(805): Illuminate\\Pipeline\\Pipeline->then()
#11 C:\\Users\\hask777\\Desktop\\projects\\PHP\\laravel10-api-passport\\vendor\\laravel\\framework\\src\\Illuminate\\Routing\\Router.php(784): Illuminate\\Routing\\Router->runRouteWithinStack()
#12 C:\\Users\\hask777\\Desktop\\projects\\PHP\\laravel10-api-passport\\vendor\\laravel\\framework\\src\\Illuminate\\Routing\\Router.php(748): Illuminate\\Routing\\Router->runRoute()
#13 C:\\Users\\hask777\\Desktop\\projects\\PHP\\laravel10-api-passport\\vendor\\laravel\\framework\\src\\Illuminate\\Routing\\Router.php(737): Illuminate\\Routing\\Router->dispatchToRoute()
#14 C:\\Users\\hask777\\Desktop\\projects\\PHP\\laravel10-api-passport\\vendor\\laravel\\framework\\src\\Illuminate\\Foundation\\Http\\Kernel.php(200): Illuminate\\Routing\\Router->dispatch()
#15 C:\\Users\\hask777\\Desktop\\projects\\PHP\\laravel10-api-passport\\vendor\\laravel\\framework\\src\\Illuminate\\Pipeline\\Pipeline.php(144): Illuminate\\Foundation\\Http\\Kernel->Illuminate\\Foundation\\Http\\{closure}()
#16 C:\\Users\\hask777\\Desktop\\projects\\PHP\\laravel10-api-passport\\vendor\\laravel\\framework\\src\\Illuminate\\Foundation\\Http\\Middleware\\TransformsRequest.php(21): Illuminate\\Pipeline\\Pipeline->Illuminate\\Pipeline\\{closure}()
#17 C:\\Users\\hask777\\Desktop\\projects\\PHP\\laravel10-api-passport\\vendor\\laravel\\framework\\src\\Illuminate\\Foundation\\Http\\Middleware\\ConvertEmptyStringsToNull.php(31): Illuminate\\Foundation\\Http\\Middleware\\TransformsRequest->handle()
#18 C:\\Users\\hask777\\Desktop\\projects\\PHP\\laravel10-api-passport\\vendor\\laravel\\framework\\src\\Illuminate\\Pipeline\\Pipeline.php(183): Illuminate\\Foundation\\Http\\Middleware\\ConvertEmptyStringsToNull->handle()
#19 C:\\Users\\hask777\\Desktop\\projects\\PHP\\laravel10-api-passport\\vendor\\laravel\\framework\\src\\Illuminate\\Foundation\\Http\\Middleware\\TransformsRequest.php(21): Illuminate\\Pipeline\\Pipeline->Illuminate\\Pipeline\\{closure}()
#20 C:\\Users\\hask777\\Desktop\\projects\\PHP\\laravel10-api-passport\\vendor\\laravel\\framework\\src\\Illuminate\\Foundation\\Http\\Middleware\\TrimStrings.php(40): Illuminate\\Foundation\\Http\\Middleware\\TransformsRequest->handle()
#21 C:\\Users\\hask777\\Desktop\\projects\\PHP\\laravel10-api-passport\\vendor\\laravel\\framework\\src\\Illuminate\\Pipeline\\Pipeline.php(183): Illuminate\\Foundation\\Http\\Middleware\\TrimStrings->handle()
#22 C:\\Users\\hask777\\Desktop\\projects\\PHP\\laravel10-api-passport\\vendor\\laravel\\framework\\src\\Illuminate\\Foundation\\Http\\Middleware\\ValidatePostSize.php(27): Illuminate\\Pipeline\\Pipeline->Illuminate\\Pipeline\\{closure}()
#23 C:\\Users\\hask777\\Desktop\\projects\\PHP\\laravel10-api-passport\\vendor\\laravel\\framework\\src\\Illuminate\\Pipeline\\Pipeline.php(183): Illuminate\\Foundation\\Http\\Middleware\\ValidatePostSize->handle()
#24 C:\\Users\\hask777\\Desktop\\projects\\PHP\\laravel10-api-passport\\vendor\\laravel\\framework\\src\\Illuminate\\Foundation\\Http\\Middleware\\PreventRequestsDuringMaintenance.php(99): Illuminate\\Pipeline\\Pipeline->Illuminate\\Pipeline\\{closure}()
#25 C:\\Users\\hask777\\Desktop\\projects\\PHP\\laravel10-api-passport\\vendor\\laravel\\framework\\src\\Illuminate\\Pipeline\\Pipeline.php(183): Illuminate\\Foundation\\Http\\Middleware\\PreventRequestsDuringMaintenance->handle()
#26 C:\\Users\\hask777\\Desktop\\projects\\PHP\\laravel10-api-passport\\vendor\\laravel\\framework\\src\\Illuminate\\Http\\Middleware\\HandleCors.php(62): Illuminate\\Pipeline\\Pipeline->Illuminate\\Pipeline\\{closure}()
#27 C:\\Users\\hask777\\Desktop\\projects\\PHP\\laravel10-api-passport\\vendor\\laravel\\framework\\src\\Illuminate\\Pipeline\\Pipeline.php(183): Illuminate\\Http\\Middleware\\HandleCors->handle()
#28 C:\\Users\\hask777\\Desktop\\projects\\PHP\\laravel10-api-passport\\vendor\\laravel\\framework\\src\\Illuminate\\Http\\Middleware\\TrustProxies.php(39): Illuminate\\Pipeline\\Pipeline->Illuminate\\Pipeline\\{closure}()
#29 C:\\Users\\hask777\\Desktop\\projects\\PHP\\laravel10-api-passport\\vendor\\laravel\\framework\\src\\Illuminate\\Pipeline\\Pipeline.php(183): Illuminate\\Http\\Middleware\\TrustProxies->handle()
#30 C:\\Users\\hask777\\Desktop\\projects\\PHP\\laravel10-api-passport\\vendor\\laravel\\framework\\src\\Illuminate\\Pipeline\\Pipeline.php(119): Illuminate\\Pipeline\\Pipeline->Illuminate\\Pipeline\\{closure}()
#31 C:\\Users\\hask777\\Desktop\\projects\\PHP\\laravel10-api-passport\\vendor\\laravel\\framework\\src\\Illuminate\\Foundation\\Http\\Kernel.php(175): Illuminate\\Pipeline\\Pipeline->then()
#32 C:\\Users\\hask777\\Desktop\\projects\\PHP\\laravel10-api-passport\\vendor\\laravel\\framework\\src\\Illuminate\\Foundation\\Http\\Kernel.php(144): Illuminate\\Foundation\\Http\\Kernel->sendRequestThroughRouter()
#33 C:\\Users\\hask777\\Desktop\\projects\\PHP\\laravel10-api-passport\\public\\index.php(51): Illuminate\\Foundation\\Http\\Kernel->handle()
#34 C:\\Users\\hask777\\Desktop\\projects\\PHP\\laravel10-api-passport\\vendor\\laravel\\framework\\src\\Illuminate\\Foundation\\resources\\server.php(16): require_once('...')
#35 {main}

[previous exception] [object] (Lcobucci\\JWT\\Encoding\\CannotDecodeContent(code: 0): Error while decoding from Base64Url, invalid base64 characters detected at C:\\Users\\hask777\\Desktop\\projects\\PHP\\laravel10-api-passport\\vendor\\lcobucci\\jwt\\src\\Encoding\\CannotDecodeContent.php:19)
[stacktrace]
#0 C:\\Users\\hask777\\Desktop\\projects\\PHP\\laravel10-api-passport\\vendor\\lcobucci\\jwt\\src\\SodiumBase64Polyfill.php(72): Lcobucci\\JWT\\Encoding\\CannotDecodeContent::invalidBase64String()
#1 C:\\Users\\hask777\\Desktop\\projects\\PHP\\laravel10-api-passport\\vendor\\lcobucci\\jwt\\src\\Encoding\\JoseEncoder.php(51): Lcobucci\\JWT\\SodiumBase64Polyfill::base642bin()
#2 C:\\Users\\hask777\\Desktop\\projects\\PHP\\laravel10-api-passport\\vendor\\lcobucci\\jwt\\src\\Token\\Parser.php(176): Lcobucci\\JWT\\Encoding\\JoseEncoder->base64UrlDecode()
#3 C:\\Users\\hask777\\Desktop\\projects\\PHP\\laravel10-api-passport\\vendor\\lcobucci\\jwt\\src\\Token\\Parser.php(47): Lcobucci\\JWT\\Token\\Parser->parseSignature()
#4 C:\\Users\\hask777\\Desktop\\projects\\PHP\\laravel10-api-passport\\vendor\\league\\oauth2-server\\src\\AuthorizationValidators\\BearerTokenValidator.php(106): Lcobucci\\JWT\\Token\\Parser->parse()
#5 C:\\Users\\hask777\\Desktop\\projects\\PHP\\laravel10-api-passport\\vendor\\league\\oauth2-server\\src\\ResourceServer.php(84): League\\OAuth2\\Server\\AuthorizationValidators\\BearerTokenValidator->validateAuthorization()
#6 C:\\Users\\hask777\\Desktop\\projects\\PHP\\laravel10-api-passport\\vendor\\laravel\\passport\\src\\Guards\\TokenGuard.php(232): League\\OAuth2\\Server\\ResourceServer->validateAuthenticatedRequest()
#7 C:\\Users\\hask777\\Desktop\\projects\\PHP\\laravel10-api-passport\\vendor\\laravel\\passport\\src\\Guards\\TokenGuard.php(178): Laravel\\Passport\\Guards\\TokenGuard->getPsrRequestViaBearerToken()
#8 C:\\Users\\hask777\\Desktop\\projects\\PHP\\laravel10-api-passport\\vendor\\laravel\\passport\\src\\Guards\\TokenGuard.php(120): Laravel\\Passport\\Guards\\TokenGuard->authenticateViaBearerToken()
#9 C:\\Users\\hask777\\Desktop\\projects\\PHP\\laravel10-api-passport\\vendor\\laravel\\framework\\src\\Illuminate\\Auth\\GuardHelpers.php(56): Laravel\\Passport\\Guards\\TokenGuard->user()
#10 C:\\Users\\hask777\\Desktop\\projects\\PHP\\laravel10-api-passport\\vendor\\laravel\\framework\\src\\Illuminate\\Auth\\Middleware\\Authenticate.php(76): Laravel\\Passport\\Guards\\TokenGuard->check()
#11 C:\\Users\\hask777\\Desktop\\projects\\PHP\\laravel10-api-passport\\vendor\\laravel\\framework\\src\\Illuminate\\Auth\\Middleware\\Authenticate.php(55): Illuminate\\Auth\\Middleware\\Authenticate->authenticate()
#12 C:\\Users\\hask777\\Desktop\\projects\\PHP\\laravel10-api-passport\\vendor\\laravel\\framework\\src\\Illuminate\\Pipeline\\Pipeline.php(183): Illuminate\\Auth\\Middleware\\Authenticate->handle()
#13 C:\\Users\\hask777\\Desktop\\projects\\PHP\\laravel10-api-passport\\vendor\\laravel\\framework\\src\\Illuminate\\Pipeline\\Pipeline.php(119): Illuminate\\Pipeline\\Pipeline->Illuminate\\Pipeline\\{closure}()
#14 C:\\Users\\hask777\\Desktop\\projects\\PHP\\laravel10-api-passport\\vendor\\laravel\\framework\\src\\Illuminate\\Routing\\Router.php(805): Illuminate\\Pipeline\\Pipeline->then()
#15 C:\\Users\\hask777\\Desktop\\projects\\PHP\\laravel10-api-passport\\vendor\\laravel\\framework\\src\\Illuminate\\Routing\\Router.php(784): Illuminate\\Routing\\Router->runRouteWithinStack()
#16 C:\\Users\\hask777\\Desktop\\projects\\PHP\\laravel10-api-passport\\vendor\\laravel\\framework\\src\\Illuminate\\Routing\\Router.php(748): Illuminate\\Routing\\Router->runRoute()
#17 C:\\Users\\hask777\\Desktop\\projects\\PHP\\laravel10-api-passport\\vendor\\laravel\\framework\\src\\Illuminate\\Routing\\Router.php(737): Illuminate\\Routing\\Router->dispatchToRoute()
#18 C:\\Users\\hask777\\Desktop\\projects\\PHP\\laravel10-api-passport\\vendor\\laravel\\framework\\src\\Illuminate\\Foundation\\Http\\Kernel.php(200): Illuminate\\Routing\\Router->dispatch()
#19 C:\\Users\\hask777\\Desktop\\projects\\PHP\\laravel10-api-passport\\vendor\\laravel\\framework\\src\\Illuminate\\Pipeline\\Pipeline.php(144): Illuminate\\Foundation\\Http\\Kernel->Illuminate\\Foundation\\Http\\{closure}()
#20 C:\\Users\\hask777\\Desktop\\projects\\PHP\\laravel10-api-passport\\vendor\\laravel\\framework\\src\\Illuminate\\Foundation\\Http\\Middleware\\TransformsRequest.php(21): Illuminate\\Pipeline\\Pipeline->Illuminate\\Pipeline\\{closure}()
#21 C:\\Users\\hask777\\Desktop\\projects\\PHP\\laravel10-api-passport\\vendor\\laravel\\framework\\src\\Illuminate\\Foundation\\Http\\Middleware\\ConvertEmptyStringsToNull.php(31): Illuminate\\Foundation\\Http\\Middleware\\TransformsRequest->handle()
#22 C:\\Users\\hask777\\Desktop\\projects\\PHP\\laravel10-api-passport\\vendor\\laravel\\framework\\src\\Illuminate\\Pipeline\\Pipeline.php(183): Illuminate\\Foundation\\Http\\Middleware\\ConvertEmptyStringsToNull->handle()
#23 C:\\Users\\hask777\\Desktop\\projects\\PHP\\laravel10-api-passport\\vendor\\laravel\\framework\\src\\Illuminate\\Foundation\\Http\\Middleware\\TransformsRequest.php(21): Illuminate\\Pipeline\\Pipeline->Illuminate\\Pipeline\\{closure}()
#24 C:\\Users\\hask777\\Desktop\\projects\\PHP\\laravel10-api-passport\\vendor\\laravel\\framework\\src\\Illuminate\\Foundation\\Http\\Middleware\\TrimStrings.php(40): Illuminate\\Foundation\\Http\\Middleware\\TransformsRequest->handle()
#25 C:\\Users\\hask777\\Desktop\\projects\\PHP\\laravel10-api-passport\\vendor\\laravel\\framework\\src\\Illuminate\\Pipeline\\Pipeline.php(183): Illuminate\\Foundation\\Http\\Middleware\\TrimStrings->handle()
#26 C:\\Users\\hask777\\Desktop\\projects\\PHP\\laravel10-api-passport\\vendor\\laravel\\framework\\src\\Illuminate\\Foundation\\Http\\Middleware\\ValidatePostSize.php(27): Illuminate\\Pipeline\\Pipeline->Illuminate\\Pipeline\\{closure}()
#27 C:\\Users\\hask777\\Desktop\\projects\\PHP\\laravel10-api-passport\\vendor\\laravel\\framework\\src\\Illuminate\\Pipeline\\Pipeline.php(183): Illuminate\\Foundation\\Http\\Middleware\\ValidatePostSize->handle()
#28 C:\\Users\\hask777\\Desktop\\projects\\PHP\\laravel10-api-passport\\vendor\\laravel\\framework\\src\\Illuminate\\Foundation\\Http\\Middleware\\PreventRequestsDuringMaintenance.php(99): Illuminate\\Pipeline\\Pipeline->Illuminate\\Pipeline\\{closure}()
#29 C:\\Users\\hask777\\Desktop\\projects\\PHP\\laravel10-api-passport\\vendor\\laravel\\framework\\src\\Illuminate\\Pipeline\\Pipeline.php(183): Illuminate\\Foundation\\Http\\Middleware\\PreventRequestsDuringMaintenance->handle()
#30 C:\\Users\\hask777\\Desktop\\projects\\PHP\\laravel10-api-passport\\vendor\\laravel\\framework\\src\\Illuminate\\Http\\Middleware\\HandleCors.php(62): Illuminate\\Pipeline\\Pipeline->Illuminate\\Pipeline\\{closure}()
#31 C:\\Users\\hask777\\Desktop\\projects\\PHP\\laravel10-api-passport\\vendor\\laravel\\framework\\src\\Illuminate\\Pipeline\\Pipeline.php(183): Illuminate\\Http\\Middleware\\HandleCors->handle()
#32 C:\\Users\\hask777\\Desktop\\projects\\PHP\\laravel10-api-passport\\vendor\\laravel\\framework\\src\\Illuminate\\Http\\Middleware\\TrustProxies.php(39): Illuminate\\Pipeline\\Pipeline->Illuminate\\Pipeline\\{closure}()
#33 C:\\Users\\hask777\\Desktop\\projects\\PHP\\laravel10-api-passport\\vendor\\laravel\\framework\\src\\Illuminate\\Pipeline\\Pipeline.php(183): Illuminate\\Http\\Middleware\\TrustProxies->handle()
#34 C:\\Users\\hask777\\Desktop\\projects\\PHP\\laravel10-api-passport\\vendor\\laravel\\framework\\src\\Illuminate\\Pipeline\\Pipeline.php(119): Illuminate\\Pipeline\\Pipeline->Illuminate\\Pipeline\\{closure}()
#35 C:\\Users\\hask777\\Desktop\\projects\\PHP\\laravel10-api-passport\\vendor\\laravel\\framework\\src\\Illuminate\\Foundation\\Http\\Kernel.php(175): Illuminate\\Pipeline\\Pipeline->then()
#36 C:\\Users\\hask777\\Desktop\\projects\\PHP\\laravel10-api-passport\\vendor\\laravel\\framework\\src\\Illuminate\\Foundation\\Http\\Kernel.php(144): Illuminate\\Foundation\\Http\\Kernel->sendRequestThroughRouter()
#37 C:\\Users\\hask777\\Desktop\\projects\\PHP\\laravel10-api-passport\\public\\index.php(51): Illuminate\\Foundation\\Http\\Kernel->handle()
#38 C:\\Users\\hask777\\Desktop\\projects\\PHP\\laravel10-api-passport\\vendor\\laravel\\framework\\src\\Illuminate\\Foundation\\resources\\server.php(16): require_once('...')
#39 {main}
"} 
[2025-03-16 13:26:29] local.ERROR: Target class [auth.api] does not exist. {"exception":"[object] (Illuminate\\Contracts\\Container\\BindingResolutionException(code: 0): Target class [auth.api] does not exist. at C:\\Users\\hask777\\Desktop\\projects\\PHP\\laravel10-api-passport\\vendor\\laravel\\framework\\src\\Illuminate\\Container\\Container.php:914)
[stacktrace]
#0 C:\\Users\\hask777\\Desktop\\projects\\PHP\\laravel10-api-passport\\vendor\\laravel\\framework\\src\\Illuminate\\Container\\Container.php(795): Illuminate\\Container\\Container->build()
#1 C:\\Users\\hask777\\Desktop\\projects\\PHP\\laravel10-api-passport\\vendor\\laravel\\framework\\src\\Illuminate\\Foundation\\Application.php(986): Illuminate\\Container\\Container->resolve()
#2 C:\\Users\\hask777\\Desktop\\projects\\PHP\\laravel10-api-passport\\vendor\\laravel\\framework\\src\\Illuminate\\Container\\Container.php(731): Illuminate\\Foundation\\Application->resolve()
#3 C:\\Users\\hask777\\Desktop\\projects\\PHP\\laravel10-api-passport\\vendor\\laravel\\framework\\src\\Illuminate\\Foundation\\Application.php(971): Illuminate\\Container\\Container->make()
#4 C:\\Users\\hask777\\Desktop\\projects\\PHP\\laravel10-api-passport\\vendor\\laravel\\framework\\src\\Illuminate\\Pipeline\\Pipeline.php(172): Illuminate\\Foundation\\Application->make()
#5 C:\\Users\\hask777\\Desktop\\projects\\PHP\\laravel10-api-passport\\vendor\\laravel\\framework\\src\\Illuminate\\Routing\\Middleware\\SubstituteBindings.php(50): Illuminate\\Pipeline\\Pipeline->Illuminate\\Pipeline\\{closure}()
#6 C:\\Users\\hask777\\Desktop\\projects\\PHP\\laravel10-api-passport\\vendor\\laravel\\framework\\src\\Illuminate\\Pipeline\\Pipeline.php(183): Illuminate\\Routing\\Middleware\\SubstituteBindings->handle()
#7 C:\\Users\\hask777\\Desktop\\projects\\PHP\\laravel10-api-passport\\vendor\\laravel\\framework\\src\\Illuminate\\Routing\\Middleware\\ThrottleRequests.php(159): Illuminate\\Pipeline\\Pipeline->Illuminate\\Pipeline\\{closure}()
#8 C:\\Users\\hask777\\Desktop\\projects\\PHP\\laravel10-api-passport\\vendor\\laravel\\framework\\src\\Illuminate\\Routing\\Middleware\\ThrottleRequests.php(125): Illuminate\\Routing\\Middleware\\ThrottleRequests->handleRequest()
#9 C:\\Users\\hask777\\Desktop\\projects\\PHP\\laravel10-api-passport\\vendor\\laravel\\framework\\src\\Illuminate\\Routing\\Middleware\\ThrottleRequests.php(87): Illuminate\\Routing\\Middleware\\ThrottleRequests->handleRequestUsingNamedLimiter()
#10 C:\\Users\\hask777\\Desktop\\projects\\PHP\\laravel10-api-passport\\vendor\\laravel\\framework\\src\\Illuminate\\Pipeline\\Pipeline.php(183): Illuminate\\Routing\\Middleware\\ThrottleRequests->handle()
#11 C:\\Users\\hask777\\Desktop\\projects\\PHP\\laravel10-api-passport\\vendor\\laravel\\framework\\src\\Illuminate\\Pipeline\\Pipeline.php(119): Illuminate\\Pipeline\\Pipeline->Illuminate\\Pipeline\\{closure}()
#12 C:\\Users\\hask777\\Desktop\\projects\\PHP\\laravel10-api-passport\\vendor\\laravel\\framework\\src\\Illuminate\\Routing\\Router.php(805): Illuminate\\Pipeline\\Pipeline->then()
#13 C:\\Users\\hask777\\Desktop\\projects\\PHP\\laravel10-api-passport\\vendor\\laravel\\framework\\src\\Illuminate\\Routing\\Router.php(784): Illuminate\\Routing\\Router->runRouteWithinStack()
#14 C:\\Users\\hask777\\Desktop\\projects\\PHP\\laravel10-api-passport\\vendor\\laravel\\framework\\src\\Illuminate\\Routing\\Router.php(748): Illuminate\\Routing\\Router->runRoute()
#15 C:\\Users\\hask777\\Desktop\\projects\\PHP\\laravel10-api-passport\\vendor\\laravel\\framework\\src\\Illuminate\\Routing\\Router.php(737): Illuminate\\Routing\\Router->dispatchToRoute()
#16 C:\\Users\\hask777\\Desktop\\projects\\PHP\\laravel10-api-passport\\vendor\\laravel\\framework\\src\\Illuminate\\Foundation\\Http\\Kernel.php(200): Illuminate\\Routing\\Router->dispatch()
#17 C:\\Users\\hask777\\Desktop\\projects\\PHP\\laravel10-api-passport\\vendor\\laravel\\framework\\src\\Illuminate\\Pipeline\\Pipeline.php(144): Illuminate\\Foundation\\Http\\Kernel->Illuminate\\Foundation\\Http\\{closure}()
#18 C:\\Users\\hask777\\Desktop\\projects\\PHP\\laravel10-api-passport\\vendor\\laravel\\framework\\src\\Illuminate\\Foundation\\Http\\Middleware\\TransformsRequest.php(21): Illuminate\\Pipeline\\Pipeline->Illuminate\\Pipeline\\{closure}()
#19 C:\\Users\\hask777\\Desktop\\projects\\PHP\\laravel10-api-passport\\vendor\\laravel\\framework\\src\\Illuminate\\Foundation\\Http\\Middleware\\ConvertEmptyStringsToNull.php(31): Illuminate\\Foundation\\Http\\Middleware\\TransformsRequest->handle()
#20 C:\\Users\\hask777\\Desktop\\projects\\PHP\\laravel10-api-passport\\vendor\\laravel\\framework\\src\\Illuminate\\Pipeline\\Pipeline.php(183): Illuminate\\Foundation\\Http\\Middleware\\ConvertEmptyStringsToNull->handle()
#21 C:\\Users\\hask777\\Desktop\\projects\\PHP\\laravel10-api-passport\\vendor\\laravel\\framework\\src\\Illuminate\\Foundation\\Http\\Middleware\\TransformsRequest.php(21): Illuminate\\Pipeline\\Pipeline->Illuminate\\Pipeline\\{closure}()
#22 C:\\Users\\hask777\\Desktop\\projects\\PHP\\laravel10-api-passport\\vendor\\laravel\\framework\\src\\Illuminate\\Foundation\\Http\\Middleware\\TrimStrings.php(40): Illuminate\\Foundation\\Http\\Middleware\\TransformsRequest->handle()
#23 C:\\Users\\hask777\\Desktop\\projects\\PHP\\laravel10-api-passport\\vendor\\laravel\\framework\\src\\Illuminate\\Pipeline\\Pipeline.php(183): Illuminate\\Foundation\\Http\\Middleware\\TrimStrings->handle()
#24 C:\\Users\\hask777\\Desktop\\projects\\PHP\\laravel10-api-passport\\vendor\\laravel\\framework\\src\\Illuminate\\Foundation\\Http\\Middleware\\ValidatePostSize.php(27): Illuminate\\Pipeline\\Pipeline->Illuminate\\Pipeline\\{closure}()
#25 C:\\Users\\hask777\\Desktop\\projects\\PHP\\laravel10-api-passport\\vendor\\laravel\\framework\\src\\Illuminate\\Pipeline\\Pipeline.php(183): Illuminate\\Foundation\\Http\\Middleware\\ValidatePostSize->handle()
#26 C:\\Users\\hask777\\Desktop\\projects\\PHP\\laravel10-api-passport\\vendor\\laravel\\framework\\src\\Illuminate\\Foundation\\Http\\Middleware\\PreventRequestsDuringMaintenance.php(99): Illuminate\\Pipeline\\Pipeline->Illuminate\\Pipeline\\{closure}()
#27 C:\\Users\\hask777\\Desktop\\projects\\PHP\\laravel10-api-passport\\vendor\\laravel\\framework\\src\\Illuminate\\Pipeline\\Pipeline.php(183): Illuminate\\Foundation\\Http\\Middleware\\PreventRequestsDuringMaintenance->handle()
#28 C:\\Users\\hask777\\Desktop\\projects\\PHP\\laravel10-api-passport\\vendor\\laravel\\framework\\src\\Illuminate\\Http\\Middleware\\HandleCors.php(62): Illuminate\\Pipeline\\Pipeline->Illuminate\\Pipeline\\{closure}()
#29 C:\\Users\\hask777\\Desktop\\projects\\PHP\\laravel10-api-passport\\vendor\\laravel\\framework\\src\\Illuminate\\Pipeline\\Pipeline.php(183): Illuminate\\Http\\Middleware\\HandleCors->handle()
#30 C:\\Users\\hask777\\Desktop\\projects\\PHP\\laravel10-api-passport\\vendor\\laravel\\framework\\src\\Illuminate\\Http\\Middleware\\TrustProxies.php(39): Illuminate\\Pipeline\\Pipeline->Illuminate\\Pipeline\\{closure}()
#31 C:\\Users\\hask777\\Desktop\\projects\\PHP\\laravel10-api-passport\\vendor\\laravel\\framework\\src\\Illuminate\\Pipeline\\Pipeline.php(183): Illuminate\\Http\\Middleware\\TrustProxies->handle()
#32 C:\\Users\\hask777\\Desktop\\projects\\PHP\\laravel10-api-passport\\vendor\\laravel\\framework\\src\\Illuminate\\Pipeline\\Pipeline.php(119): Illuminate\\Pipeline\\Pipeline->Illuminate\\Pipeline\\{closure}()
#33 C:\\Users\\hask777\\Desktop\\projects\\PHP\\laravel10-api-passport\\vendor\\laravel\\framework\\src\\Illuminate\\Foundation\\Http\\Kernel.php(175): Illuminate\\Pipeline\\Pipeline->then()
#34 C:\\Users\\hask777\\Desktop\\projects\\PHP\\laravel10-api-passport\\vendor\\laravel\\framework\\src\\Illuminate\\Foundation\\Http\\Kernel.php(144): Illuminate\\Foundation\\Http\\Kernel->sendRequestThroughRouter()
#35 C:\\Users\\hask777\\Desktop\\projects\\PHP\\laravel10-api-passport\\public\\index.php(51): Illuminate\\Foundation\\Http\\Kernel->handle()
#36 C:\\Users\\hask777\\Desktop\\projects\\PHP\\laravel10-api-passport\\vendor\\laravel\\framework\\src\\Illuminate\\Foundation\\resources\\server.php(16): require_once('...')
#37 {main}

[previous exception] [object] (ReflectionException(code: -1): Class \"auth.api\" does not exist at C:\\Users\\hask777\\Desktop\\projects\\PHP\\laravel10-api-passport\\vendor\\laravel\\framework\\src\\Illuminate\\Container\\Container.php:912)
[stacktrace]
#0 C:\\Users\\hask777\\Desktop\\projects\\PHP\\laravel10-api-passport\\vendor\\laravel\\framework\\src\\Illuminate\\Container\\Container.php(912): ReflectionClass->__construct()
#1 C:\\Users\\hask777\\Desktop\\projects\\PHP\\laravel10-api-passport\\vendor\\laravel\\framework\\src\\Illuminate\\Container\\Container.php(795): Illuminate\\Container\\Container->build()
#2 C:\\Users\\hask777\\Desktop\\projects\\PHP\\laravel10-api-passport\\vendor\\laravel\\framework\\src\\Illuminate\\Foundation\\Application.php(986): Illuminate\\Container\\Container->resolve()
#3 C:\\Users\\hask777\\Desktop\\projects\\PHP\\laravel10-api-passport\\vendor\\laravel\\framework\\src\\Illuminate\\Container\\Container.php(731): Illuminate\\Foundation\\Application->resolve()
#4 C:\\Users\\hask777\\Desktop\\projects\\PHP\\laravel10-api-passport\\vendor\\laravel\\framework\\src\\Illuminate\\Foundation\\Application.php(971): Illuminate\\Container\\Container->make()
#5 C:\\Users\\hask777\\Desktop\\projects\\PHP\\laravel10-api-passport\\vendor\\laravel\\framework\\src\\Illuminate\\Pipeline\\Pipeline.php(172): Illuminate\\Foundation\\Application->make()
#6 C:\\Users\\hask777\\Desktop\\projects\\PHP\\laravel10-api-passport\\vendor\\laravel\\framework\\src\\Illuminate\\Routing\\Middleware\\SubstituteBindings.php(50): Illuminate\\Pipeline\\Pipeline->Illuminate\\Pipeline\\{closure}()
#7 C:\\Users\\hask777\\Desktop\\projects\\PHP\\laravel10-api-passport\\vendor\\laravel\\framework\\src\\Illuminate\\Pipeline\\Pipeline.php(183): Illuminate\\Routing\\Middleware\\SubstituteBindings->handle()
#8 C:\\Users\\hask777\\Desktop\\projects\\PHP\\laravel10-api-passport\\vendor\\laravel\\framework\\src\\Illuminate\\Routing\\Middleware\\ThrottleRequests.php(159): Illuminate\\Pipeline\\Pipeline->Illuminate\\Pipeline\\{closure}()
#9 C:\\Users\\hask777\\Desktop\\projects\\PHP\\laravel10-api-passport\\vendor\\laravel\\framework\\src\\Illuminate\\Routing\\Middleware\\ThrottleRequests.php(125): Illuminate\\Routing\\Middleware\\ThrottleRequests->handleRequest()
#10 C:\\Users\\hask777\\Desktop\\projects\\PHP\\laravel10-api-passport\\vendor\\laravel\\framework\\src\\Illuminate\\Routing\\Middleware\\ThrottleRequests.php(87): Illuminate\\Routing\\Middleware\\ThrottleRequests->handleRequestUsingNamedLimiter()
#11 C:\\Users\\hask777\\Desktop\\projects\\PHP\\laravel10-api-passport\\vendor\\laravel\\framework\\src\\Illuminate\\Pipeline\\Pipeline.php(183): Illuminate\\Routing\\Middleware\\ThrottleRequests->handle()
#12 C:\\Users\\hask777\\Desktop\\projects\\PHP\\laravel10-api-passport\\vendor\\laravel\\framework\\src\\Illuminate\\Pipeline\\Pipeline.php(119): Illuminate\\Pipeline\\Pipeline->Illuminate\\Pipeline\\{closure}()
#13 C:\\Users\\hask777\\Desktop\\projects\\PHP\\laravel10-api-passport\\vendor\\laravel\\framework\\src\\Illuminate\\Routing\\Router.php(805): Illuminate\\Pipeline\\Pipeline->then()
#14 C:\\Users\\hask777\\Desktop\\projects\\PHP\\laravel10-api-passport\\vendor\\laravel\\framework\\src\\Illuminate\\Routing\\Router.php(784): Illuminate\\Routing\\Router->runRouteWithinStack()
#15 C:\\Users\\hask777\\Desktop\\projects\\PHP\\laravel10-api-passport\\vendor\\laravel\\framework\\src\\Illuminate\\Routing\\Router.php(748): Illuminate\\Routing\\Router->runRoute()
#16 C:\\Users\\hask777\\Desktop\\projects\\PHP\\laravel10-api-passport\\vendor\\laravel\\framework\\src\\Illuminate\\Routing\\Router.php(737): Illuminate\\Routing\\Router->dispatchToRoute()
#17 C:\\Users\\hask777\\Desktop\\projects\\PHP\\laravel10-api-passport\\vendor\\laravel\\framework\\src\\Illuminate\\Foundation\\Http\\Kernel.php(200): Illuminate\\Routing\\Router->dispatch()
#18 C:\\Users\\hask777\\Desktop\\projects\\PHP\\laravel10-api-passport\\vendor\\laravel\\framework\\src\\Illuminate\\Pipeline\\Pipeline.php(144): Illuminate\\Foundation\\Http\\Kernel->Illuminate\\Foundation\\Http\\{closure}()
#19 C:\\Users\\hask777\\Desktop\\projects\\PHP\\laravel10-api-passport\\vendor\\laravel\\framework\\src\\Illuminate\\Foundation\\Http\\Middleware\\TransformsRequest.php(21): Illuminate\\Pipeline\\Pipeline->Illuminate\\Pipeline\\{closure}()
#20 C:\\Users\\hask777\\Desktop\\projects\\PHP\\laravel10-api-passport\\vendor\\laravel\\framework\\src\\Illuminate\\Foundation\\Http\\Middleware\\ConvertEmptyStringsToNull.php(31): Illuminate\\Foundation\\Http\\Middleware\\TransformsRequest->handle()
#21 C:\\Users\\hask777\\Desktop\\projects\\PHP\\laravel10-api-passport\\vendor\\laravel\\framework\\src\\Illuminate\\Pipeline\\Pipeline.php(183): Illuminate\\Foundation\\Http\\Middleware\\ConvertEmptyStringsToNull->handle()
#22 C:\\Users\\hask777\\Desktop\\projects\\PHP\\laravel10-api-passport\\vendor\\laravel\\framework\\src\\Illuminate\\Foundation\\Http\\Middleware\\TransformsRequest.php(21): Illuminate\\Pipeline\\Pipeline->Illuminate\\Pipeline\\{closure}()
#23 C:\\Users\\hask777\\Desktop\\projects\\PHP\\laravel10-api-passport\\vendor\\laravel\\framework\\src\\Illuminate\\Foundation\\Http\\Middleware\\TrimStrings.php(40): Illuminate\\Foundation\\Http\\Middleware\\TransformsRequest->handle()
#24 C:\\Users\\hask777\\Desktop\\projects\\PHP\\laravel10-api-passport\\vendor\\laravel\\framework\\src\\Illuminate\\Pipeline\\Pipeline.php(183): Illuminate\\Foundation\\Http\\Middleware\\TrimStrings->handle()
#25 C:\\Users\\hask777\\Desktop\\projects\\PHP\\laravel10-api-passport\\vendor\\laravel\\framework\\src\\Illuminate\\Foundation\\Http\\Middleware\\ValidatePostSize.php(27): Illuminate\\Pipeline\\Pipeline->Illuminate\\Pipeline\\{closure}()
#26 C:\\Users\\hask777\\Desktop\\projects\\PHP\\laravel10-api-passport\\vendor\\laravel\\framework\\src\\Illuminate\\Pipeline\\Pipeline.php(183): Illuminate\\Foundation\\Http\\Middleware\\ValidatePostSize->handle()
#27 C:\\Users\\hask777\\Desktop\\projects\\PHP\\laravel10-api-passport\\vendor\\laravel\\framework\\src\\Illuminate\\Foundation\\Http\\Middleware\\PreventRequestsDuringMaintenance.php(99): Illuminate\\Pipeline\\Pipeline->Illuminate\\Pipeline\\{closure}()
#28 C:\\Users\\hask777\\Desktop\\projects\\PHP\\laravel10-api-passport\\vendor\\laravel\\framework\\src\\Illuminate\\Pipeline\\Pipeline.php(183): Illuminate\\Foundation\\Http\\Middleware\\PreventRequestsDuringMaintenance->handle()
#29 C:\\Users\\hask777\\Desktop\\projects\\PHP\\laravel10-api-passport\\vendor\\laravel\\framework\\src\\Illuminate\\Http\\Middleware\\HandleCors.php(62): Illuminate\\Pipeline\\Pipeline->Illuminate\\Pipeline\\{closure}()
#30 C:\\Users\\hask777\\Desktop\\projects\\PHP\\laravel10-api-passport\\vendor\\laravel\\framework\\src\\Illuminate\\Pipeline\\Pipeline.php(183): Illuminate\\Http\\Middleware\\HandleCors->handle()
#31 C:\\Users\\hask777\\Desktop\\projects\\PHP\\laravel10-api-passport\\vendor\\laravel\\framework\\src\\Illuminate\\Http\\Middleware\\TrustProxies.php(39): Illuminate\\Pipeline\\Pipeline->Illuminate\\Pipeline\\{closure}()
#32 C:\\Users\\hask777\\Desktop\\projects\\PHP\\laravel10-api-passport\\vendor\\laravel\\framework\\src\\Illuminate\\Pipeline\\Pipeline.php(183): Illuminate\\Http\\Middleware\\TrustProxies->handle()
#33 C:\\Users\\hask777\\Desktop\\projects\\PHP\\laravel10-api-passport\\vendor\\laravel\\framework\\src\\Illuminate\\Pipeline\\Pipeline.php(119): Illuminate\\Pipeline\\Pipeline->Illuminate\\Pipeline\\{closure}()
#34 C:\\Users\\hask777\\Desktop\\projects\\PHP\\laravel10-api-passport\\vendor\\laravel\\framework\\src\\Illuminate\\Foundation\\Http\\Kernel.php(175): Illuminate\\Pipeline\\Pipeline->then()
#35 C:\\Users\\hask777\\Desktop\\projects\\PHP\\laravel10-api-passport\\vendor\\laravel\\framework\\src\\Illuminate\\Foundation\\Http\\Kernel.php(144): Illuminate\\Foundation\\Http\\Kernel->sendRequestThroughRouter()
#36 C:\\Users\\hask777\\Desktop\\projects\\PHP\\laravel10-api-passport\\public\\index.php(51): Illuminate\\Foundation\\Http\\Kernel->handle()
#37 C:\\Users\\hask777\\Desktop\\projects\\PHP\\laravel10-api-passport\\vendor\\laravel\\framework\\src\\Illuminate\\Foundation\\resources\\server.php(16): require_once('...')
#38 {main}
"} 
[2025-03-16 13:26:29] local.ERROR: Target class [auth.api] does not exist. {"exception":"[object] (Illuminate\\Contracts\\Container\\BindingResolutionException(code: 0): Target class [auth.api] does not exist. at C:\\Users\\hask777\\Desktop\\projects\\PHP\\laravel10-api-passport\\vendor\\laravel\\framework\\src\\Illuminate\\Container\\Container.php:914)
[stacktrace]
#0 C:\\Users\\hask777\\Desktop\\projects\\PHP\\laravel10-api-passport\\vendor\\laravel\\framework\\src\\Illuminate\\Container\\Container.php(795): Illuminate\\Container\\Container->build()
#1 C:\\Users\\hask777\\Desktop\\projects\\PHP\\laravel10-api-passport\\vendor\\laravel\\framework\\src\\Illuminate\\Foundation\\Application.php(986): Illuminate\\Container\\Container->resolve()
#2 C:\\Users\\hask777\\Desktop\\projects\\PHP\\laravel10-api-passport\\vendor\\laravel\\framework\\src\\Illuminate\\Container\\Container.php(731): Illuminate\\Foundation\\Application->resolve()
#3 C:\\Users\\hask777\\Desktop\\projects\\PHP\\laravel10-api-passport\\vendor\\laravel\\framework\\src\\Illuminate\\Foundation\\Application.php(971): Illuminate\\Container\\Container->make()
#4 C:\\Users\\hask777\\Desktop\\projects\\PHP\\laravel10-api-passport\\vendor\\laravel\\framework\\src\\Illuminate\\Foundation\\Http\\Kernel.php(255): Illuminate\\Foundation\\Application->make()
#5 C:\\Users\\hask777\\Desktop\\projects\\PHP\\laravel10-api-passport\\vendor\\laravel\\framework\\src\\Illuminate\\Foundation\\Http\\Kernel.php(213): Illuminate\\Foundation\\Http\\Kernel->terminateMiddleware()
#6 C:\\Users\\hask777\\Desktop\\projects\\PHP\\laravel10-api-passport\\public\\index.php(55): Illuminate\\Foundation\\Http\\Kernel->terminate()
#7 C:\\Users\\hask777\\Desktop\\projects\\PHP\\laravel10-api-passport\\vendor\\laravel\\framework\\src\\Illuminate\\Foundation\\resources\\server.php(16): require_once('...')
#8 {main}

[previous exception] [object] (ReflectionException(code: -1): Class \"auth.api\" does not exist at C:\\Users\\hask777\\Desktop\\projects\\PHP\\laravel10-api-passport\\vendor\\laravel\\framework\\src\\Illuminate\\Container\\Container.php:912)
[stacktrace]
#0 C:\\Users\\hask777\\Desktop\\projects\\PHP\\laravel10-api-passport\\vendor\\laravel\\framework\\src\\Illuminate\\Container\\Container.php(912): ReflectionClass->__construct()
#1 C:\\Users\\hask777\\Desktop\\projects\\PHP\\laravel10-api-passport\\vendor\\laravel\\framework\\src\\Illuminate\\Container\\Container.php(795): Illuminate\\Container\\Container->build()
#2 C:\\Users\\hask777\\Desktop\\projects\\PHP\\laravel10-api-passport\\vendor\\laravel\\framework\\src\\Illuminate\\Foundation\\Application.php(986): Illuminate\\Container\\Container->resolve()
#3 C:\\Users\\hask777\\Desktop\\projects\\PHP\\laravel10-api-passport\\vendor\\laravel\\framework\\src\\Illuminate\\Container\\Container.php(731): Illuminate\\Foundation\\Application->resolve()
#4 C:\\Users\\hask777\\Desktop\\projects\\PHP\\laravel10-api-passport\\vendor\\laravel\\framework\\src\\Illuminate\\Foundation\\Application.php(971): Illuminate\\Container\\Container->make()
#5 C:\\Users\\hask777\\Desktop\\projects\\PHP\\laravel10-api-passport\\vendor\\laravel\\framework\\src\\Illuminate\\Foundation\\Http\\Kernel.php(255): Illuminate\\Foundation\\Application->make()
#6 C:\\Users\\hask777\\Desktop\\projects\\PHP\\laravel10-api-passport\\vendor\\laravel\\framework\\src\\Illuminate\\Foundation\\Http\\Kernel.php(213): Illuminate\\Foundation\\Http\\Kernel->terminateMiddleware()
#7 C:\\Users\\hask777\\Desktop\\projects\\PHP\\laravel10-api-passport\\public\\index.php(55): Illuminate\\Foundation\\Http\\Kernel->terminate()
#8 C:\\Users\\hask777\\Desktop\\projects\\PHP\\laravel10-api-passport\\vendor\\laravel\\framework\\src\\Illuminate\\Foundation\\resources\\server.php(16): require_once('...')
#9 {main}
"} 
[2025-03-16 13:27:00] local.ERROR: App\Modules\Admin\Menu\Models\Menu::scopeFrontMenu(): Argument #2 ($user) must be of type App\Modules\Admin\User\Models\User, null given, called in C:\Users\hask777\Desktop\projects\PHP\laravel10-api-passport\vendor\laravel\framework\src\Illuminate\Database\Eloquent\Model.php on line 1627 {"exception":"[object] (TypeError(code: 0): App\\Modules\\Admin\\Menu\\Models\\Menu::scopeFrontMenu(): Argument #2 ($user) must be of type App\\Modules\\Admin\\User\\Models\\User, null given, called in C:\\Users\\hask777\\Desktop\\projects\\PHP\\laravel10-api-passport\\vendor\\laravel\\framework\\src\\Illuminate\\Database\\Eloquent\\Model.php on line 1627 at C:\\Users\\hask777\\Desktop\\projects\\PHP\\laravel10-api-passport\\app\\Modules\\Admin\\Menu\\Models\\Menu.php:23)
[stacktrace]
#0 C:\\Users\\hask777\\Desktop\\projects\\PHP\\laravel10-api-passport\\vendor\\laravel\\framework\\src\\Illuminate\\Database\\Eloquent\\Model.php(1627): App\\Modules\\Admin\\Menu\\Models\\Menu->scopeFrontMenu()
#1 C:\\Users\\hask777\\Desktop\\projects\\PHP\\laravel10-api-passport\\vendor\\laravel\\framework\\src\\Illuminate\\Database\\Eloquent\\Builder.php(1415): Illuminate\\Database\\Eloquent\\Model->callNamedScope()
#2 C:\\Users\\hask777\\Desktop\\projects\\PHP\\laravel10-api-passport\\vendor\\laravel\\framework\\src\\Illuminate\\Database\\Eloquent\\Builder.php(1396): Illuminate\\Database\\Eloquent\\Builder->Illuminate\\Database\\Eloquent\\{closure}()
#3 C:\\Users\\hask777\\Desktop\\projects\\PHP\\laravel10-api-passport\\vendor\\laravel\\framework\\src\\Illuminate\\Database\\Eloquent\\Builder.php(1414): Illuminate\\Database\\Eloquent\\Builder->callScope()
#4 C:\\Users\\hask777\\Desktop\\projects\\PHP\\laravel10-api-passport\\vendor\\laravel\\framework\\src\\Illuminate\\Database\\Eloquent\\Builder.php(1978): Illuminate\\Database\\Eloquent\\Builder->callNamedScope()
#5 C:\\Users\\hask777\\Desktop\\projects\\PHP\\laravel10-api-passport\\vendor\\laravel\\framework\\src\\Illuminate\\Support\\Traits\\ForwardsCalls.php(23): Illuminate\\Database\\Eloquent\\Builder->__call()
#6 C:\\Users\\hask777\\Desktop\\projects\\PHP\\laravel10-api-passport\\vendor\\laravel\\framework\\src\\Illuminate\\Database\\Eloquent\\Model.php(2335): Illuminate\\Database\\Eloquent\\Model->forwardCallTo()
#7 C:\\Users\\hask777\\Desktop\\projects\\PHP\\laravel10-api-passport\\vendor\\laravel\\framework\\src\\Illuminate\\Database\\Eloquent\\Model.php(2347): Illuminate\\Database\\Eloquent\\Model->__call()
#8 C:\\Users\\hask777\\Desktop\\projects\\PHP\\laravel10-api-passport\\app\\Modules\\Admin\\Menu\\Controllers\\Api\\MenuController.php(23): Illuminate\\Database\\Eloquent\\Model::__callStatic()
#9 C:\\Users\\hask777\\Desktop\\projects\\PHP\\laravel10-api-passport\\vendor\\laravel\\framework\\src\\Illuminate\\Routing\\Controller.php(54): App\\Modules\\Admin\\Menu\\Controllers\\Api\\MenuController->index()
#10 C:\\Users\\hask777\\Desktop\\projects\\PHP\\laravel10-api-passport\\vendor\\laravel\\framework\\src\\Illuminate\\Routing\\ControllerDispatcher.php(43): Illuminate\\Routing\\Controller->callAction()
#11 C:\\Users\\hask777\\Desktop\\projects\\PHP\\laravel10-api-passport\\vendor\\laravel\\framework\\src\\Illuminate\\Routing\\Route.php(259): Illuminate\\Routing\\ControllerDispatcher->dispatch()
#12 C:\\Users\\hask777\\Desktop\\projects\\PHP\\laravel10-api-passport\\vendor\\laravel\\framework\\src\\Illuminate\\Routing\\Route.php(205): Illuminate\\Routing\\Route->runController()
#13 C:\\Users\\hask777\\Desktop\\projects\\PHP\\laravel10-api-passport\\vendor\\laravel\\framework\\src\\Illuminate\\Routing\\Router.php(806): Illuminate\\Routing\\Route->run()
#14 C:\\Users\\hask777\\Desktop\\projects\\PHP\\laravel10-api-passport\\vendor\\laravel\\framework\\src\\Illuminate\\Pipeline\\Pipeline.php(144): Illuminate\\Routing\\Router->Illuminate\\Routing\\{closure}()
#15 C:\\Users\\hask777\\Desktop\\projects\\PHP\\laravel10-api-passport\\vendor\\laravel\\framework\\src\\Illuminate\\Routing\\Middleware\\SubstituteBindings.php(50): Illuminate\\Pipeline\\Pipeline->Illuminate\\Pipeline\\{closure}()
#16 C:\\Users\\hask777\\Desktop\\projects\\PHP\\laravel10-api-passport\\vendor\\laravel\\framework\\src\\Illuminate\\Pipeline\\Pipeline.php(183): Illuminate\\Routing\\Middleware\\SubstituteBindings->handle()
#17 C:\\Users\\hask777\\Desktop\\projects\\PHP\\laravel10-api-passport\\vendor\\laravel\\framework\\src\\Illuminate\\Routing\\Middleware\\ThrottleRequests.php(159): Illuminate\\Pipeline\\Pipeline->Illuminate\\Pipeline\\{closure}()
#18 C:\\Users\\hask777\\Desktop\\projects\\PHP\\laravel10-api-passport\\vendor\\laravel\\framework\\src\\Illuminate\\Routing\\Middleware\\ThrottleRequests.php(125): Illuminate\\Routing\\Middleware\\ThrottleRequests->handleRequest()
#19 C:\\Users\\hask777\\Desktop\\projects\\PHP\\laravel10-api-passport\\vendor\\laravel\\framework\\src\\Illuminate\\Routing\\Middleware\\ThrottleRequests.php(87): Illuminate\\Routing\\Middleware\\ThrottleRequests->handleRequestUsingNamedLimiter()
#20 C:\\Users\\hask777\\Desktop\\projects\\PHP\\laravel10-api-passport\\vendor\\laravel\\framework\\src\\Illuminate\\Pipeline\\Pipeline.php(183): Illuminate\\Routing\\Middleware\\ThrottleRequests->handle()
#21 C:\\Users\\hask777\\Desktop\\projects\\PHP\\laravel10-api-passport\\vendor\\laravel\\framework\\src\\Illuminate\\Pipeline\\Pipeline.php(119): Illuminate\\Pipeline\\Pipeline->Illuminate\\Pipeline\\{closure}()
#22 C:\\Users\\hask777\\Desktop\\projects\\PHP\\laravel10-api-passport\\vendor\\laravel\\framework\\src\\Illuminate\\Routing\\Router.php(805): Illuminate\\Pipeline\\Pipeline->then()
#23 C:\\Users\\hask777\\Desktop\\projects\\PHP\\laravel10-api-passport\\vendor\\laravel\\framework\\src\\Illuminate\\Routing\\Router.php(784): Illuminate\\Routing\\Router->runRouteWithinStack()
#24 C:\\Users\\hask777\\Desktop\\projects\\PHP\\laravel10-api-passport\\vendor\\laravel\\framework\\src\\Illuminate\\Routing\\Router.php(748): Illuminate\\Routing\\Router->runRoute()
#25 C:\\Users\\hask777\\Desktop\\projects\\PHP\\laravel10-api-passport\\vendor\\laravel\\framework\\src\\Illuminate\\Routing\\Router.php(737): Illuminate\\Routing\\Router->dispatchToRoute()
#26 C:\\Users\\hask777\\Desktop\\projects\\PHP\\laravel10-api-passport\\vendor\\laravel\\framework\\src\\Illuminate\\Foundation\\Http\\Kernel.php(200): Illuminate\\Routing\\Router->dispatch()
#27 C:\\Users\\hask777\\Desktop\\projects\\PHP\\laravel10-api-passport\\vendor\\laravel\\framework\\src\\Illuminate\\Pipeline\\Pipeline.php(144): Illuminate\\Foundation\\Http\\Kernel->Illuminate\\Foundation\\Http\\{closure}()
#28 C:\\Users\\hask777\\Desktop\\projects\\PHP\\laravel10-api-passport\\vendor\\laravel\\framework\\src\\Illuminate\\Foundation\\Http\\Middleware\\TransformsRequest.php(21): Illuminate\\Pipeline\\Pipeline->Illuminate\\Pipeline\\{closure}()
#29 C:\\Users\\hask777\\Desktop\\projects\\PHP\\laravel10-api-passport\\vendor\\laravel\\framework\\src\\Illuminate\\Foundation\\Http\\Middleware\\ConvertEmptyStringsToNull.php(31): Illuminate\\Foundation\\Http\\Middleware\\TransformsRequest->handle()
#30 C:\\Users\\hask777\\Desktop\\projects\\PHP\\laravel10-api-passport\\vendor\\laravel\\framework\\src\\Illuminate\\Pipeline\\Pipeline.php(183): Illuminate\\Foundation\\Http\\Middleware\\ConvertEmptyStringsToNull->handle()
#31 C:\\Users\\hask777\\Desktop\\projects\\PHP\\laravel10-api-passport\\vendor\\laravel\\framework\\src\\Illuminate\\Foundation\\Http\\Middleware\\TransformsRequest.php(21): Illuminate\\Pipeline\\Pipeline->Illuminate\\Pipeline\\{closure}()
#32 C:\\Users\\hask777\\Desktop\\projects\\PHP\\laravel10-api-passport\\vendor\\laravel\\framework\\src\\Illuminate\\Foundation\\Http\\Middleware\\TrimStrings.php(40): Illuminate\\Foundation\\Http\\Middleware\\TransformsRequest->handle()
#33 C:\\Users\\hask777\\Desktop\\projects\\PHP\\laravel10-api-passport\\vendor\\laravel\\framework\\src\\Illuminate\\Pipeline\\Pipeline.php(183): Illuminate\\Foundation\\Http\\Middleware\\TrimStrings->handle()
#34 C:\\Users\\hask777\\Desktop\\projects\\PHP\\laravel10-api-passport\\vendor\\laravel\\framework\\src\\Illuminate\\Foundation\\Http\\Middleware\\ValidatePostSize.php(27): Illuminate\\Pipeline\\Pipeline->Illuminate\\Pipeline\\{closure}()
#35 C:\\Users\\hask777\\Desktop\\projects\\PHP\\laravel10-api-passport\\vendor\\laravel\\framework\\src\\Illuminate\\Pipeline\\Pipeline.php(183): Illuminate\\Foundation\\Http\\Middleware\\ValidatePostSize->handle()
#36 C:\\Users\\hask777\\Desktop\\projects\\PHP\\laravel10-api-passport\\vendor\\laravel\\framework\\src\\Illuminate\\Foundation\\Http\\Middleware\\PreventRequestsDuringMaintenance.php(99): Illuminate\\Pipeline\\Pipeline->Illuminate\\Pipeline\\{closure}()
#37 C:\\Users\\hask777\\Desktop\\projects\\PHP\\laravel10-api-passport\\vendor\\laravel\\framework\\src\\Illuminate\\Pipeline\\Pipeline.php(183): Illuminate\\Foundation\\Http\\Middleware\\PreventRequestsDuringMaintenance->handle()
#38 C:\\Users\\hask777\\Desktop\\projects\\PHP\\laravel10-api-passport\\vendor\\laravel\\framework\\src\\Illuminate\\Http\\Middleware\\HandleCors.php(62): Illuminate\\Pipeline\\Pipeline->Illuminate\\Pipeline\\{closure}()
#39 C:\\Users\\hask777\\Desktop\\projects\\PHP\\laravel10-api-passport\\vendor\\laravel\\framework\\src\\Illuminate\\Pipeline\\Pipeline.php(183): Illuminate\\Http\\Middleware\\HandleCors->handle()
#40 C:\\Users\\hask777\\Desktop\\projects\\PHP\\laravel10-api-passport\\vendor\\laravel\\framework\\src\\Illuminate\\Http\\Middleware\\TrustProxies.php(39): Illuminate\\Pipeline\\Pipeline->Illuminate\\Pipeline\\{closure}()
#41 C:\\Users\\hask777\\Desktop\\projects\\PHP\\laravel10-api-passport\\vendor\\laravel\\framework\\src\\Illuminate\\Pipeline\\Pipeline.php(183): Illuminate\\Http\\Middleware\\TrustProxies->handle()
#42 C:\\Users\\hask777\\Desktop\\projects\\PHP\\laravel10-api-passport\\vendor\\laravel\\framework\\src\\Illuminate\\Pipeline\\Pipeline.php(119): Illuminate\\Pipeline\\Pipeline->Illuminate\\Pipeline\\{closure}()
#43 C:\\Users\\hask777\\Desktop\\projects\\PHP\\laravel10-api-passport\\vendor\\laravel\\framework\\src\\Illuminate\\Foundation\\Http\\Kernel.php(175): Illuminate\\Pipeline\\Pipeline->then()
#44 C:\\Users\\hask777\\Desktop\\projects\\PHP\\laravel10-api-passport\\vendor\\laravel\\framework\\src\\Illuminate\\Foundation\\Http\\Kernel.php(144): Illuminate\\Foundation\\Http\\Kernel->sendRequestThroughRouter()
#45 C:\\Users\\hask777\\Desktop\\projects\\PHP\\laravel10-api-passport\\public\\index.php(51): Illuminate\\Foundation\\Http\\Kernel->handle()
#46 C:\\Users\\hask777\\Desktop\\projects\\PHP\\laravel10-api-passport\\vendor\\laravel\\framework\\src\\Illuminate\\Foundation\\resources\\server.php(16): require_once('...')
#47 {main}
"} 
[2025-03-16 13:28:37] local.ERROR: App\Modules\Admin\Menu\Models\Menu::scopeFrontMenu(): Argument #2 ($user) must be of type App\Modules\Admin\User\Models\User, null given, called in C:\Users\hask777\Desktop\projects\PHP\laravel10-api-passport\vendor\laravel\framework\src\Illuminate\Database\Eloquent\Model.php on line 1627 {"exception":"[object] (TypeError(code: 0): App\\Modules\\Admin\\Menu\\Models\\Menu::scopeFrontMenu(): Argument #2 ($user) must be of type App\\Modules\\Admin\\User\\Models\\User, null given, called in C:\\Users\\hask777\\Desktop\\projects\\PHP\\laravel10-api-passport\\vendor\\laravel\\framework\\src\\Illuminate\\Database\\Eloquent\\Model.php on line 1627 at C:\\Users\\hask777\\Desktop\\projects\\PHP\\laravel10-api-passport\\app\\Modules\\Admin\\Menu\\Models\\Menu.php:23)
[stacktrace]
#0 C:\\Users\\hask777\\Desktop\\projects\\PHP\\laravel10-api-passport\\vendor\\laravel\\framework\\src\\Illuminate\\Database\\Eloquent\\Model.php(1627): App\\Modules\\Admin\\Menu\\Models\\Menu->scopeFrontMenu()
#1 C:\\Users\\hask777\\Desktop\\projects\\PHP\\laravel10-api-passport\\vendor\\laravel\\framework\\src\\Illuminate\\Database\\Eloquent\\Builder.php(1415): Illuminate\\Database\\Eloquent\\Model->callNamedScope()
#2 C:\\Users\\hask777\\Desktop\\projects\\PHP\\laravel10-api-passport\\vendor\\laravel\\framework\\src\\Illuminate\\Database\\Eloquent\\Builder.php(1396): Illuminate\\Database\\Eloquent\\Builder->Illuminate\\Database\\Eloquent\\{closure}()
#3 C:\\Users\\hask777\\Desktop\\projects\\PHP\\laravel10-api-passport\\vendor\\laravel\\framework\\src\\Illuminate\\Database\\Eloquent\\Builder.php(1414): Illuminate\\Database\\Eloquent\\Builder->callScope()
#4 C:\\Users\\hask777\\Desktop\\projects\\PHP\\laravel10-api-passport\\vendor\\laravel\\framework\\src\\Illuminate\\Database\\Eloquent\\Builder.php(1978): Illuminate\\Database\\Eloquent\\Builder->callNamedScope()
#5 C:\\Users\\hask777\\Desktop\\projects\\PHP\\laravel10-api-passport\\vendor\\laravel\\framework\\src\\Illuminate\\Support\\Traits\\ForwardsCalls.php(23): Illuminate\\Database\\Eloquent\\Builder->__call()
#6 C:\\Users\\hask777\\Desktop\\projects\\PHP\\laravel10-api-passport\\vendor\\laravel\\framework\\src\\Illuminate\\Database\\Eloquent\\Model.php(2335): Illuminate\\Database\\Eloquent\\Model->forwardCallTo()
#7 C:\\Users\\hask777\\Desktop\\projects\\PHP\\laravel10-api-passport\\vendor\\laravel\\framework\\src\\Illuminate\\Database\\Eloquent\\Model.php(2347): Illuminate\\Database\\Eloquent\\Model->__call()
#8 C:\\Users\\hask777\\Desktop\\projects\\PHP\\laravel10-api-passport\\app\\Modules\\Admin\\Menu\\Controllers\\Api\\MenuController.php(23): Illuminate\\Database\\Eloquent\\Model::__callStatic()
#9 C:\\Users\\hask777\\Desktop\\projects\\PHP\\laravel10-api-passport\\vendor\\laravel\\framework\\src\\Illuminate\\Routing\\Controller.php(54): App\\Modules\\Admin\\Menu\\Controllers\\Api\\MenuController->index()
#10 C:\\Users\\hask777\\Desktop\\projects\\PHP\\laravel10-api-passport\\vendor\\laravel\\framework\\src\\Illuminate\\Routing\\ControllerDispatcher.php(43): Illuminate\\Routing\\Controller->callAction()
#11 C:\\Users\\hask777\\Desktop\\projects\\PHP\\laravel10-api-passport\\vendor\\laravel\\framework\\src\\Illuminate\\Routing\\Route.php(259): Illuminate\\Routing\\ControllerDispatcher->dispatch()
#12 C:\\Users\\hask777\\Desktop\\projects\\PHP\\laravel10-api-passport\\vendor\\laravel\\framework\\src\\Illuminate\\Routing\\Route.php(205): Illuminate\\Routing\\Route->runController()
#13 C:\\Users\\hask777\\Desktop\\projects\\PHP\\laravel10-api-passport\\vendor\\laravel\\framework\\src\\Illuminate\\Routing\\Router.php(806): Illuminate\\Routing\\Route->run()
#14 C:\\Users\\hask777\\Desktop\\projects\\PHP\\laravel10-api-passport\\vendor\\laravel\\framework\\src\\Illuminate\\Pipeline\\Pipeline.php(144): Illuminate\\Routing\\Router->Illuminate\\Routing\\{closure}()
#15 C:\\Users\\hask777\\Desktop\\projects\\PHP\\laravel10-api-passport\\vendor\\laravel\\framework\\src\\Illuminate\\Routing\\Middleware\\SubstituteBindings.php(50): Illuminate\\Pipeline\\Pipeline->Illuminate\\Pipeline\\{closure}()
#16 C:\\Users\\hask777\\Desktop\\projects\\PHP\\laravel10-api-passport\\vendor\\laravel\\framework\\src\\Illuminate\\Pipeline\\Pipeline.php(183): Illuminate\\Routing\\Middleware\\SubstituteBindings->handle()
#17 C:\\Users\\hask777\\Desktop\\projects\\PHP\\laravel10-api-passport\\vendor\\laravel\\framework\\src\\Illuminate\\Routing\\Middleware\\ThrottleRequests.php(159): Illuminate\\Pipeline\\Pipeline->Illuminate\\Pipeline\\{closure}()
#18 C:\\Users\\hask777\\Desktop\\projects\\PHP\\laravel10-api-passport\\vendor\\laravel\\framework\\src\\Illuminate\\Routing\\Middleware\\ThrottleRequests.php(125): Illuminate\\Routing\\Middleware\\ThrottleRequests->handleRequest()
#19 C:\\Users\\hask777\\Desktop\\projects\\PHP\\laravel10-api-passport\\vendor\\laravel\\framework\\src\\Illuminate\\Routing\\Middleware\\ThrottleRequests.php(87): Illuminate\\Routing\\Middleware\\ThrottleRequests->handleRequestUsingNamedLimiter()
#20 C:\\Users\\hask777\\Desktop\\projects\\PHP\\laravel10-api-passport\\vendor\\laravel\\framework\\src\\Illuminate\\Pipeline\\Pipeline.php(183): Illuminate\\Routing\\Middleware\\ThrottleRequests->handle()
#21 C:\\Users\\hask777\\Desktop\\projects\\PHP\\laravel10-api-passport\\vendor\\laravel\\framework\\src\\Illuminate\\Pipeline\\Pipeline.php(119): Illuminate\\Pipeline\\Pipeline->Illuminate\\Pipeline\\{closure}()
#22 C:\\Users\\hask777\\Desktop\\projects\\PHP\\laravel10-api-passport\\vendor\\laravel\\framework\\src\\Illuminate\\Routing\\Router.php(805): Illuminate\\Pipeline\\Pipeline->then()
#23 C:\\Users\\hask777\\Desktop\\projects\\PHP\\laravel10-api-passport\\vendor\\laravel\\framework\\src\\Illuminate\\Routing\\Router.php(784): Illuminate\\Routing\\Router->runRouteWithinStack()
#24 C:\\Users\\hask777\\Desktop\\projects\\PHP\\laravel10-api-passport\\vendor\\laravel\\framework\\src\\Illuminate\\Routing\\Router.php(748): Illuminate\\Routing\\Router->runRoute()
#25 C:\\Users\\hask777\\Desktop\\projects\\PHP\\laravel10-api-passport\\vendor\\laravel\\framework\\src\\Illuminate\\Routing\\Router.php(737): Illuminate\\Routing\\Router->dispatchToRoute()
#26 C:\\Users\\hask777\\Desktop\\projects\\PHP\\laravel10-api-passport\\vendor\\laravel\\framework\\src\\Illuminate\\Foundation\\Http\\Kernel.php(200): Illuminate\\Routing\\Router->dispatch()
#27 C:\\Users\\hask777\\Desktop\\projects\\PHP\\laravel10-api-passport\\vendor\\laravel\\framework\\src\\Illuminate\\Pipeline\\Pipeline.php(144): Illuminate\\Foundation\\Http\\Kernel->Illuminate\\Foundation\\Http\\{closure}()
#28 C:\\Users\\hask777\\Desktop\\projects\\PHP\\laravel10-api-passport\\vendor\\laravel\\framework\\src\\Illuminate\\Foundation\\Http\\Middleware\\TransformsRequest.php(21): Illuminate\\Pipeline\\Pipeline->Illuminate\\Pipeline\\{closure}()
#29 C:\\Users\\hask777\\Desktop\\projects\\PHP\\laravel10-api-passport\\vendor\\laravel\\framework\\src\\Illuminate\\Foundation\\Http\\Middleware\\ConvertEmptyStringsToNull.php(31): Illuminate\\Foundation\\Http\\Middleware\\TransformsRequest->handle()
#30 C:\\Users\\hask777\\Desktop\\projects\\PHP\\laravel10-api-passport\\vendor\\laravel\\framework\\src\\Illuminate\\Pipeline\\Pipeline.php(183): Illuminate\\Foundation\\Http\\Middleware\\ConvertEmptyStringsToNull->handle()
#31 C:\\Users\\hask777\\Desktop\\projects\\PHP\\laravel10-api-passport\\vendor\\laravel\\framework\\src\\Illuminate\\Foundation\\Http\\Middleware\\TransformsRequest.php(21): Illuminate\\Pipeline\\Pipeline->Illuminate\\Pipeline\\{closure}()
#32 C:\\Users\\hask777\\Desktop\\projects\\PHP\\laravel10-api-passport\\vendor\\laravel\\framework\\src\\Illuminate\\Foundation\\Http\\Middleware\\TrimStrings.php(40): Illuminate\\Foundation\\Http\\Middleware\\TransformsRequest->handle()
#33 C:\\Users\\hask777\\Desktop\\projects\\PHP\\laravel10-api-passport\\vendor\\laravel\\framework\\src\\Illuminate\\Pipeline\\Pipeline.php(183): Illuminate\\Foundation\\Http\\Middleware\\TrimStrings->handle()
#34 C:\\Users\\hask777\\Desktop\\projects\\PHP\\laravel10-api-passport\\vendor\\laravel\\framework\\src\\Illuminate\\Foundation\\Http\\Middleware\\ValidatePostSize.php(27): Illuminate\\Pipeline\\Pipeline->Illuminate\\Pipeline\\{closure}()
#35 C:\\Users\\hask777\\Desktop\\projects\\PHP\\laravel10-api-passport\\vendor\\laravel\\framework\\src\\Illuminate\\Pipeline\\Pipeline.php(183): Illuminate\\Foundation\\Http\\Middleware\\ValidatePostSize->handle()
#36 C:\\Users\\hask777\\Desktop\\projects\\PHP\\laravel10-api-passport\\vendor\\laravel\\framework\\src\\Illuminate\\Foundation\\Http\\Middleware\\PreventRequestsDuringMaintenance.php(99): Illuminate\\Pipeline\\Pipeline->Illuminate\\Pipeline\\{closure}()
#37 C:\\Users\\hask777\\Desktop\\projects\\PHP\\laravel10-api-passport\\vendor\\laravel\\framework\\src\\Illuminate\\Pipeline\\Pipeline.php(183): Illuminate\\Foundation\\Http\\Middleware\\PreventRequestsDuringMaintenance->handle()
#38 C:\\Users\\hask777\\Desktop\\projects\\PHP\\laravel10-api-passport\\vendor\\laravel\\framework\\src\\Illuminate\\Http\\Middleware\\HandleCors.php(62): Illuminate\\Pipeline\\Pipeline->Illuminate\\Pipeline\\{closure}()
#39 C:\\Users\\hask777\\Desktop\\projects\\PHP\\laravel10-api-passport\\vendor\\laravel\\framework\\src\\Illuminate\\Pipeline\\Pipeline.php(183): Illuminate\\Http\\Middleware\\HandleCors->handle()
#40 C:\\Users\\hask777\\Desktop\\projects\\PHP\\laravel10-api-passport\\vendor\\laravel\\framework\\src\\Illuminate\\Http\\Middleware\\TrustProxies.php(39): Illuminate\\Pipeline\\Pipeline->Illuminate\\Pipeline\\{closure}()
#41 C:\\Users\\hask777\\Desktop\\projects\\PHP\\laravel10-api-passport\\vendor\\laravel\\framework\\src\\Illuminate\\Pipeline\\Pipeline.php(183): Illuminate\\Http\\Middleware\\TrustProxies->handle()
#42 C:\\Users\\hask777\\Desktop\\projects\\PHP\\laravel10-api-passport\\vendor\\laravel\\framework\\src\\Illuminate\\Pipeline\\Pipeline.php(119): Illuminate\\Pipeline\\Pipeline->Illuminate\\Pipeline\\{closure}()
#43 C:\\Users\\hask777\\Desktop\\projects\\PHP\\laravel10-api-passport\\vendor\\laravel\\framework\\src\\Illuminate\\Foundation\\Http\\Kernel.php(175): Illuminate\\Pipeline\\Pipeline->then()
#44 C:\\Users\\hask777\\Desktop\\projects\\PHP\\laravel10-api-passport\\vendor\\laravel\\framework\\src\\Illuminate\\Foundation\\Http\\Kernel.php(144): Illuminate\\Foundation\\Http\\Kernel->sendRequestThroughRouter()
#45 C:\\Users\\hask777\\Desktop\\projects\\PHP\\laravel10-api-passport\\public\\index.php(51): Illuminate\\Foundation\\Http\\Kernel->handle()
#46 C:\\Users\\hask777\\Desktop\\projects\\PHP\\laravel10-api-passport\\vendor\\laravel\\framework\\src\\Illuminate\\Foundation\\resources\\server.php(16): require_once('...')
#47 {main}
"} 
[2025-03-16 13:30:08] local.ERROR: App\Modules\Admin\Menu\Models\Menu::scopeFrontMenu(): Argument #2 ($user) must be of type App\Modules\Admin\User\Models\User, null given, called in C:\Users\hask777\Desktop\projects\PHP\laravel10-api-passport\vendor\laravel\framework\src\Illuminate\Database\Eloquent\Model.php on line 1627 {"exception":"[object] (TypeError(code: 0): App\\Modules\\Admin\\Menu\\Models\\Menu::scopeFrontMenu(): Argument #2 ($user) must be of type App\\Modules\\Admin\\User\\Models\\User, null given, called in C:\\Users\\hask777\\Desktop\\projects\\PHP\\laravel10-api-passport\\vendor\\laravel\\framework\\src\\Illuminate\\Database\\Eloquent\\Model.php on line 1627 at C:\\Users\\hask777\\Desktop\\projects\\PHP\\laravel10-api-passport\\app\\Modules\\Admin\\Menu\\Models\\Menu.php:23)
[stacktrace]
#0 C:\\Users\\hask777\\Desktop\\projects\\PHP\\laravel10-api-passport\\vendor\\laravel\\framework\\src\\Illuminate\\Database\\Eloquent\\Model.php(1627): App\\Modules\\Admin\\Menu\\Models\\Menu->scopeFrontMenu()
#1 C:\\Users\\hask777\\Desktop\\projects\\PHP\\laravel10-api-passport\\vendor\\laravel\\framework\\src\\Illuminate\\Database\\Eloquent\\Builder.php(1415): Illuminate\\Database\\Eloquent\\Model->callNamedScope()
#2 C:\\Users\\hask777\\Desktop\\projects\\PHP\\laravel10-api-passport\\vendor\\laravel\\framework\\src\\Illuminate\\Database\\Eloquent\\Builder.php(1396): Illuminate\\Database\\Eloquent\\Builder->Illuminate\\Database\\Eloquent\\{closure}()
#3 C:\\Users\\hask777\\Desktop\\projects\\PHP\\laravel10-api-passport\\vendor\\laravel\\framework\\src\\Illuminate\\Database\\Eloquent\\Builder.php(1414): Illuminate\\Database\\Eloquent\\Builder->callScope()
#4 C:\\Users\\hask777\\Desktop\\projects\\PHP\\laravel10-api-passport\\vendor\\laravel\\framework\\src\\Illuminate\\Database\\Eloquent\\Builder.php(1978): Illuminate\\Database\\Eloquent\\Builder->callNamedScope()
#5 C:\\Users\\hask777\\Desktop\\projects\\PHP\\laravel10-api-passport\\vendor\\laravel\\framework\\src\\Illuminate\\Support\\Traits\\ForwardsCalls.php(23): Illuminate\\Database\\Eloquent\\Builder->__call()
#6 C:\\Users\\hask777\\Desktop\\projects\\PHP\\laravel10-api-passport\\vendor\\laravel\\framework\\src\\Illuminate\\Database\\Eloquent\\Model.php(2335): Illuminate\\Database\\Eloquent\\Model->forwardCallTo()
#7 C:\\Users\\hask777\\Desktop\\projects\\PHP\\laravel10-api-passport\\vendor\\laravel\\framework\\src\\Illuminate\\Database\\Eloquent\\Model.php(2347): Illuminate\\Database\\Eloquent\\Model->__call()
#8 C:\\Users\\hask777\\Desktop\\projects\\PHP\\laravel10-api-passport\\app\\Modules\\Admin\\Menu\\Controllers\\Api\\MenuController.php(23): Illuminate\\Database\\Eloquent\\Model::__callStatic()
#9 C:\\Users\\hask777\\Desktop\\projects\\PHP\\laravel10-api-passport\\vendor\\laravel\\framework\\src\\Illuminate\\Routing\\Controller.php(54): App\\Modules\\Admin\\Menu\\Controllers\\Api\\MenuController->index()
#10 C:\\Users\\hask777\\Desktop\\projects\\PHP\\laravel10-api-passport\\vendor\\laravel\\framework\\src\\Illuminate\\Routing\\ControllerDispatcher.php(43): Illuminate\\Routing\\Controller->callAction()
#11 C:\\Users\\hask777\\Desktop\\projects\\PHP\\laravel10-api-passport\\vendor\\laravel\\framework\\src\\Illuminate\\Routing\\Route.php(259): Illuminate\\Routing\\ControllerDispatcher->dispatch()
#12 C:\\Users\\hask777\\Desktop\\projects\\PHP\\laravel10-api-passport\\vendor\\laravel\\framework\\src\\Illuminate\\Routing\\Route.php(205): Illuminate\\Routing\\Route->runController()
#13 C:\\Users\\hask777\\Desktop\\projects\\PHP\\laravel10-api-passport\\vendor\\laravel\\framework\\src\\Illuminate\\Routing\\Router.php(806): Illuminate\\Routing\\Route->run()
#14 C:\\Users\\hask777\\Desktop\\projects\\PHP\\laravel10-api-passport\\vendor\\laravel\\framework\\src\\Illuminate\\Pipeline\\Pipeline.php(144): Illuminate\\Routing\\Router->Illuminate\\Routing\\{closure}()
#15 C:\\Users\\hask777\\Desktop\\projects\\PHP\\laravel10-api-passport\\vendor\\laravel\\framework\\src\\Illuminate\\Routing\\Middleware\\SubstituteBindings.php(50): Illuminate\\Pipeline\\Pipeline->Illuminate\\Pipeline\\{closure}()
#16 C:\\Users\\hask777\\Desktop\\projects\\PHP\\laravel10-api-passport\\vendor\\laravel\\framework\\src\\Illuminate\\Pipeline\\Pipeline.php(183): Illuminate\\Routing\\Middleware\\SubstituteBindings->handle()
#17 C:\\Users\\hask777\\Desktop\\projects\\PHP\\laravel10-api-passport\\vendor\\laravel\\framework\\src\\Illuminate\\Routing\\Middleware\\ThrottleRequests.php(159): Illuminate\\Pipeline\\Pipeline->Illuminate\\Pipeline\\{closure}()
#18 C:\\Users\\hask777\\Desktop\\projects\\PHP\\laravel10-api-passport\\vendor\\laravel\\framework\\src\\Illuminate\\Routing\\Middleware\\ThrottleRequests.php(125): Illuminate\\Routing\\Middleware\\ThrottleRequests->handleRequest()
#19 C:\\Users\\hask777\\Desktop\\projects\\PHP\\laravel10-api-passport\\vendor\\laravel\\framework\\src\\Illuminate\\Routing\\Middleware\\ThrottleRequests.php(87): Illuminate\\Routing\\Middleware\\ThrottleRequests->handleRequestUsingNamedLimiter()
#20 C:\\Users\\hask777\\Desktop\\projects\\PHP\\laravel10-api-passport\\vendor\\laravel\\framework\\src\\Illuminate\\Pipeline\\Pipeline.php(183): Illuminate\\Routing\\Middleware\\ThrottleRequests->handle()
#21 C:\\Users\\hask777\\Desktop\\projects\\PHP\\laravel10-api-passport\\vendor\\laravel\\framework\\src\\Illuminate\\Pipeline\\Pipeline.php(119): Illuminate\\Pipeline\\Pipeline->Illuminate\\Pipeline\\{closure}()
#22 C:\\Users\\hask777\\Desktop\\projects\\PHP\\laravel10-api-passport\\vendor\\laravel\\framework\\src\\Illuminate\\Routing\\Router.php(805): Illuminate\\Pipeline\\Pipeline->then()
#23 C:\\Users\\hask777\\Desktop\\projects\\PHP\\laravel10-api-passport\\vendor\\laravel\\framework\\src\\Illuminate\\Routing\\Router.php(784): Illuminate\\Routing\\Router->runRouteWithinStack()
#24 C:\\Users\\hask777\\Desktop\\projects\\PHP\\laravel10-api-passport\\vendor\\laravel\\framework\\src\\Illuminate\\Routing\\Router.php(748): Illuminate\\Routing\\Router->runRoute()
#25 C:\\Users\\hask777\\Desktop\\projects\\PHP\\laravel10-api-passport\\vendor\\laravel\\framework\\src\\Illuminate\\Routing\\Router.php(737): Illuminate\\Routing\\Router->dispatchToRoute()
#26 C:\\Users\\hask777\\Desktop\\projects\\PHP\\laravel10-api-passport\\vendor\\laravel\\framework\\src\\Illuminate\\Foundation\\Http\\Kernel.php(200): Illuminate\\Routing\\Router->dispatch()
#27 C:\\Users\\hask777\\Desktop\\projects\\PHP\\laravel10-api-passport\\vendor\\laravel\\framework\\src\\Illuminate\\Pipeline\\Pipeline.php(144): Illuminate\\Foundation\\Http\\Kernel->Illuminate\\Foundation\\Http\\{closure}()
#28 C:\\Users\\hask777\\Desktop\\projects\\PHP\\laravel10-api-passport\\vendor\\laravel\\framework\\src\\Illuminate\\Foundation\\Http\\Middleware\\TransformsRequest.php(21): Illuminate\\Pipeline\\Pipeline->Illuminate\\Pipeline\\{closure}()
#29 C:\\Users\\hask777\\Desktop\\projects\\PHP\\laravel10-api-passport\\vendor\\laravel\\framework\\src\\Illuminate\\Foundation\\Http\\Middleware\\ConvertEmptyStringsToNull.php(31): Illuminate\\Foundation\\Http\\Middleware\\TransformsRequest->handle()
#30 C:\\Users\\hask777\\Desktop\\projects\\PHP\\laravel10-api-passport\\vendor\\laravel\\framework\\src\\Illuminate\\Pipeline\\Pipeline.php(183): Illuminate\\Foundation\\Http\\Middleware\\ConvertEmptyStringsToNull->handle()
#31 C:\\Users\\hask777\\Desktop\\projects\\PHP\\laravel10-api-passport\\vendor\\laravel\\framework\\src\\Illuminate\\Foundation\\Http\\Middleware\\TransformsRequest.php(21): Illuminate\\Pipeline\\Pipeline->Illuminate\\Pipeline\\{closure}()
#32 C:\\Users\\hask777\\Desktop\\projects\\PHP\\laravel10-api-passport\\vendor\\laravel\\framework\\src\\Illuminate\\Foundation\\Http\\Middleware\\TrimStrings.php(40): Illuminate\\Foundation\\Http\\Middleware\\TransformsRequest->handle()
#33 C:\\Users\\hask777\\Desktop\\projects\\PHP\\laravel10-api-passport\\vendor\\laravel\\framework\\src\\Illuminate\\Pipeline\\Pipeline.php(183): Illuminate\\Foundation\\Http\\Middleware\\TrimStrings->handle()
#34 C:\\Users\\hask777\\Desktop\\projects\\PHP\\laravel10-api-passport\\vendor\\laravel\\framework\\src\\Illuminate\\Foundation\\Http\\Middleware\\ValidatePostSize.php(27): Illuminate\\Pipeline\\Pipeline->Illuminate\\Pipeline\\{closure}()
#35 C:\\Users\\hask777\\Desktop\\projects\\PHP\\laravel10-api-passport\\vendor\\laravel\\framework\\src\\Illuminate\\Pipeline\\Pipeline.php(183): Illuminate\\Foundation\\Http\\Middleware\\ValidatePostSize->handle()
#36 C:\\Users\\hask777\\Desktop\\projects\\PHP\\laravel10-api-passport\\vendor\\laravel\\framework\\src\\Illuminate\\Foundation\\Http\\Middleware\\PreventRequestsDuringMaintenance.php(99): Illuminate\\Pipeline\\Pipeline->Illuminate\\Pipeline\\{closure}()
#37 C:\\Users\\hask777\\Desktop\\projects\\PHP\\laravel10-api-passport\\vendor\\laravel\\framework\\src\\Illuminate\\Pipeline\\Pipeline.php(183): Illuminate\\Foundation\\Http\\Middleware\\PreventRequestsDuringMaintenance->handle()
#38 C:\\Users\\hask777\\Desktop\\projects\\PHP\\laravel10-api-passport\\vendor\\laravel\\framework\\src\\Illuminate\\Http\\Middleware\\HandleCors.php(62): Illuminate\\Pipeline\\Pipeline->Illuminate\\Pipeline\\{closure}()
#39 C:\\Users\\hask777\\Desktop\\projects\\PHP\\laravel10-api-passport\\vendor\\laravel\\framework\\src\\Illuminate\\Pipeline\\Pipeline.php(183): Illuminate\\Http\\Middleware\\HandleCors->handle()
#40 C:\\Users\\hask777\\Desktop\\projects\\PHP\\laravel10-api-passport\\vendor\\laravel\\framework\\src\\Illuminate\\Http\\Middleware\\TrustProxies.php(39): Illuminate\\Pipeline\\Pipeline->Illuminate\\Pipeline\\{closure}()
#41 C:\\Users\\hask777\\Desktop\\projects\\PHP\\laravel10-api-passport\\vendor\\laravel\\framework\\src\\Illuminate\\Pipeline\\Pipeline.php(183): Illuminate\\Http\\Middleware\\TrustProxies->handle()
#42 C:\\Users\\hask777\\Desktop\\projects\\PHP\\laravel10-api-passport\\vendor\\laravel\\framework\\src\\Illuminate\\Pipeline\\Pipeline.php(119): Illuminate\\Pipeline\\Pipeline->Illuminate\\Pipeline\\{closure}()
#43 C:\\Users\\hask777\\Desktop\\projects\\PHP\\laravel10-api-passport\\vendor\\laravel\\framework\\src\\Illuminate\\Foundation\\Http\\Kernel.php(175): Illuminate\\Pipeline\\Pipeline->then()
#44 C:\\Users\\hask777\\Desktop\\projects\\PHP\\laravel10-api-passport\\vendor\\laravel\\framework\\src\\Illuminate\\Foundation\\Http\\Kernel.php(144): Illuminate\\Foundation\\Http\\Kernel->sendRequestThroughRouter()
#45 C:\\Users\\hask777\\Desktop\\projects\\PHP\\laravel10-api-passport\\public\\index.php(51): Illuminate\\Foundation\\Http\\Kernel->handle()
#46 C:\\Users\\hask777\\Desktop\\projects\\PHP\\laravel10-api-passport\\vendor\\laravel\\framework\\src\\Illuminate\\Foundation\\resources\\server.php(16): require_once('...')
#47 {main}
"} 
[2025-03-16 13:32:24] local.ERROR: App\Modules\Admin\Menu\Models\Menu::scopeFrontMenu(): Argument #2 ($user) must be of type App\Modules\Admin\User\Models\User, null given, called in C:\Users\hask777\Desktop\projects\PHP\laravel10-api-passport\vendor\laravel\framework\src\Illuminate\Database\Eloquent\Model.php on line 1627 {"exception":"[object] (TypeError(code: 0): App\\Modules\\Admin\\Menu\\Models\\Menu::scopeFrontMenu(): Argument #2 ($user) must be of type App\\Modules\\Admin\\User\\Models\\User, null given, called in C:\\Users\\hask777\\Desktop\\projects\\PHP\\laravel10-api-passport\\vendor\\laravel\\framework\\src\\Illuminate\\Database\\Eloquent\\Model.php on line 1627 at C:\\Users\\hask777\\Desktop\\projects\\PHP\\laravel10-api-passport\\app\\Modules\\Admin\\Menu\\Models\\Menu.php:23)
[stacktrace]
#0 C:\\Users\\hask777\\Desktop\\projects\\PHP\\laravel10-api-passport\\vendor\\laravel\\framework\\src\\Illuminate\\Database\\Eloquent\\Model.php(1627): App\\Modules\\Admin\\Menu\\Models\\Menu->scopeFrontMenu()
#1 C:\\Users\\hask777\\Desktop\\projects\\PHP\\laravel10-api-passport\\vendor\\laravel\\framework\\src\\Illuminate\\Database\\Eloquent\\Builder.php(1415): Illuminate\\Database\\Eloquent\\Model->callNamedScope()
#2 C:\\Users\\hask777\\Desktop\\projects\\PHP\\laravel10-api-passport\\vendor\\laravel\\framework\\src\\Illuminate\\Database\\Eloquent\\Builder.php(1396): Illuminate\\Database\\Eloquent\\Builder->Illuminate\\Database\\Eloquent\\{closure}()
#3 C:\\Users\\hask777\\Desktop\\projects\\PHP\\laravel10-api-passport\\vendor\\laravel\\framework\\src\\Illuminate\\Database\\Eloquent\\Builder.php(1414): Illuminate\\Database\\Eloquent\\Builder->callScope()
#4 C:\\Users\\hask777\\Desktop\\projects\\PHP\\laravel10-api-passport\\vendor\\laravel\\framework\\src\\Illuminate\\Database\\Eloquent\\Builder.php(1978): Illuminate\\Database\\Eloquent\\Builder->callNamedScope()
#5 C:\\Users\\hask777\\Desktop\\projects\\PHP\\laravel10-api-passport\\vendor\\laravel\\framework\\src\\Illuminate\\Support\\Traits\\ForwardsCalls.php(23): Illuminate\\Database\\Eloquent\\Builder->__call()
#6 C:\\Users\\hask777\\Desktop\\projects\\PHP\\laravel10-api-passport\\vendor\\laravel\\framework\\src\\Illuminate\\Database\\Eloquent\\Model.php(2335): Illuminate\\Database\\Eloquent\\Model->forwardCallTo()
#7 C:\\Users\\hask777\\Desktop\\projects\\PHP\\laravel10-api-passport\\vendor\\laravel\\framework\\src\\Illuminate\\Database\\Eloquent\\Model.php(2347): Illuminate\\Database\\Eloquent\\Model->__call()
#8 C:\\Users\\hask777\\Desktop\\projects\\PHP\\laravel10-api-passport\\app\\Modules\\Admin\\Menu\\Controllers\\Api\\MenuController.php(23): Illuminate\\Database\\Eloquent\\Model::__callStatic()
#9 C:\\Users\\hask777\\Desktop\\projects\\PHP\\laravel10-api-passport\\vendor\\laravel\\framework\\src\\Illuminate\\Routing\\Controller.php(54): App\\Modules\\Admin\\Menu\\Controllers\\Api\\MenuController->index()
#10 C:\\Users\\hask777\\Desktop\\projects\\PHP\\laravel10-api-passport\\vendor\\laravel\\framework\\src\\Illuminate\\Routing\\ControllerDispatcher.php(43): Illuminate\\Routing\\Controller->callAction()
#11 C:\\Users\\hask777\\Desktop\\projects\\PHP\\laravel10-api-passport\\vendor\\laravel\\framework\\src\\Illuminate\\Routing\\Route.php(259): Illuminate\\Routing\\ControllerDispatcher->dispatch()
#12 C:\\Users\\hask777\\Desktop\\projects\\PHP\\laravel10-api-passport\\vendor\\laravel\\framework\\src\\Illuminate\\Routing\\Route.php(205): Illuminate\\Routing\\Route->runController()
#13 C:\\Users\\hask777\\Desktop\\projects\\PHP\\laravel10-api-passport\\vendor\\laravel\\framework\\src\\Illuminate\\Routing\\Router.php(806): Illuminate\\Routing\\Route->run()
#14 C:\\Users\\hask777\\Desktop\\projects\\PHP\\laravel10-api-passport\\vendor\\laravel\\framework\\src\\Illuminate\\Pipeline\\Pipeline.php(144): Illuminate\\Routing\\Router->Illuminate\\Routing\\{closure}()
#15 C:\\Users\\hask777\\Desktop\\projects\\PHP\\laravel10-api-passport\\vendor\\laravel\\framework\\src\\Illuminate\\Routing\\Middleware\\SubstituteBindings.php(50): Illuminate\\Pipeline\\Pipeline->Illuminate\\Pipeline\\{closure}()
#16 C:\\Users\\hask777\\Desktop\\projects\\PHP\\laravel10-api-passport\\vendor\\laravel\\framework\\src\\Illuminate\\Pipeline\\Pipeline.php(183): Illuminate\\Routing\\Middleware\\SubstituteBindings->handle()
#17 C:\\Users\\hask777\\Desktop\\projects\\PHP\\laravel10-api-passport\\vendor\\laravel\\framework\\src\\Illuminate\\Routing\\Middleware\\ThrottleRequests.php(159): Illuminate\\Pipeline\\Pipeline->Illuminate\\Pipeline\\{closure}()
#18 C:\\Users\\hask777\\Desktop\\projects\\PHP\\laravel10-api-passport\\vendor\\laravel\\framework\\src\\Illuminate\\Routing\\Middleware\\ThrottleRequests.php(125): Illuminate\\Routing\\Middleware\\ThrottleRequests->handleRequest()
#19 C:\\Users\\hask777\\Desktop\\projects\\PHP\\laravel10-api-passport\\vendor\\laravel\\framework\\src\\Illuminate\\Routing\\Middleware\\ThrottleRequests.php(87): Illuminate\\Routing\\Middleware\\ThrottleRequests->handleRequestUsingNamedLimiter()
#20 C:\\Users\\hask777\\Desktop\\projects\\PHP\\laravel10-api-passport\\vendor\\laravel\\framework\\src\\Illuminate\\Pipeline\\Pipeline.php(183): Illuminate\\Routing\\Middleware\\ThrottleRequests->handle()
#21 C:\\Users\\hask777\\Desktop\\projects\\PHP\\laravel10-api-passport\\vendor\\laravel\\framework\\src\\Illuminate\\Pipeline\\Pipeline.php(119): Illuminate\\Pipeline\\Pipeline->Illuminate\\Pipeline\\{closure}()
#22 C:\\Users\\hask777\\Desktop\\projects\\PHP\\laravel10-api-passport\\vendor\\laravel\\framework\\src\\Illuminate\\Routing\\Router.php(805): Illuminate\\Pipeline\\Pipeline->then()
#23 C:\\Users\\hask777\\Desktop\\projects\\PHP\\laravel10-api-passport\\vendor\\laravel\\framework\\src\\Illuminate\\Routing\\Router.php(784): Illuminate\\Routing\\Router->runRouteWithinStack()
#24 C:\\Users\\hask777\\Desktop\\projects\\PHP\\laravel10-api-passport\\vendor\\laravel\\framework\\src\\Illuminate\\Routing\\Router.php(748): Illuminate\\Routing\\Router->runRoute()
#25 C:\\Users\\hask777\\Desktop\\projects\\PHP\\laravel10-api-passport\\vendor\\laravel\\framework\\src\\Illuminate\\Routing\\Router.php(737): Illuminate\\Routing\\Router->dispatchToRoute()
#26 C:\\Users\\hask777\\Desktop\\projects\\PHP\\laravel10-api-passport\\vendor\\laravel\\framework\\src\\Illuminate\\Foundation\\Http\\Kernel.php(200): Illuminate\\Routing\\Router->dispatch()
#27 C:\\Users\\hask777\\Desktop\\projects\\PHP\\laravel10-api-passport\\vendor\\laravel\\framework\\src\\Illuminate\\Pipeline\\Pipeline.php(144): Illuminate\\Foundation\\Http\\Kernel->Illuminate\\Foundation\\Http\\{closure}()
#28 C:\\Users\\hask777\\Desktop\\projects\\PHP\\laravel10-api-passport\\vendor\\laravel\\framework\\src\\Illuminate\\Foundation\\Http\\Middleware\\TransformsRequest.php(21): Illuminate\\Pipeline\\Pipeline->Illuminate\\Pipeline\\{closure}()
#29 C:\\Users\\hask777\\Desktop\\projects\\PHP\\laravel10-api-passport\\vendor\\laravel\\framework\\src\\Illuminate\\Foundation\\Http\\Middleware\\ConvertEmptyStringsToNull.php(31): Illuminate\\Foundation\\Http\\Middleware\\TransformsRequest->handle()
#30 C:\\Users\\hask777\\Desktop\\projects\\PHP\\laravel10-api-passport\\vendor\\laravel\\framework\\src\\Illuminate\\Pipeline\\Pipeline.php(183): Illuminate\\Foundation\\Http\\Middleware\\ConvertEmptyStringsToNull->handle()
#31 C:\\Users\\hask777\\Desktop\\projects\\PHP\\laravel10-api-passport\\vendor\\laravel\\framework\\src\\Illuminate\\Foundation\\Http\\Middleware\\TransformsRequest.php(21): Illuminate\\Pipeline\\Pipeline->Illuminate\\Pipeline\\{closure}()
#32 C:\\Users\\hask777\\Desktop\\projects\\PHP\\laravel10-api-passport\\vendor\\laravel\\framework\\src\\Illuminate\\Foundation\\Http\\Middleware\\TrimStrings.php(40): Illuminate\\Foundation\\Http\\Middleware\\TransformsRequest->handle()
#33 C:\\Users\\hask777\\Desktop\\projects\\PHP\\laravel10-api-passport\\vendor\\laravel\\framework\\src\\Illuminate\\Pipeline\\Pipeline.php(183): Illuminate\\Foundation\\Http\\Middleware\\TrimStrings->handle()
#34 C:\\Users\\hask777\\Desktop\\projects\\PHP\\laravel10-api-passport\\vendor\\laravel\\framework\\src\\Illuminate\\Foundation\\Http\\Middleware\\ValidatePostSize.php(27): Illuminate\\Pipeline\\Pipeline->Illuminate\\Pipeline\\{closure}()
#35 C:\\Users\\hask777\\Desktop\\projects\\PHP\\laravel10-api-passport\\vendor\\laravel\\framework\\src\\Illuminate\\Pipeline\\Pipeline.php(183): Illuminate\\Foundation\\Http\\Middleware\\ValidatePostSize->handle()
#36 C:\\Users\\hask777\\Desktop\\projects\\PHP\\laravel10-api-passport\\vendor\\laravel\\framework\\src\\Illuminate\\Foundation\\Http\\Middleware\\PreventRequestsDuringMaintenance.php(99): Illuminate\\Pipeline\\Pipeline->Illuminate\\Pipeline\\{closure}()
#37 C:\\Users\\hask777\\Desktop\\projects\\PHP\\laravel10-api-passport\\vendor\\laravel\\framework\\src\\Illuminate\\Pipeline\\Pipeline.php(183): Illuminate\\Foundation\\Http\\Middleware\\PreventRequestsDuringMaintenance->handle()
#38 C:\\Users\\hask777\\Desktop\\projects\\PHP\\laravel10-api-passport\\vendor\\laravel\\framework\\src\\Illuminate\\Http\\Middleware\\HandleCors.php(62): Illuminate\\Pipeline\\Pipeline->Illuminate\\Pipeline\\{closure}()
#39 C:\\Users\\hask777\\Desktop\\projects\\PHP\\laravel10-api-passport\\vendor\\laravel\\framework\\src\\Illuminate\\Pipeline\\Pipeline.php(183): Illuminate\\Http\\Middleware\\HandleCors->handle()
#40 C:\\Users\\hask777\\Desktop\\projects\\PHP\\laravel10-api-passport\\vendor\\laravel\\framework\\src\\Illuminate\\Http\\Middleware\\TrustProxies.php(39): Illuminate\\Pipeline\\Pipeline->Illuminate\\Pipeline\\{closure}()
#41 C:\\Users\\hask777\\Desktop\\projects\\PHP\\laravel10-api-passport\\vendor\\laravel\\framework\\src\\Illuminate\\Pipeline\\Pipeline.php(183): Illuminate\\Http\\Middleware\\TrustProxies->handle()
#42 C:\\Users\\hask777\\Desktop\\projects\\PHP\\laravel10-api-passport\\vendor\\laravel\\framework\\src\\Illuminate\\Pipeline\\Pipeline.php(119): Illuminate\\Pipeline\\Pipeline->Illuminate\\Pipeline\\{closure}()
#43 C:\\Users\\hask777\\Desktop\\projects\\PHP\\laravel10-api-passport\\vendor\\laravel\\framework\\src\\Illuminate\\Foundation\\Http\\Kernel.php(175): Illuminate\\Pipeline\\Pipeline->then()
#44 C:\\Users\\hask777\\Desktop\\projects\\PHP\\laravel10-api-passport\\vendor\\laravel\\framework\\src\\Illuminate\\Foundation\\Http\\Kernel.php(144): Illuminate\\Foundation\\Http\\Kernel->sendRequestThroughRouter()
#45 C:\\Users\\hask777\\Desktop\\projects\\PHP\\laravel10-api-passport\\public\\index.php(51): Illuminate\\Foundation\\Http\\Kernel->handle()
#46 C:\\Users\\hask777\\Desktop\\projects\\PHP\\laravel10-api-passport\\vendor\\laravel\\framework\\src\\Illuminate\\Foundation\\resources\\server.php(16): require_once('...')
#47 {main}
"} 
[2025-03-16 13:35:13] local.ERROR: App\Modules\Admin\Menu\Models\Menu::scopeFrontMenu(): Argument #2 ($user) must be of type App\Modules\Admin\User\Models\User, null given, called in C:\Users\hask777\Desktop\projects\PHP\laravel10-api-passport\vendor\laravel\framework\src\Illuminate\Database\Eloquent\Model.php on line 1627 {"exception":"[object] (TypeError(code: 0): App\\Modules\\Admin\\Menu\\Models\\Menu::scopeFrontMenu(): Argument #2 ($user) must be of type App\\Modules\\Admin\\User\\Models\\User, null given, called in C:\\Users\\hask777\\Desktop\\projects\\PHP\\laravel10-api-passport\\vendor\\laravel\\framework\\src\\Illuminate\\Database\\Eloquent\\Model.php on line 1627 at C:\\Users\\hask777\\Desktop\\projects\\PHP\\laravel10-api-passport\\app\\Modules\\Admin\\Menu\\Models\\Menu.php:23)
[stacktrace]
#0 C:\\Users\\hask777\\Desktop\\projects\\PHP\\laravel10-api-passport\\vendor\\laravel\\framework\\src\\Illuminate\\Database\\Eloquent\\Model.php(1627): App\\Modules\\Admin\\Menu\\Models\\Menu->scopeFrontMenu()
#1 C:\\Users\\hask777\\Desktop\\projects\\PHP\\laravel10-api-passport\\vendor\\laravel\\framework\\src\\Illuminate\\Database\\Eloquent\\Builder.php(1415): Illuminate\\Database\\Eloquent\\Model->callNamedScope()
#2 C:\\Users\\hask777\\Desktop\\projects\\PHP\\laravel10-api-passport\\vendor\\laravel\\framework\\src\\Illuminate\\Database\\Eloquent\\Builder.php(1396): Illuminate\\Database\\Eloquent\\Builder->Illuminate\\Database\\Eloquent\\{closure}()
#3 C:\\Users\\hask777\\Desktop\\projects\\PHP\\laravel10-api-passport\\vendor\\laravel\\framework\\src\\Illuminate\\Database\\Eloquent\\Builder.php(1414): Illuminate\\Database\\Eloquent\\Builder->callScope()
#4 C:\\Users\\hask777\\Desktop\\projects\\PHP\\laravel10-api-passport\\vendor\\laravel\\framework\\src\\Illuminate\\Database\\Eloquent\\Builder.php(1978): Illuminate\\Database\\Eloquent\\Builder->callNamedScope()
#5 C:\\Users\\hask777\\Desktop\\projects\\PHP\\laravel10-api-passport\\vendor\\laravel\\framework\\src\\Illuminate\\Support\\Traits\\ForwardsCalls.php(23): Illuminate\\Database\\Eloquent\\Builder->__call()
#6 C:\\Users\\hask777\\Desktop\\projects\\PHP\\laravel10-api-passport\\vendor\\laravel\\framework\\src\\Illuminate\\Database\\Eloquent\\Model.php(2335): Illuminate\\Database\\Eloquent\\Model->forwardCallTo()
#7 C:\\Users\\hask777\\Desktop\\projects\\PHP\\laravel10-api-passport\\vendor\\laravel\\framework\\src\\Illuminate\\Database\\Eloquent\\Model.php(2347): Illuminate\\Database\\Eloquent\\Model->__call()
#8 C:\\Users\\hask777\\Desktop\\projects\\PHP\\laravel10-api-passport\\app\\Modules\\Admin\\Menu\\Controllers\\Api\\MenuController.php(23): Illuminate\\Database\\Eloquent\\Model::__callStatic()
#9 C:\\Users\\hask777\\Desktop\\projects\\PHP\\laravel10-api-passport\\vendor\\laravel\\framework\\src\\Illuminate\\Routing\\Controller.php(54): App\\Modules\\Admin\\Menu\\Controllers\\Api\\MenuController->index()
#10 C:\\Users\\hask777\\Desktop\\projects\\PHP\\laravel10-api-passport\\vendor\\laravel\\framework\\src\\Illuminate\\Routing\\ControllerDispatcher.php(43): Illuminate\\Routing\\Controller->callAction()
#11 C:\\Users\\hask777\\Desktop\\projects\\PHP\\laravel10-api-passport\\vendor\\laravel\\framework\\src\\Illuminate\\Routing\\Route.php(259): Illuminate\\Routing\\ControllerDispatcher->dispatch()
#12 C:\\Users\\hask777\\Desktop\\projects\\PHP\\laravel10-api-passport\\vendor\\laravel\\framework\\src\\Illuminate\\Routing\\Route.php(205): Illuminate\\Routing\\Route->runController()
#13 C:\\Users\\hask777\\Desktop\\projects\\PHP\\laravel10-api-passport\\vendor\\laravel\\framework\\src\\Illuminate\\Routing\\Router.php(806): Illuminate\\Routing\\Route->run()
#14 C:\\Users\\hask777\\Desktop\\projects\\PHP\\laravel10-api-passport\\vendor\\laravel\\framework\\src\\Illuminate\\Pipeline\\Pipeline.php(144): Illuminate\\Routing\\Router->Illuminate\\Routing\\{closure}()
#15 C:\\Users\\hask777\\Desktop\\projects\\PHP\\laravel10-api-passport\\vendor\\laravel\\framework\\src\\Illuminate\\Routing\\Middleware\\SubstituteBindings.php(50): Illuminate\\Pipeline\\Pipeline->Illuminate\\Pipeline\\{closure}()
#16 C:\\Users\\hask777\\Desktop\\projects\\PHP\\laravel10-api-passport\\vendor\\laravel\\framework\\src\\Illuminate\\Pipeline\\Pipeline.php(183): Illuminate\\Routing\\Middleware\\SubstituteBindings->handle()
#17 C:\\Users\\hask777\\Desktop\\projects\\PHP\\laravel10-api-passport\\vendor\\laravel\\framework\\src\\Illuminate\\Routing\\Middleware\\ThrottleRequests.php(159): Illuminate\\Pipeline\\Pipeline->Illuminate\\Pipeline\\{closure}()
#18 C:\\Users\\hask777\\Desktop\\projects\\PHP\\laravel10-api-passport\\vendor\\laravel\\framework\\src\\Illuminate\\Routing\\Middleware\\ThrottleRequests.php(125): Illuminate\\Routing\\Middleware\\ThrottleRequests->handleRequest()
#19 C:\\Users\\hask777\\Desktop\\projects\\PHP\\laravel10-api-passport\\vendor\\laravel\\framework\\src\\Illuminate\\Routing\\Middleware\\ThrottleRequests.php(87): Illuminate\\Routing\\Middleware\\ThrottleRequests->handleRequestUsingNamedLimiter()
#20 C:\\Users\\hask777\\Desktop\\projects\\PHP\\laravel10-api-passport\\vendor\\laravel\\framework\\src\\Illuminate\\Pipeline\\Pipeline.php(183): Illuminate\\Routing\\Middleware\\ThrottleRequests->handle()
#21 C:\\Users\\hask777\\Desktop\\projects\\PHP\\laravel10-api-passport\\vendor\\laravel\\framework\\src\\Illuminate\\Pipeline\\Pipeline.php(119): Illuminate\\Pipeline\\Pipeline->Illuminate\\Pipeline\\{closure}()
#22 C:\\Users\\hask777\\Desktop\\projects\\PHP\\laravel10-api-passport\\vendor\\laravel\\framework\\src\\Illuminate\\Routing\\Router.php(805): Illuminate\\Pipeline\\Pipeline->then()
#23 C:\\Users\\hask777\\Desktop\\projects\\PHP\\laravel10-api-passport\\vendor\\laravel\\framework\\src\\Illuminate\\Routing\\Router.php(784): Illuminate\\Routing\\Router->runRouteWithinStack()
#24 C:\\Users\\hask777\\Desktop\\projects\\PHP\\laravel10-api-passport\\vendor\\laravel\\framework\\src\\Illuminate\\Routing\\Router.php(748): Illuminate\\Routing\\Router->runRoute()
#25 C:\\Users\\hask777\\Desktop\\projects\\PHP\\laravel10-api-passport\\vendor\\laravel\\framework\\src\\Illuminate\\Routing\\Router.php(737): Illuminate\\Routing\\Router->dispatchToRoute()
#26 C:\\Users\\hask777\\Desktop\\projects\\PHP\\laravel10-api-passport\\vendor\\laravel\\framework\\src\\Illuminate\\Foundation\\Http\\Kernel.php(200): Illuminate\\Routing\\Router->dispatch()
#27 C:\\Users\\hask777\\Desktop\\projects\\PHP\\laravel10-api-passport\\vendor\\laravel\\framework\\src\\Illuminate\\Pipeline\\Pipeline.php(144): Illuminate\\Foundation\\Http\\Kernel->Illuminate\\Foundation\\Http\\{closure}()
#28 C:\\Users\\hask777\\Desktop\\projects\\PHP\\laravel10-api-passport\\vendor\\laravel\\framework\\src\\Illuminate\\Foundation\\Http\\Middleware\\TransformsRequest.php(21): Illuminate\\Pipeline\\Pipeline->Illuminate\\Pipeline\\{closure}()
#29 C:\\Users\\hask777\\Desktop\\projects\\PHP\\laravel10-api-passport\\vendor\\laravel\\framework\\src\\Illuminate\\Foundation\\Http\\Middleware\\ConvertEmptyStringsToNull.php(31): Illuminate\\Foundation\\Http\\Middleware\\TransformsRequest->handle()
#30 C:\\Users\\hask777\\Desktop\\projects\\PHP\\laravel10-api-passport\\vendor\\laravel\\framework\\src\\Illuminate\\Pipeline\\Pipeline.php(183): Illuminate\\Foundation\\Http\\Middleware\\ConvertEmptyStringsToNull->handle()
#31 C:\\Users\\hask777\\Desktop\\projects\\PHP\\laravel10-api-passport\\vendor\\laravel\\framework\\src\\Illuminate\\Foundation\\Http\\Middleware\\TransformsRequest.php(21): Illuminate\\Pipeline\\Pipeline->Illuminate\\Pipeline\\{closure}()
#32 C:\\Users\\hask777\\Desktop\\projects\\PHP\\laravel10-api-passport\\vendor\\laravel\\framework\\src\\Illuminate\\Foundation\\Http\\Middleware\\TrimStrings.php(40): Illuminate\\Foundation\\Http\\Middleware\\TransformsRequest->handle()
#33 C:\\Users\\hask777\\Desktop\\projects\\PHP\\laravel10-api-passport\\vendor\\laravel\\framework\\src\\Illuminate\\Pipeline\\Pipeline.php(183): Illuminate\\Foundation\\Http\\Middleware\\TrimStrings->handle()
#34 C:\\Users\\hask777\\Desktop\\projects\\PHP\\laravel10-api-passport\\vendor\\laravel\\framework\\src\\Illuminate\\Foundation\\Http\\Middleware\\ValidatePostSize.php(27): Illuminate\\Pipeline\\Pipeline->Illuminate\\Pipeline\\{closure}()
#35 C:\\Users\\hask777\\Desktop\\projects\\PHP\\laravel10-api-passport\\vendor\\laravel\\framework\\src\\Illuminate\\Pipeline\\Pipeline.php(183): Illuminate\\Foundation\\Http\\Middleware\\ValidatePostSize->handle()
#36 C:\\Users\\hask777\\Desktop\\projects\\PHP\\laravel10-api-passport\\vendor\\laravel\\framework\\src\\Illuminate\\Foundation\\Http\\Middleware\\PreventRequestsDuringMaintenance.php(99): Illuminate\\Pipeline\\Pipeline->Illuminate\\Pipeline\\{closure}()
#37 C:\\Users\\hask777\\Desktop\\projects\\PHP\\laravel10-api-passport\\vendor\\laravel\\framework\\src\\Illuminate\\Pipeline\\Pipeline.php(183): Illuminate\\Foundation\\Http\\Middleware\\PreventRequestsDuringMaintenance->handle()
#38 C:\\Users\\hask777\\Desktop\\projects\\PHP\\laravel10-api-passport\\vendor\\laravel\\framework\\src\\Illuminate\\Http\\Middleware\\HandleCors.php(62): Illuminate\\Pipeline\\Pipeline->Illuminate\\Pipeline\\{closure}()
#39 C:\\Users\\hask777\\Desktop\\projects\\PHP\\laravel10-api-passport\\vendor\\laravel\\framework\\src\\Illuminate\\Pipeline\\Pipeline.php(183): Illuminate\\Http\\Middleware\\HandleCors->handle()
#40 C:\\Users\\hask777\\Desktop\\projects\\PHP\\laravel10-api-passport\\vendor\\laravel\\framework\\src\\Illuminate\\Http\\Middleware\\TrustProxies.php(39): Illuminate\\Pipeline\\Pipeline->Illuminate\\Pipeline\\{closure}()
#41 C:\\Users\\hask777\\Desktop\\projects\\PHP\\laravel10-api-passport\\vendor\\laravel\\framework\\src\\Illuminate\\Pipeline\\Pipeline.php(183): Illuminate\\Http\\Middleware\\TrustProxies->handle()
#42 C:\\Users\\hask777\\Desktop\\projects\\PHP\\laravel10-api-passport\\vendor\\laravel\\framework\\src\\Illuminate\\Pipeline\\Pipeline.php(119): Illuminate\\Pipeline\\Pipeline->Illuminate\\Pipeline\\{closure}()
#43 C:\\Users\\hask777\\Desktop\\projects\\PHP\\laravel10-api-passport\\vendor\\laravel\\framework\\src\\Illuminate\\Foundation\\Http\\Kernel.php(175): Illuminate\\Pipeline\\Pipeline->then()
#44 C:\\Users\\hask777\\Desktop\\projects\\PHP\\laravel10-api-passport\\vendor\\laravel\\framework\\src\\Illuminate\\Foundation\\Http\\Kernel.php(144): Illuminate\\Foundation\\Http\\Kernel->sendRequestThroughRouter()
#45 C:\\Users\\hask777\\Desktop\\projects\\PHP\\laravel10-api-passport\\public\\index.php(51): Illuminate\\Foundation\\Http\\Kernel->handle()
#46 C:\\Users\\hask777\\Desktop\\projects\\PHP\\laravel10-api-passport\\vendor\\laravel\\framework\\src\\Illuminate\\Foundation\\resources\\server.php(16): require_once('...')
#47 {main}
"} 
[2025-03-16 13:35:19] local.ERROR: App\Modules\Admin\Menu\Models\Menu::scopeFrontMenu(): Argument #2 ($user) must be of type App\Modules\Admin\User\Models\User, null given, called in C:\Users\hask777\Desktop\projects\PHP\laravel10-api-passport\vendor\laravel\framework\src\Illuminate\Database\Eloquent\Model.php on line 1627 {"exception":"[object] (TypeError(code: 0): App\\Modules\\Admin\\Menu\\Models\\Menu::scopeFrontMenu(): Argument #2 ($user) must be of type App\\Modules\\Admin\\User\\Models\\User, null given, called in C:\\Users\\hask777\\Desktop\\projects\\PHP\\laravel10-api-passport\\vendor\\laravel\\framework\\src\\Illuminate\\Database\\Eloquent\\Model.php on line 1627 at C:\\Users\\hask777\\Desktop\\projects\\PHP\\laravel10-api-passport\\app\\Modules\\Admin\\Menu\\Models\\Menu.php:23)
[stacktrace]
#0 C:\\Users\\hask777\\Desktop\\projects\\PHP\\laravel10-api-passport\\vendor\\laravel\\framework\\src\\Illuminate\\Database\\Eloquent\\Model.php(1627): App\\Modules\\Admin\\Menu\\Models\\Menu->scopeFrontMenu()
#1 C:\\Users\\hask777\\Desktop\\projects\\PHP\\laravel10-api-passport\\vendor\\laravel\\framework\\src\\Illuminate\\Database\\Eloquent\\Builder.php(1415): Illuminate\\Database\\Eloquent\\Model->callNamedScope()
#2 C:\\Users\\hask777\\Desktop\\projects\\PHP\\laravel10-api-passport\\vendor\\laravel\\framework\\src\\Illuminate\\Database\\Eloquent\\Builder.php(1396): Illuminate\\Database\\Eloquent\\Builder->Illuminate\\Database\\Eloquent\\{closure}()
#3 C:\\Users\\hask777\\Desktop\\projects\\PHP\\laravel10-api-passport\\vendor\\laravel\\framework\\src\\Illuminate\\Database\\Eloquent\\Builder.php(1414): Illuminate\\Database\\Eloquent\\Builder->callScope()
#4 C:\\Users\\hask777\\Desktop\\projects\\PHP\\laravel10-api-passport\\vendor\\laravel\\framework\\src\\Illuminate\\Database\\Eloquent\\Builder.php(1978): Illuminate\\Database\\Eloquent\\Builder->callNamedScope()
#5 C:\\Users\\hask777\\Desktop\\projects\\PHP\\laravel10-api-passport\\vendor\\laravel\\framework\\src\\Illuminate\\Support\\Traits\\ForwardsCalls.php(23): Illuminate\\Database\\Eloquent\\Builder->__call()
#6 C:\\Users\\hask777\\Desktop\\projects\\PHP\\laravel10-api-passport\\vendor\\laravel\\framework\\src\\Illuminate\\Database\\Eloquent\\Model.php(2335): Illuminate\\Database\\Eloquent\\Model->forwardCallTo()
#7 C:\\Users\\hask777\\Desktop\\projects\\PHP\\laravel10-api-passport\\vendor\\laravel\\framework\\src\\Illuminate\\Database\\Eloquent\\Model.php(2347): Illuminate\\Database\\Eloquent\\Model->__call()
#8 C:\\Users\\hask777\\Desktop\\projects\\PHP\\laravel10-api-passport\\app\\Modules\\Admin\\Menu\\Controllers\\Api\\MenuController.php(23): Illuminate\\Database\\Eloquent\\Model::__callStatic()
#9 C:\\Users\\hask777\\Desktop\\projects\\PHP\\laravel10-api-passport\\vendor\\laravel\\framework\\src\\Illuminate\\Routing\\Controller.php(54): App\\Modules\\Admin\\Menu\\Controllers\\Api\\MenuController->index()
#10 C:\\Users\\hask777\\Desktop\\projects\\PHP\\laravel10-api-passport\\vendor\\laravel\\framework\\src\\Illuminate\\Routing\\ControllerDispatcher.php(43): Illuminate\\Routing\\Controller->callAction()
#11 C:\\Users\\hask777\\Desktop\\projects\\PHP\\laravel10-api-passport\\vendor\\laravel\\framework\\src\\Illuminate\\Routing\\Route.php(259): Illuminate\\Routing\\ControllerDispatcher->dispatch()
#12 C:\\Users\\hask777\\Desktop\\projects\\PHP\\laravel10-api-passport\\vendor\\laravel\\framework\\src\\Illuminate\\Routing\\Route.php(205): Illuminate\\Routing\\Route->runController()
#13 C:\\Users\\hask777\\Desktop\\projects\\PHP\\laravel10-api-passport\\vendor\\laravel\\framework\\src\\Illuminate\\Routing\\Router.php(806): Illuminate\\Routing\\Route->run()
#14 C:\\Users\\hask777\\Desktop\\projects\\PHP\\laravel10-api-passport\\vendor\\laravel\\framework\\src\\Illuminate\\Pipeline\\Pipeline.php(144): Illuminate\\Routing\\Router->Illuminate\\Routing\\{closure}()
#15 C:\\Users\\hask777\\Desktop\\projects\\PHP\\laravel10-api-passport\\vendor\\laravel\\framework\\src\\Illuminate\\Routing\\Middleware\\SubstituteBindings.php(50): Illuminate\\Pipeline\\Pipeline->Illuminate\\Pipeline\\{closure}()
#16 C:\\Users\\hask777\\Desktop\\projects\\PHP\\laravel10-api-passport\\vendor\\laravel\\framework\\src\\Illuminate\\Pipeline\\Pipeline.php(183): Illuminate\\Routing\\Middleware\\SubstituteBindings->handle()
#17 C:\\Users\\hask777\\Desktop\\projects\\PHP\\laravel10-api-passport\\vendor\\laravel\\framework\\src\\Illuminate\\Routing\\Middleware\\ThrottleRequests.php(159): Illuminate\\Pipeline\\Pipeline->Illuminate\\Pipeline\\{closure}()
#18 C:\\Users\\hask777\\Desktop\\projects\\PHP\\laravel10-api-passport\\vendor\\laravel\\framework\\src\\Illuminate\\Routing\\Middleware\\ThrottleRequests.php(125): Illuminate\\Routing\\Middleware\\ThrottleRequests->handleRequest()
#19 C:\\Users\\hask777\\Desktop\\projects\\PHP\\laravel10-api-passport\\vendor\\laravel\\framework\\src\\Illuminate\\Routing\\Middleware\\ThrottleRequests.php(87): Illuminate\\Routing\\Middleware\\ThrottleRequests->handleRequestUsingNamedLimiter()
#20 C:\\Users\\hask777\\Desktop\\projects\\PHP\\laravel10-api-passport\\vendor\\laravel\\framework\\src\\Illuminate\\Pipeline\\Pipeline.php(183): Illuminate\\Routing\\Middleware\\ThrottleRequests->handle()
#21 C:\\Users\\hask777\\Desktop\\projects\\PHP\\laravel10-api-passport\\vendor\\laravel\\framework\\src\\Illuminate\\Pipeline\\Pipeline.php(119): Illuminate\\Pipeline\\Pipeline->Illuminate\\Pipeline\\{closure}()
#22 C:\\Users\\hask777\\Desktop\\projects\\PHP\\laravel10-api-passport\\vendor\\laravel\\framework\\src\\Illuminate\\Routing\\Router.php(805): Illuminate\\Pipeline\\Pipeline->then()
#23 C:\\Users\\hask777\\Desktop\\projects\\PHP\\laravel10-api-passport\\vendor\\laravel\\framework\\src\\Illuminate\\Routing\\Router.php(784): Illuminate\\Routing\\Router->runRouteWithinStack()
#24 C:\\Users\\hask777\\Desktop\\projects\\PHP\\laravel10-api-passport\\vendor\\laravel\\framework\\src\\Illuminate\\Routing\\Router.php(748): Illuminate\\Routing\\Router->runRoute()
#25 C:\\Users\\hask777\\Desktop\\projects\\PHP\\laravel10-api-passport\\vendor\\laravel\\framework\\src\\Illuminate\\Routing\\Router.php(737): Illuminate\\Routing\\Router->dispatchToRoute()
#26 C:\\Users\\hask777\\Desktop\\projects\\PHP\\laravel10-api-passport\\vendor\\laravel\\framework\\src\\Illuminate\\Foundation\\Http\\Kernel.php(200): Illuminate\\Routing\\Router->dispatch()
#27 C:\\Users\\hask777\\Desktop\\projects\\PHP\\laravel10-api-passport\\vendor\\laravel\\framework\\src\\Illuminate\\Pipeline\\Pipeline.php(144): Illuminate\\Foundation\\Http\\Kernel->Illuminate\\Foundation\\Http\\{closure}()
#28 C:\\Users\\hask777\\Desktop\\projects\\PHP\\laravel10-api-passport\\vendor\\laravel\\framework\\src\\Illuminate\\Foundation\\Http\\Middleware\\TransformsRequest.php(21): Illuminate\\Pipeline\\Pipeline->Illuminate\\Pipeline\\{closure}()
#29 C:\\Users\\hask777\\Desktop\\projects\\PHP\\laravel10-api-passport\\vendor\\laravel\\framework\\src\\Illuminate\\Foundation\\Http\\Middleware\\ConvertEmptyStringsToNull.php(31): Illuminate\\Foundation\\Http\\Middleware\\TransformsRequest->handle()
#30 C:\\Users\\hask777\\Desktop\\projects\\PHP\\laravel10-api-passport\\vendor\\laravel\\framework\\src\\Illuminate\\Pipeline\\Pipeline.php(183): Illuminate\\Foundation\\Http\\Middleware\\ConvertEmptyStringsToNull->handle()
#31 C:\\Users\\hask777\\Desktop\\projects\\PHP\\laravel10-api-passport\\vendor\\laravel\\framework\\src\\Illuminate\\Foundation\\Http\\Middleware\\TransformsRequest.php(21): Illuminate\\Pipeline\\Pipeline->Illuminate\\Pipeline\\{closure}()
#32 C:\\Users\\hask777\\Desktop\\projects\\PHP\\laravel10-api-passport\\vendor\\laravel\\framework\\src\\Illuminate\\Foundation\\Http\\Middleware\\TrimStrings.php(40): Illuminate\\Foundation\\Http\\Middleware\\TransformsRequest->handle()
#33 C:\\Users\\hask777\\Desktop\\projects\\PHP\\laravel10-api-passport\\vendor\\laravel\\framework\\src\\Illuminate\\Pipeline\\Pipeline.php(183): Illuminate\\Foundation\\Http\\Middleware\\TrimStrings->handle()
#34 C:\\Users\\hask777\\Desktop\\projects\\PHP\\laravel10-api-passport\\vendor\\laravel\\framework\\src\\Illuminate\\Foundation\\Http\\Middleware\\ValidatePostSize.php(27): Illuminate\\Pipeline\\Pipeline->Illuminate\\Pipeline\\{closure}()
#35 C:\\Users\\hask777\\Desktop\\projects\\PHP\\laravel10-api-passport\\vendor\\laravel\\framework\\src\\Illuminate\\Pipeline\\Pipeline.php(183): Illuminate\\Foundation\\Http\\Middleware\\ValidatePostSize->handle()
#36 C:\\Users\\hask777\\Desktop\\projects\\PHP\\laravel10-api-passport\\vendor\\laravel\\framework\\src\\Illuminate\\Foundation\\Http\\Middleware\\PreventRequestsDuringMaintenance.php(99): Illuminate\\Pipeline\\Pipeline->Illuminate\\Pipeline\\{closure}()
#37 C:\\Users\\hask777\\Desktop\\projects\\PHP\\laravel10-api-passport\\vendor\\laravel\\framework\\src\\Illuminate\\Pipeline\\Pipeline.php(183): Illuminate\\Foundation\\Http\\Middleware\\PreventRequestsDuringMaintenance->handle()
#38 C:\\Users\\hask777\\Desktop\\projects\\PHP\\laravel10-api-passport\\vendor\\laravel\\framework\\src\\Illuminate\\Http\\Middleware\\HandleCors.php(62): Illuminate\\Pipeline\\Pipeline->Illuminate\\Pipeline\\{closure}()
#39 C:\\Users\\hask777\\Desktop\\projects\\PHP\\laravel10-api-passport\\vendor\\laravel\\framework\\src\\Illuminate\\Pipeline\\Pipeline.php(183): Illuminate\\Http\\Middleware\\HandleCors->handle()
#40 C:\\Users\\hask777\\Desktop\\projects\\PHP\\laravel10-api-passport\\vendor\\laravel\\framework\\src\\Illuminate\\Http\\Middleware\\TrustProxies.php(39): Illuminate\\Pipeline\\Pipeline->Illuminate\\Pipeline\\{closure}()
#41 C:\\Users\\hask777\\Desktop\\projects\\PHP\\laravel10-api-passport\\vendor\\laravel\\framework\\src\\Illuminate\\Pipeline\\Pipeline.php(183): Illuminate\\Http\\Middleware\\TrustProxies->handle()
#42 C:\\Users\\hask777\\Desktop\\projects\\PHP\\laravel10-api-passport\\vendor\\laravel\\framework\\src\\Illuminate\\Pipeline\\Pipeline.php(119): Illuminate\\Pipeline\\Pipeline->Illuminate\\Pipeline\\{closure}()
#43 C:\\Users\\hask777\\Desktop\\projects\\PHP\\laravel10-api-passport\\vendor\\laravel\\framework\\src\\Illuminate\\Foundation\\Http\\Kernel.php(175): Illuminate\\Pipeline\\Pipeline->then()
#44 C:\\Users\\hask777\\Desktop\\projects\\PHP\\laravel10-api-passport\\vendor\\laravel\\framework\\src\\Illuminate\\Foundation\\Http\\Kernel.php(144): Illuminate\\Foundation\\Http\\Kernel->sendRequestThroughRouter()
#45 C:\\Users\\hask777\\Desktop\\projects\\PHP\\laravel10-api-passport\\public\\index.php(51): Illuminate\\Foundation\\Http\\Kernel->handle()
#46 C:\\Users\\hask777\\Desktop\\projects\\PHP\\laravel10-api-passport\\vendor\\laravel\\framework\\src\\Illuminate\\Foundation\\resources\\server.php(16): require_once('...')
#47 {main}
"} 
[2025-03-16 13:35:25] local.ERROR: App\Modules\Admin\Menu\Models\Menu::scopeFrontMenu(): Argument #2 ($user) must be of type App\Modules\Admin\User\Models\User, null given, called in C:\Users\hask777\Desktop\projects\PHP\laravel10-api-passport\vendor\laravel\framework\src\Illuminate\Database\Eloquent\Model.php on line 1627 {"exception":"[object] (TypeError(code: 0): App\\Modules\\Admin\\Menu\\Models\\Menu::scopeFrontMenu(): Argument #2 ($user) must be of type App\\Modules\\Admin\\User\\Models\\User, null given, called in C:\\Users\\hask777\\Desktop\\projects\\PHP\\laravel10-api-passport\\vendor\\laravel\\framework\\src\\Illuminate\\Database\\Eloquent\\Model.php on line 1627 at C:\\Users\\hask777\\Desktop\\projects\\PHP\\laravel10-api-passport\\app\\Modules\\Admin\\Menu\\Models\\Menu.php:23)
[stacktrace]
#0 C:\\Users\\hask777\\Desktop\\projects\\PHP\\laravel10-api-passport\\vendor\\laravel\\framework\\src\\Illuminate\\Database\\Eloquent\\Model.php(1627): App\\Modules\\Admin\\Menu\\Models\\Menu->scopeFrontMenu()
#1 C:\\Users\\hask777\\Desktop\\projects\\PHP\\laravel10-api-passport\\vendor\\laravel\\framework\\src\\Illuminate\\Database\\Eloquent\\Builder.php(1415): Illuminate\\Database\\Eloquent\\Model->callNamedScope()
#2 C:\\Users\\hask777\\Desktop\\projects\\PHP\\laravel10-api-passport\\vendor\\laravel\\framework\\src\\Illuminate\\Database\\Eloquent\\Builder.php(1396): Illuminate\\Database\\Eloquent\\Builder->Illuminate\\Database\\Eloquent\\{closure}()
#3 C:\\Users\\hask777\\Desktop\\projects\\PHP\\laravel10-api-passport\\vendor\\laravel\\framework\\src\\Illuminate\\Database\\Eloquent\\Builder.php(1414): Illuminate\\Database\\Eloquent\\Builder->callScope()
#4 C:\\Users\\hask777\\Desktop\\projects\\PHP\\laravel10-api-passport\\vendor\\laravel\\framework\\src\\Illuminate\\Database\\Eloquent\\Builder.php(1978): Illuminate\\Database\\Eloquent\\Builder->callNamedScope()
#5 C:\\Users\\hask777\\Desktop\\projects\\PHP\\laravel10-api-passport\\vendor\\laravel\\framework\\src\\Illuminate\\Support\\Traits\\ForwardsCalls.php(23): Illuminate\\Database\\Eloquent\\Builder->__call()
#6 C:\\Users\\hask777\\Desktop\\projects\\PHP\\laravel10-api-passport\\vendor\\laravel\\framework\\src\\Illuminate\\Database\\Eloquent\\Model.php(2335): Illuminate\\Database\\Eloquent\\Model->forwardCallTo()
#7 C:\\Users\\hask777\\Desktop\\projects\\PHP\\laravel10-api-passport\\vendor\\laravel\\framework\\src\\Illuminate\\Database\\Eloquent\\Model.php(2347): Illuminate\\Database\\Eloquent\\Model->__call()
#8 C:\\Users\\hask777\\Desktop\\projects\\PHP\\laravel10-api-passport\\app\\Modules\\Admin\\Menu\\Controllers\\Api\\MenuController.php(23): Illuminate\\Database\\Eloquent\\Model::__callStatic()
#9 C:\\Users\\hask777\\Desktop\\projects\\PHP\\laravel10-api-passport\\vendor\\laravel\\framework\\src\\Illuminate\\Routing\\Controller.php(54): App\\Modules\\Admin\\Menu\\Controllers\\Api\\MenuController->index()
#10 C:\\Users\\hask777\\Desktop\\projects\\PHP\\laravel10-api-passport\\vendor\\laravel\\framework\\src\\Illuminate\\Routing\\ControllerDispatcher.php(43): Illuminate\\Routing\\Controller->callAction()
#11 C:\\Users\\hask777\\Desktop\\projects\\PHP\\laravel10-api-passport\\vendor\\laravel\\framework\\src\\Illuminate\\Routing\\Route.php(259): Illuminate\\Routing\\ControllerDispatcher->dispatch()
#12 C:\\Users\\hask777\\Desktop\\projects\\PHP\\laravel10-api-passport\\vendor\\laravel\\framework\\src\\Illuminate\\Routing\\Route.php(205): Illuminate\\Routing\\Route->runController()
#13 C:\\Users\\hask777\\Desktop\\projects\\PHP\\laravel10-api-passport\\vendor\\laravel\\framework\\src\\Illuminate\\Routing\\Router.php(806): Illuminate\\Routing\\Route->run()
#14 C:\\Users\\hask777\\Desktop\\projects\\PHP\\laravel10-api-passport\\vendor\\laravel\\framework\\src\\Illuminate\\Pipeline\\Pipeline.php(144): Illuminate\\Routing\\Router->Illuminate\\Routing\\{closure}()
#15 C:\\Users\\hask777\\Desktop\\projects\\PHP\\laravel10-api-passport\\vendor\\laravel\\framework\\src\\Illuminate\\Routing\\Middleware\\SubstituteBindings.php(50): Illuminate\\Pipeline\\Pipeline->Illuminate\\Pipeline\\{closure}()
#16 C:\\Users\\hask777\\Desktop\\projects\\PHP\\laravel10-api-passport\\vendor\\laravel\\framework\\src\\Illuminate\\Pipeline\\Pipeline.php(183): Illuminate\\Routing\\Middleware\\SubstituteBindings->handle()
#17 C:\\Users\\hask777\\Desktop\\projects\\PHP\\laravel10-api-passport\\vendor\\laravel\\framework\\src\\Illuminate\\Routing\\Middleware\\ThrottleRequests.php(159): Illuminate\\Pipeline\\Pipeline->Illuminate\\Pipeline\\{closure}()
#18 C:\\Users\\hask777\\Desktop\\projects\\PHP\\laravel10-api-passport\\vendor\\laravel\\framework\\src\\Illuminate\\Routing\\Middleware\\ThrottleRequests.php(125): Illuminate\\Routing\\Middleware\\ThrottleRequests->handleRequest()
#19 C:\\Users\\hask777\\Desktop\\projects\\PHP\\laravel10-api-passport\\vendor\\laravel\\framework\\src\\Illuminate\\Routing\\Middleware\\ThrottleRequests.php(87): Illuminate\\Routing\\Middleware\\ThrottleRequests->handleRequestUsingNamedLimiter()
#20 C:\\Users\\hask777\\Desktop\\projects\\PHP\\laravel10-api-passport\\vendor\\laravel\\framework\\src\\Illuminate\\Pipeline\\Pipeline.php(183): Illuminate\\Routing\\Middleware\\ThrottleRequests->handle()
#21 C:\\Users\\hask777\\Desktop\\projects\\PHP\\laravel10-api-passport\\vendor\\laravel\\framework\\src\\Illuminate\\Pipeline\\Pipeline.php(119): Illuminate\\Pipeline\\Pipeline->Illuminate\\Pipeline\\{closure}()
#22 C:\\Users\\hask777\\Desktop\\projects\\PHP\\laravel10-api-passport\\vendor\\laravel\\framework\\src\\Illuminate\\Routing\\Router.php(805): Illuminate\\Pipeline\\Pipeline->then()
#23 C:\\Users\\hask777\\Desktop\\projects\\PHP\\laravel10-api-passport\\vendor\\laravel\\framework\\src\\Illuminate\\Routing\\Router.php(784): Illuminate\\Routing\\Router->runRouteWithinStack()
#24 C:\\Users\\hask777\\Desktop\\projects\\PHP\\laravel10-api-passport\\vendor\\laravel\\framework\\src\\Illuminate\\Routing\\Router.php(748): Illuminate\\Routing\\Router->runRoute()
#25 C:\\Users\\hask777\\Desktop\\projects\\PHP\\laravel10-api-passport\\vendor\\laravel\\framework\\src\\Illuminate\\Routing\\Router.php(737): Illuminate\\Routing\\Router->dispatchToRoute()
#26 C:\\Users\\hask777\\Desktop\\projects\\PHP\\laravel10-api-passport\\vendor\\laravel\\framework\\src\\Illuminate\\Foundation\\Http\\Kernel.php(200): Illuminate\\Routing\\Router->dispatch()
#27 C:\\Users\\hask777\\Desktop\\projects\\PHP\\laravel10-api-passport\\vendor\\laravel\\framework\\src\\Illuminate\\Pipeline\\Pipeline.php(144): Illuminate\\Foundation\\Http\\Kernel->Illuminate\\Foundation\\Http\\{closure}()
#28 C:\\Users\\hask777\\Desktop\\projects\\PHP\\laravel10-api-passport\\vendor\\laravel\\framework\\src\\Illuminate\\Foundation\\Http\\Middleware\\TransformsRequest.php(21): Illuminate\\Pipeline\\Pipeline->Illuminate\\Pipeline\\{closure}()
#29 C:\\Users\\hask777\\Desktop\\projects\\PHP\\laravel10-api-passport\\vendor\\laravel\\framework\\src\\Illuminate\\Foundation\\Http\\Middleware\\ConvertEmptyStringsToNull.php(31): Illuminate\\Foundation\\Http\\Middleware\\TransformsRequest->handle()
#30 C:\\Users\\hask777\\Desktop\\projects\\PHP\\laravel10-api-passport\\vendor\\laravel\\framework\\src\\Illuminate\\Pipeline\\Pipeline.php(183): Illuminate\\Foundation\\Http\\Middleware\\ConvertEmptyStringsToNull->handle()
#31 C:\\Users\\hask777\\Desktop\\projects\\PHP\\laravel10-api-passport\\vendor\\laravel\\framework\\src\\Illuminate\\Foundation\\Http\\Middleware\\TransformsRequest.php(21): Illuminate\\Pipeline\\Pipeline->Illuminate\\Pipeline\\{closure}()
#32 C:\\Users\\hask777\\Desktop\\projects\\PHP\\laravel10-api-passport\\vendor\\laravel\\framework\\src\\Illuminate\\Foundation\\Http\\Middleware\\TrimStrings.php(40): Illuminate\\Foundation\\Http\\Middleware\\TransformsRequest->handle()
#33 C:\\Users\\hask777\\Desktop\\projects\\PHP\\laravel10-api-passport\\vendor\\laravel\\framework\\src\\Illuminate\\Pipeline\\Pipeline.php(183): Illuminate\\Foundation\\Http\\Middleware\\TrimStrings->handle()
#34 C:\\Users\\hask777\\Desktop\\projects\\PHP\\laravel10-api-passport\\vendor\\laravel\\framework\\src\\Illuminate\\Foundation\\Http\\Middleware\\ValidatePostSize.php(27): Illuminate\\Pipeline\\Pipeline->Illuminate\\Pipeline\\{closure}()
#35 C:\\Users\\hask777\\Desktop\\projects\\PHP\\laravel10-api-passport\\vendor\\laravel\\framework\\src\\Illuminate\\Pipeline\\Pipeline.php(183): Illuminate\\Foundation\\Http\\Middleware\\ValidatePostSize->handle()
#36 C:\\Users\\hask777\\Desktop\\projects\\PHP\\laravel10-api-passport\\vendor\\laravel\\framework\\src\\Illuminate\\Foundation\\Http\\Middleware\\PreventRequestsDuringMaintenance.php(99): Illuminate\\Pipeline\\Pipeline->Illuminate\\Pipeline\\{closure}()
#37 C:\\Users\\hask777\\Desktop\\projects\\PHP\\laravel10-api-passport\\vendor\\laravel\\framework\\src\\Illuminate\\Pipeline\\Pipeline.php(183): Illuminate\\Foundation\\Http\\Middleware\\PreventRequestsDuringMaintenance->handle()
#38 C:\\Users\\hask777\\Desktop\\projects\\PHP\\laravel10-api-passport\\vendor\\laravel\\framework\\src\\Illuminate\\Http\\Middleware\\HandleCors.php(62): Illuminate\\Pipeline\\Pipeline->Illuminate\\Pipeline\\{closure}()
#39 C:\\Users\\hask777\\Desktop\\projects\\PHP\\laravel10-api-passport\\vendor\\laravel\\framework\\src\\Illuminate\\Pipeline\\Pipeline.php(183): Illuminate\\Http\\Middleware\\HandleCors->handle()
#40 C:\\Users\\hask777\\Desktop\\projects\\PHP\\laravel10-api-passport\\vendor\\laravel\\framework\\src\\Illuminate\\Http\\Middleware\\TrustProxies.php(39): Illuminate\\Pipeline\\Pipeline->Illuminate\\Pipeline\\{closure}()
#41 C:\\Users\\hask777\\Desktop\\projects\\PHP\\laravel10-api-passport\\vendor\\laravel\\framework\\src\\Illuminate\\Pipeline\\Pipeline.php(183): Illuminate\\Http\\Middleware\\TrustProxies->handle()
#42 C:\\Users\\hask777\\Desktop\\projects\\PHP\\laravel10-api-passport\\vendor\\laravel\\framework\\src\\Illuminate\\Pipeline\\Pipeline.php(119): Illuminate\\Pipeline\\Pipeline->Illuminate\\Pipeline\\{closure}()
#43 C:\\Users\\hask777\\Desktop\\projects\\PHP\\laravel10-api-passport\\vendor\\laravel\\framework\\src\\Illuminate\\Foundation\\Http\\Kernel.php(175): Illuminate\\Pipeline\\Pipeline->then()
#44 C:\\Users\\hask777\\Desktop\\projects\\PHP\\laravel10-api-passport\\vendor\\laravel\\framework\\src\\Illuminate\\Foundation\\Http\\Kernel.php(144): Illuminate\\Foundation\\Http\\Kernel->sendRequestThroughRouter()
#45 C:\\Users\\hask777\\Desktop\\projects\\PHP\\laravel10-api-passport\\public\\index.php(51): Illuminate\\Foundation\\Http\\Kernel->handle()
#46 C:\\Users\\hask777\\Desktop\\projects\\PHP\\laravel10-api-passport\\vendor\\laravel\\framework\\src\\Illuminate\\Foundation\\resources\\server.php(16): require_once('...')
#47 {main}
"} 
[2025-03-16 13:41:04] local.ERROR: App\Modules\Admin\Menu\Models\Menu::scopeFrontMenu(): Argument #2 ($user) must be of type App\Modules\Admin\User\Models\User, string given, called in C:\Users\hask777\Desktop\projects\PHP\laravel10-api-passport\vendor\laravel\framework\src\Illuminate\Database\Eloquent\Model.php on line 1627 {"exception":"[object] (TypeError(code: 0): App\\Modules\\Admin\\Menu\\Models\\Menu::scopeFrontMenu(): Argument #2 ($user) must be of type App\\Modules\\Admin\\User\\Models\\User, string given, called in C:\\Users\\hask777\\Desktop\\projects\\PHP\\laravel10-api-passport\\vendor\\laravel\\framework\\src\\Illuminate\\Database\\Eloquent\\Model.php on line 1627 at C:\\Users\\hask777\\Desktop\\projects\\PHP\\laravel10-api-passport\\app\\Modules\\Admin\\Menu\\Models\\Menu.php:24)
[stacktrace]
#0 C:\\Users\\hask777\\Desktop\\projects\\PHP\\laravel10-api-passport\\vendor\\laravel\\framework\\src\\Illuminate\\Database\\Eloquent\\Model.php(1627): App\\Modules\\Admin\\Menu\\Models\\Menu->scopeFrontMenu()
#1 C:\\Users\\hask777\\Desktop\\projects\\PHP\\laravel10-api-passport\\vendor\\laravel\\framework\\src\\Illuminate\\Database\\Eloquent\\Builder.php(1415): Illuminate\\Database\\Eloquent\\Model->callNamedScope()
#2 C:\\Users\\hask777\\Desktop\\projects\\PHP\\laravel10-api-passport\\vendor\\laravel\\framework\\src\\Illuminate\\Database\\Eloquent\\Builder.php(1396): Illuminate\\Database\\Eloquent\\Builder->Illuminate\\Database\\Eloquent\\{closure}()
#3 C:\\Users\\hask777\\Desktop\\projects\\PHP\\laravel10-api-passport\\vendor\\laravel\\framework\\src\\Illuminate\\Database\\Eloquent\\Builder.php(1414): Illuminate\\Database\\Eloquent\\Builder->callScope()
#4 C:\\Users\\hask777\\Desktop\\projects\\PHP\\laravel10-api-passport\\vendor\\laravel\\framework\\src\\Illuminate\\Database\\Eloquent\\Builder.php(1978): Illuminate\\Database\\Eloquent\\Builder->callNamedScope()
#5 C:\\Users\\hask777\\Desktop\\projects\\PHP\\laravel10-api-passport\\vendor\\laravel\\framework\\src\\Illuminate\\Support\\Traits\\ForwardsCalls.php(23): Illuminate\\Database\\Eloquent\\Builder->__call()
#6 C:\\Users\\hask777\\Desktop\\projects\\PHP\\laravel10-api-passport\\vendor\\laravel\\framework\\src\\Illuminate\\Database\\Eloquent\\Model.php(2335): Illuminate\\Database\\Eloquent\\Model->forwardCallTo()
#7 C:\\Users\\hask777\\Desktop\\projects\\PHP\\laravel10-api-passport\\vendor\\laravel\\framework\\src\\Illuminate\\Database\\Eloquent\\Model.php(2347): Illuminate\\Database\\Eloquent\\Model->__call()
#8 C:\\Users\\hask777\\Desktop\\projects\\PHP\\laravel10-api-passport\\app\\Modules\\Admin\\Menu\\Controllers\\Api\\MenuController.php(23): Illuminate\\Database\\Eloquent\\Model::__callStatic()
#9 C:\\Users\\hask777\\Desktop\\projects\\PHP\\laravel10-api-passport\\vendor\\laravel\\framework\\src\\Illuminate\\Routing\\Controller.php(54): App\\Modules\\Admin\\Menu\\Controllers\\Api\\MenuController->index()
#10 C:\\Users\\hask777\\Desktop\\projects\\PHP\\laravel10-api-passport\\vendor\\laravel\\framework\\src\\Illuminate\\Routing\\ControllerDispatcher.php(43): Illuminate\\Routing\\Controller->callAction()
#11 C:\\Users\\hask777\\Desktop\\projects\\PHP\\laravel10-api-passport\\vendor\\laravel\\framework\\src\\Illuminate\\Routing\\Route.php(259): Illuminate\\Routing\\ControllerDispatcher->dispatch()
#12 C:\\Users\\hask777\\Desktop\\projects\\PHP\\laravel10-api-passport\\vendor\\laravel\\framework\\src\\Illuminate\\Routing\\Route.php(205): Illuminate\\Routing\\Route->runController()
#13 C:\\Users\\hask777\\Desktop\\projects\\PHP\\laravel10-api-passport\\vendor\\laravel\\framework\\src\\Illuminate\\Routing\\Router.php(806): Illuminate\\Routing\\Route->run()
#14 C:\\Users\\hask777\\Desktop\\projects\\PHP\\laravel10-api-passport\\vendor\\laravel\\framework\\src\\Illuminate\\Pipeline\\Pipeline.php(144): Illuminate\\Routing\\Router->Illuminate\\Routing\\{closure}()
#15 C:\\Users\\hask777\\Desktop\\projects\\PHP\\laravel10-api-passport\\vendor\\laravel\\framework\\src\\Illuminate\\Routing\\Middleware\\SubstituteBindings.php(50): Illuminate\\Pipeline\\Pipeline->Illuminate\\Pipeline\\{closure}()
#16 C:\\Users\\hask777\\Desktop\\projects\\PHP\\laravel10-api-passport\\vendor\\laravel\\framework\\src\\Illuminate\\Pipeline\\Pipeline.php(183): Illuminate\\Routing\\Middleware\\SubstituteBindings->handle()
#17 C:\\Users\\hask777\\Desktop\\projects\\PHP\\laravel10-api-passport\\vendor\\laravel\\framework\\src\\Illuminate\\Routing\\Middleware\\ThrottleRequests.php(159): Illuminate\\Pipeline\\Pipeline->Illuminate\\Pipeline\\{closure}()
#18 C:\\Users\\hask777\\Desktop\\projects\\PHP\\laravel10-api-passport\\vendor\\laravel\\framework\\src\\Illuminate\\Routing\\Middleware\\ThrottleRequests.php(125): Illuminate\\Routing\\Middleware\\ThrottleRequests->handleRequest()
#19 C:\\Users\\hask777\\Desktop\\projects\\PHP\\laravel10-api-passport\\vendor\\laravel\\framework\\src\\Illuminate\\Routing\\Middleware\\ThrottleRequests.php(87): Illuminate\\Routing\\Middleware\\ThrottleRequests->handleRequestUsingNamedLimiter()
#20 C:\\Users\\hask777\\Desktop\\projects\\PHP\\laravel10-api-passport\\vendor\\laravel\\framework\\src\\Illuminate\\Pipeline\\Pipeline.php(183): Illuminate\\Routing\\Middleware\\ThrottleRequests->handle()
#21 C:\\Users\\hask777\\Desktop\\projects\\PHP\\laravel10-api-passport\\vendor\\laravel\\framework\\src\\Illuminate\\Pipeline\\Pipeline.php(119): Illuminate\\Pipeline\\Pipeline->Illuminate\\Pipeline\\{closure}()
#22 C:\\Users\\hask777\\Desktop\\projects\\PHP\\laravel10-api-passport\\vendor\\laravel\\framework\\src\\Illuminate\\Routing\\Router.php(805): Illuminate\\Pipeline\\Pipeline->then()
#23 C:\\Users\\hask777\\Desktop\\projects\\PHP\\laravel10-api-passport\\vendor\\laravel\\framework\\src\\Illuminate\\Routing\\Router.php(784): Illuminate\\Routing\\Router->runRouteWithinStack()
#24 C:\\Users\\hask777\\Desktop\\projects\\PHP\\laravel10-api-passport\\vendor\\laravel\\framework\\src\\Illuminate\\Routing\\Router.php(748): Illuminate\\Routing\\Router->runRoute()
#25 C:\\Users\\hask777\\Desktop\\projects\\PHP\\laravel10-api-passport\\vendor\\laravel\\framework\\src\\Illuminate\\Routing\\Router.php(737): Illuminate\\Routing\\Router->dispatchToRoute()
#26 C:\\Users\\hask777\\Desktop\\projects\\PHP\\laravel10-api-passport\\vendor\\laravel\\framework\\src\\Illuminate\\Foundation\\Http\\Kernel.php(200): Illuminate\\Routing\\Router->dispatch()
#27 C:\\Users\\hask777\\Desktop\\projects\\PHP\\laravel10-api-passport\\vendor\\laravel\\framework\\src\\Illuminate\\Pipeline\\Pipeline.php(144): Illuminate\\Foundation\\Http\\Kernel->Illuminate\\Foundation\\Http\\{closure}()
#28 C:\\Users\\hask777\\Desktop\\projects\\PHP\\laravel10-api-passport\\vendor\\laravel\\framework\\src\\Illuminate\\Foundation\\Http\\Middleware\\TransformsRequest.php(21): Illuminate\\Pipeline\\Pipeline->Illuminate\\Pipeline\\{closure}()
#29 C:\\Users\\hask777\\Desktop\\projects\\PHP\\laravel10-api-passport\\vendor\\laravel\\framework\\src\\Illuminate\\Foundation\\Http\\Middleware\\ConvertEmptyStringsToNull.php(31): Illuminate\\Foundation\\Http\\Middleware\\TransformsRequest->handle()
#30 C:\\Users\\hask777\\Desktop\\projects\\PHP\\laravel10-api-passport\\vendor\\laravel\\framework\\src\\Illuminate\\Pipeline\\Pipeline.php(183): Illuminate\\Foundation\\Http\\Middleware\\ConvertEmptyStringsToNull->handle()
#31 C:\\Users\\hask777\\Desktop\\projects\\PHP\\laravel10-api-passport\\vendor\\laravel\\framework\\src\\Illuminate\\Foundation\\Http\\Middleware\\TransformsRequest.php(21): Illuminate\\Pipeline\\Pipeline->Illuminate\\Pipeline\\{closure}()
#32 C:\\Users\\hask777\\Desktop\\projects\\PHP\\laravel10-api-passport\\vendor\\laravel\\framework\\src\\Illuminate\\Foundation\\Http\\Middleware\\TrimStrings.php(40): Illuminate\\Foundation\\Http\\Middleware\\TransformsRequest->handle()
#33 C:\\Users\\hask777\\Desktop\\projects\\PHP\\laravel10-api-passport\\vendor\\laravel\\framework\\src\\Illuminate\\Pipeline\\Pipeline.php(183): Illuminate\\Foundation\\Http\\Middleware\\TrimStrings->handle()
#34 C:\\Users\\hask777\\Desktop\\projects\\PHP\\laravel10-api-passport\\vendor\\laravel\\framework\\src\\Illuminate\\Foundation\\Http\\Middleware\\ValidatePostSize.php(27): Illuminate\\Pipeline\\Pipeline->Illuminate\\Pipeline\\{closure}()
#35 C:\\Users\\hask777\\Desktop\\projects\\PHP\\laravel10-api-passport\\vendor\\laravel\\framework\\src\\Illuminate\\Pipeline\\Pipeline.php(183): Illuminate\\Foundation\\Http\\Middleware\\ValidatePostSize->handle()
#36 C:\\Users\\hask777\\Desktop\\projects\\PHP\\laravel10-api-passport\\vendor\\laravel\\framework\\src\\Illuminate\\Foundation\\Http\\Middleware\\PreventRequestsDuringMaintenance.php(99): Illuminate\\Pipeline\\Pipeline->Illuminate\\Pipeline\\{closure}()
#37 C:\\Users\\hask777\\Desktop\\projects\\PHP\\laravel10-api-passport\\vendor\\laravel\\framework\\src\\Illuminate\\Pipeline\\Pipeline.php(183): Illuminate\\Foundation\\Http\\Middleware\\PreventRequestsDuringMaintenance->handle()
#38 C:\\Users\\hask777\\Desktop\\projects\\PHP\\laravel10-api-passport\\vendor\\laravel\\framework\\src\\Illuminate\\Http\\Middleware\\HandleCors.php(62): Illuminate\\Pipeline\\Pipeline->Illuminate\\Pipeline\\{closure}()
#39 C:\\Users\\hask777\\Desktop\\projects\\PHP\\laravel10-api-passport\\vendor\\laravel\\framework\\src\\Illuminate\\Pipeline\\Pipeline.php(183): Illuminate\\Http\\Middleware\\HandleCors->handle()
#40 C:\\Users\\hask777\\Desktop\\projects\\PHP\\laravel10-api-passport\\vendor\\laravel\\framework\\src\\Illuminate\\Http\\Middleware\\TrustProxies.php(39): Illuminate\\Pipeline\\Pipeline->Illuminate\\Pipeline\\{closure}()
#41 C:\\Users\\hask777\\Desktop\\projects\\PHP\\laravel10-api-passport\\vendor\\laravel\\framework\\src\\Illuminate\\Pipeline\\Pipeline.php(183): Illuminate\\Http\\Middleware\\TrustProxies->handle()
#42 C:\\Users\\hask777\\Desktop\\projects\\PHP\\laravel10-api-passport\\vendor\\laravel\\framework\\src\\Illuminate\\Pipeline\\Pipeline.php(119): Illuminate\\Pipeline\\Pipeline->Illuminate\\Pipeline\\{closure}()
#43 C:\\Users\\hask777\\Desktop\\projects\\PHP\\laravel10-api-passport\\vendor\\laravel\\framework\\src\\Illuminate\\Foundation\\Http\\Kernel.php(175): Illuminate\\Pipeline\\Pipeline->then()
#44 C:\\Users\\hask777\\Desktop\\projects\\PHP\\laravel10-api-passport\\vendor\\laravel\\framework\\src\\Illuminate\\Foundation\\Http\\Kernel.php(144): Illuminate\\Foundation\\Http\\Kernel->sendRequestThroughRouter()
#45 C:\\Users\\hask777\\Desktop\\projects\\PHP\\laravel10-api-passport\\public\\index.php(51): Illuminate\\Foundation\\Http\\Kernel->handle()
#46 C:\\Users\\hask777\\Desktop\\projects\\PHP\\laravel10-api-passport\\vendor\\laravel\\framework\\src\\Illuminate\\Foundation\\resources\\server.php(16): require_once('...')
#47 {main}
"} 
[2025-03-16 13:45:21] local.ERROR: SQLSTATE[42S02]: Base table or view not found: 1146 Table 'lara-passport.oauth_clients' doesn't exist (Connection: mysql, SQL: insert into `oauth_clients` (`user_id`, `name`, `secret`, `provider`, `redirect`, `personal_access_client`, `password_client`, `revoked`, `updated_at`, `created_at`) values (?, Laravel Personal Access Client, FsgNmltzmPW60MxeqjLVSwp5rWmcPxfRp8AD9peF, ?, http://localhost, 1, 0, 0, 2025-03-16 13:45:21, 2025-03-16 13:45:21)) {"exception":"[object] (Illuminate\\Database\\QueryException(code: 42S02): SQLSTATE[42S02]: Base table or view not found: 1146 Table 'lara-passport.oauth_clients' doesn't exist (Connection: mysql, SQL: insert into `oauth_clients` (`user_id`, `name`, `secret`, `provider`, `redirect`, `personal_access_client`, `password_client`, `revoked`, `updated_at`, `created_at`) values (?, Laravel Personal Access Client, FsgNmltzmPW60MxeqjLVSwp5rWmcPxfRp8AD9peF, ?, http://localhost, 1, 0, 0, 2025-03-16 13:45:21, 2025-03-16 13:45:21)) at C:\\Users\\hask777\\Desktop\\projects\\PHP\\laravel10-api-passport\\vendor\\laravel\\framework\\src\\Illuminate\\Database\\Connection.php:829)
[stacktrace]
#0 C:\\Users\\hask777\\Desktop\\projects\\PHP\\laravel10-api-passport\\vendor\\laravel\\framework\\src\\Illuminate\\Database\\Connection.php(783): Illuminate\\Database\\Connection->runQueryCallback()
#1 C:\\Users\\hask777\\Desktop\\projects\\PHP\\laravel10-api-passport\\vendor\\laravel\\framework\\src\\Illuminate\\Database\\MySqlConnection.php(34): Illuminate\\Database\\Connection->run()
#2 C:\\Users\\hask777\\Desktop\\projects\\PHP\\laravel10-api-passport\\vendor\\laravel\\framework\\src\\Illuminate\\Database\\Query\\Processors\\MySqlProcessor.php(35): Illuminate\\Database\\MySqlConnection->insert()
#3 C:\\Users\\hask777\\Desktop\\projects\\PHP\\laravel10-api-passport\\vendor\\laravel\\framework\\src\\Illuminate\\Database\\Query\\Builder.php(3549): Illuminate\\Database\\Query\\Processors\\MySqlProcessor->processInsertGetId()
#4 C:\\Users\\hask777\\Desktop\\projects\\PHP\\laravel10-api-passport\\vendor\\laravel\\framework\\src\\Illuminate\\Database\\Eloquent\\Builder.php(1982): Illuminate\\Database\\Query\\Builder->insertGetId()
#5 C:\\Users\\hask777\\Desktop\\projects\\PHP\\laravel10-api-passport\\vendor\\laravel\\framework\\src\\Illuminate\\Database\\Eloquent\\Model.php(1334): Illuminate\\Database\\Eloquent\\Builder->__call()
#6 C:\\Users\\hask777\\Desktop\\projects\\PHP\\laravel10-api-passport\\vendor\\laravel\\framework\\src\\Illuminate\\Database\\Eloquent\\Model.php(1299): Illuminate\\Database\\Eloquent\\Model->insertAndSetId()
#7 C:\\Users\\hask777\\Desktop\\projects\\PHP\\laravel10-api-passport\\vendor\\laravel\\framework\\src\\Illuminate\\Database\\Eloquent\\Model.php(1138): Illuminate\\Database\\Eloquent\\Model->performInsert()
#8 C:\\Users\\hask777\\Desktop\\projects\\PHP\\laravel10-api-passport\\vendor\\laravel\\passport\\src\\ClientRepository.php(153): Illuminate\\Database\\Eloquent\\Model->save()
#9 C:\\Users\\hask777\\Desktop\\projects\\PHP\\laravel10-api-passport\\vendor\\laravel\\passport\\src\\ClientRepository.php(168): Laravel\\Passport\\ClientRepository->create()
#10 C:\\Users\\hask777\\Desktop\\projects\\PHP\\laravel10-api-passport\\vendor\\laravel\\passport\\src\\Console\\ClientCommand.php(68): Laravel\\Passport\\ClientRepository->createPersonalAccessClient()
#11 C:\\Users\\hask777\\Desktop\\projects\\PHP\\laravel10-api-passport\\vendor\\laravel\\passport\\src\\Console\\ClientCommand.php(45): Laravel\\Passport\\Console\\ClientCommand->createPersonalClient()
#12 C:\\Users\\hask777\\Desktop\\projects\\PHP\\laravel10-api-passport\\vendor\\laravel\\framework\\src\\Illuminate\\Container\\BoundMethod.php(36): Laravel\\Passport\\Console\\ClientCommand->handle()
#13 C:\\Users\\hask777\\Desktop\\projects\\PHP\\laravel10-api-passport\\vendor\\laravel\\framework\\src\\Illuminate\\Container\\Util.php(41): Illuminate\\Container\\BoundMethod::Illuminate\\Container\\{closure}()
#14 C:\\Users\\hask777\\Desktop\\projects\\PHP\\laravel10-api-passport\\vendor\\laravel\\framework\\src\\Illuminate\\Container\\BoundMethod.php(93): Illuminate\\Container\\Util::unwrapIfClosure()
#15 C:\\Users\\hask777\\Desktop\\projects\\PHP\\laravel10-api-passport\\vendor\\laravel\\framework\\src\\Illuminate\\Container\\BoundMethod.php(35): Illuminate\\Container\\BoundMethod::callBoundMethod()
#16 C:\\Users\\hask777\\Desktop\\projects\\PHP\\laravel10-api-passport\\vendor\\laravel\\framework\\src\\Illuminate\\Container\\Container.php(662): Illuminate\\Container\\BoundMethod::call()
#17 C:\\Users\\hask777\\Desktop\\projects\\PHP\\laravel10-api-passport\\vendor\\laravel\\framework\\src\\Illuminate\\Console\\Command.php(211): Illuminate\\Container\\Container->call()
#18 C:\\Users\\hask777\\Desktop\\projects\\PHP\\laravel10-api-passport\\vendor\\symfony\\console\\Command\\Command.php(326): Illuminate\\Console\\Command->execute()
#19 C:\\Users\\hask777\\Desktop\\projects\\PHP\\laravel10-api-passport\\vendor\\laravel\\framework\\src\\Illuminate\\Console\\Command.php(180): Symfony\\Component\\Console\\Command\\Command->run()
#20 C:\\Users\\hask777\\Desktop\\projects\\PHP\\laravel10-api-passport\\vendor\\laravel\\framework\\src\\Illuminate\\Console\\Concerns\\CallsCommands.php(67): Illuminate\\Console\\Command->run()
#21 C:\\Users\\hask777\\Desktop\\projects\\PHP\\laravel10-api-passport\\vendor\\laravel\\framework\\src\\Illuminate\\Console\\Concerns\\CallsCommands.php(28): Illuminate\\Console\\Command->runCommand()
#22 C:\\Users\\hask777\\Desktop\\projects\\PHP\\laravel10-api-passport\\vendor\\laravel\\passport\\src\\Console\\InstallCommand.php(50): Illuminate\\Console\\Command->call()
#23 C:\\Users\\hask777\\Desktop\\projects\\PHP\\laravel10-api-passport\\vendor\\laravel\\framework\\src\\Illuminate\\Container\\BoundMethod.php(36): Laravel\\Passport\\Console\\InstallCommand->handle()
#24 C:\\Users\\hask777\\Desktop\\projects\\PHP\\laravel10-api-passport\\vendor\\laravel\\framework\\src\\Illuminate\\Container\\Util.php(41): Illuminate\\Container\\BoundMethod::Illuminate\\Container\\{closure}()
#25 C:\\Users\\hask777\\Desktop\\projects\\PHP\\laravel10-api-passport\\vendor\\laravel\\framework\\src\\Illuminate\\Container\\BoundMethod.php(93): Illuminate\\Container\\Util::unwrapIfClosure()
#26 C:\\Users\\hask777\\Desktop\\projects\\PHP\\laravel10-api-passport\\vendor\\laravel\\framework\\src\\Illuminate\\Container\\BoundMethod.php(35): Illuminate\\Container\\BoundMethod::callBoundMethod()
#27 C:\\Users\\hask777\\Desktop\\projects\\PHP\\laravel10-api-passport\\vendor\\laravel\\framework\\src\\Illuminate\\Container\\Container.php(662): Illuminate\\Container\\BoundMethod::call()
#28 C:\\Users\\hask777\\Desktop\\projects\\PHP\\laravel10-api-passport\\vendor\\laravel\\framework\\src\\Illuminate\\Console\\Command.php(211): Illuminate\\Container\\Container->call()
#29 C:\\Users\\hask777\\Desktop\\projects\\PHP\\laravel10-api-passport\\vendor\\symfony\\console\\Command\\Command.php(326): Illuminate\\Console\\Command->execute()
#30 C:\\Users\\hask777\\Desktop\\projects\\PHP\\laravel10-api-passport\\vendor\\laravel\\framework\\src\\Illuminate\\Console\\Command.php(180): Symfony\\Component\\Console\\Command\\Command->run()
#31 C:\\Users\\hask777\\Desktop\\projects\\PHP\\laravel10-api-passport\\vendor\\symfony\\console\\Application.php(1096): Illuminate\\Console\\Command->run()
#32 C:\\Users\\hask777\\Desktop\\projects\\PHP\\laravel10-api-passport\\vendor\\symfony\\console\\Application.php(324): Symfony\\Component\\Console\\Application->doRunCommand()
#33 C:\\Users\\hask777\\Desktop\\projects\\PHP\\laravel10-api-passport\\vendor\\symfony\\console\\Application.php(175): Symfony\\Component\\Console\\Application->doRun()
#34 C:\\Users\\hask777\\Desktop\\projects\\PHP\\laravel10-api-passport\\vendor\\laravel\\framework\\src\\Illuminate\\Foundation\\Console\\Kernel.php(201): Symfony\\Component\\Console\\Application->run()
#35 C:\\Users\\hask777\\Desktop\\projects\\PHP\\laravel10-api-passport\\artisan(35): Illuminate\\Foundation\\Console\\Kernel->handle()
#36 {main}

[previous exception] [object] (PDOException(code: 42S02): SQLSTATE[42S02]: Base table or view not found: 1146 Table 'lara-passport.oauth_clients' doesn't exist at C:\\Users\\hask777\\Desktop\\projects\\PHP\\laravel10-api-passport\\vendor\\laravel\\framework\\src\\Illuminate\\Database\\MySqlConnection.php:39)
[stacktrace]
#0 C:\\Users\\hask777\\Desktop\\projects\\PHP\\laravel10-api-passport\\vendor\\laravel\\framework\\src\\Illuminate\\Database\\MySqlConnection.php(39): PDO->prepare()
#1 C:\\Users\\hask777\\Desktop\\projects\\PHP\\laravel10-api-passport\\vendor\\laravel\\framework\\src\\Illuminate\\Database\\Connection.php(816): Illuminate\\Database\\MySqlConnection->Illuminate\\Database\\{closure}()
#2 C:\\Users\\hask777\\Desktop\\projects\\PHP\\laravel10-api-passport\\vendor\\laravel\\framework\\src\\Illuminate\\Database\\Connection.php(783): Illuminate\\Database\\Connection->runQueryCallback()
#3 C:\\Users\\hask777\\Desktop\\projects\\PHP\\laravel10-api-passport\\vendor\\laravel\\framework\\src\\Illuminate\\Database\\MySqlConnection.php(34): Illuminate\\Database\\Connection->run()
#4 C:\\Users\\hask777\\Desktop\\projects\\PHP\\laravel10-api-passport\\vendor\\laravel\\framework\\src\\Illuminate\\Database\\Query\\Processors\\MySqlProcessor.php(35): Illuminate\\Database\\MySqlConnection->insert()
#5 C:\\Users\\hask777\\Desktop\\projects\\PHP\\laravel10-api-passport\\vendor\\laravel\\framework\\src\\Illuminate\\Database\\Query\\Builder.php(3549): Illuminate\\Database\\Query\\Processors\\MySqlProcessor->processInsertGetId()
#6 C:\\Users\\hask777\\Desktop\\projects\\PHP\\laravel10-api-passport\\vendor\\laravel\\framework\\src\\Illuminate\\Database\\Eloquent\\Builder.php(1982): Illuminate\\Database\\Query\\Builder->insertGetId()
#7 C:\\Users\\hask777\\Desktop\\projects\\PHP\\laravel10-api-passport\\vendor\\laravel\\framework\\src\\Illuminate\\Database\\Eloquent\\Model.php(1334): Illuminate\\Database\\Eloquent\\Builder->__call()
#8 C:\\Users\\hask777\\Desktop\\projects\\PHP\\laravel10-api-passport\\vendor\\laravel\\framework\\src\\Illuminate\\Database\\Eloquent\\Model.php(1299): Illuminate\\Database\\Eloquent\\Model->insertAndSetId()
#9 C:\\Users\\hask777\\Desktop\\projects\\PHP\\laravel10-api-passport\\vendor\\laravel\\framework\\src\\Illuminate\\Database\\Eloquent\\Model.php(1138): Illuminate\\Database\\Eloquent\\Model->performInsert()
#10 C:\\Users\\hask777\\Desktop\\projects\\PHP\\laravel10-api-passport\\vendor\\laravel\\passport\\src\\ClientRepository.php(153): Illuminate\\Database\\Eloquent\\Model->save()
#11 C:\\Users\\hask777\\Desktop\\projects\\PHP\\laravel10-api-passport\\vendor\\laravel\\passport\\src\\ClientRepository.php(168): Laravel\\Passport\\ClientRepository->create()
#12 C:\\Users\\hask777\\Desktop\\projects\\PHP\\laravel10-api-passport\\vendor\\laravel\\passport\\src\\Console\\ClientCommand.php(68): Laravel\\Passport\\ClientRepository->createPersonalAccessClient()
#13 C:\\Users\\hask777\\Desktop\\projects\\PHP\\laravel10-api-passport\\vendor\\laravel\\passport\\src\\Console\\ClientCommand.php(45): Laravel\\Passport\\Console\\ClientCommand->createPersonalClient()
#14 C:\\Users\\hask777\\Desktop\\projects\\PHP\\laravel10-api-passport\\vendor\\laravel\\framework\\src\\Illuminate\\Container\\BoundMethod.php(36): Laravel\\Passport\\Console\\ClientCommand->handle()
#15 C:\\Users\\hask777\\Desktop\\projects\\PHP\\laravel10-api-passport\\vendor\\laravel\\framework\\src\\Illuminate\\Container\\Util.php(41): Illuminate\\Container\\BoundMethod::Illuminate\\Container\\{closure}()
#16 C:\\Users\\hask777\\Desktop\\projects\\PHP\\laravel10-api-passport\\vendor\\laravel\\framework\\src\\Illuminate\\Container\\BoundMethod.php(93): Illuminate\\Container\\Util::unwrapIfClosure()
#17 C:\\Users\\hask777\\Desktop\\projects\\PHP\\laravel10-api-passport\\vendor\\laravel\\framework\\src\\Illuminate\\Container\\BoundMethod.php(35): Illuminate\\Container\\BoundMethod::callBoundMethod()
#18 C:\\Users\\hask777\\Desktop\\projects\\PHP\\laravel10-api-passport\\vendor\\laravel\\framework\\src\\Illuminate\\Container\\Container.php(662): Illuminate\\Container\\BoundMethod::call()
#19 C:\\Users\\hask777\\Desktop\\projects\\PHP\\laravel10-api-passport\\vendor\\laravel\\framework\\src\\Illuminate\\Console\\Command.php(211): Illuminate\\Container\\Container->call()
#20 C:\\Users\\hask777\\Desktop\\projects\\PHP\\laravel10-api-passport\\vendor\\symfony\\console\\Command\\Command.php(326): Illuminate\\Console\\Command->execute()
#21 C:\\Users\\hask777\\Desktop\\projects\\PHP\\laravel10-api-passport\\vendor\\laravel\\framework\\src\\Illuminate\\Console\\Command.php(180): Symfony\\Component\\Console\\Command\\Command->run()
#22 C:\\Users\\hask777\\Desktop\\projects\\PHP\\laravel10-api-passport\\vendor\\laravel\\framework\\src\\Illuminate\\Console\\Concerns\\CallsCommands.php(67): Illuminate\\Console\\Command->run()
#23 C:\\Users\\hask777\\Desktop\\projects\\PHP\\laravel10-api-passport\\vendor\\laravel\\framework\\src\\Illuminate\\Console\\Concerns\\CallsCommands.php(28): Illuminate\\Console\\Command->runCommand()
#24 C:\\Users\\hask777\\Desktop\\projects\\PHP\\laravel10-api-passport\\vendor\\laravel\\passport\\src\\Console\\InstallCommand.php(50): Illuminate\\Console\\Command->call()
#25 C:\\Users\\hask777\\Desktop\\projects\\PHP\\laravel10-api-passport\\vendor\\laravel\\framework\\src\\Illuminate\\Container\\BoundMethod.php(36): Laravel\\Passport\\Console\\InstallCommand->handle()
#26 C:\\Users\\hask777\\Desktop\\projects\\PHP\\laravel10-api-passport\\vendor\\laravel\\framework\\src\\Illuminate\\Container\\Util.php(41): Illuminate\\Container\\BoundMethod::Illuminate\\Container\\{closure}()
#27 C:\\Users\\hask777\\Desktop\\projects\\PHP\\laravel10-api-passport\\vendor\\laravel\\framework\\src\\Illuminate\\Container\\BoundMethod.php(93): Illuminate\\Container\\Util::unwrapIfClosure()
#28 C:\\Users\\hask777\\Desktop\\projects\\PHP\\laravel10-api-passport\\vendor\\laravel\\framework\\src\\Illuminate\\Container\\BoundMethod.php(35): Illuminate\\Container\\BoundMethod::callBoundMethod()
#29 C:\\Users\\hask777\\Desktop\\projects\\PHP\\laravel10-api-passport\\vendor\\laravel\\framework\\src\\Illuminate\\Container\\Container.php(662): Illuminate\\Container\\BoundMethod::call()
#30 C:\\Users\\hask777\\Desktop\\projects\\PHP\\laravel10-api-passport\\vendor\\laravel\\framework\\src\\Illuminate\\Console\\Command.php(211): Illuminate\\Container\\Container->call()
#31 C:\\Users\\hask777\\Desktop\\projects\\PHP\\laravel10-api-passport\\vendor\\symfony\\console\\Command\\Command.php(326): Illuminate\\Console\\Command->execute()
#32 C:\\Users\\hask777\\Desktop\\projects\\PHP\\laravel10-api-passport\\vendor\\laravel\\framework\\src\\Illuminate\\Console\\Command.php(180): Symfony\\Component\\Console\\Command\\Command->run()
#33 C:\\Users\\hask777\\Desktop\\projects\\PHP\\laravel10-api-passport\\vendor\\symfony\\console\\Application.php(1096): Illuminate\\Console\\Command->run()
#34 C:\\Users\\hask777\\Desktop\\projects\\PHP\\laravel10-api-passport\\vendor\\symfony\\console\\Application.php(324): Symfony\\Component\\Console\\Application->doRunCommand()
#35 C:\\Users\\hask777\\Desktop\\projects\\PHP\\laravel10-api-passport\\vendor\\symfony\\console\\Application.php(175): Symfony\\Component\\Console\\Application->doRun()
#36 C:\\Users\\hask777\\Desktop\\projects\\PHP\\laravel10-api-passport\\vendor\\laravel\\framework\\src\\Illuminate\\Foundation\\Console\\Kernel.php(201): Symfony\\Component\\Console\\Application->run()
#37 C:\\Users\\hask777\\Desktop\\projects\\PHP\\laravel10-api-passport\\artisan(35): Illuminate\\Foundation\\Console\\Kernel->handle()
#38 {main}
"} 
[2025-03-16 13:45:51] local.ERROR: SQLSTATE[42S01]: Base table or view already exists: 1050 Table 'failed_jobs' already exists (Connection: mysql, SQL: create table `failed_jobs` (`id` bigint unsigned not null auto_increment primary key, `uuid` varchar(255) not null, `connection` text not null, `queue` text not null, `payload` longtext not null, `exception` longtext not null, `failed_at` timestamp not null default CURRENT_TIMESTAMP) default character set utf8mb4 collate 'utf8mb4_unicode_ci') {"exception":"[object] (Illuminate\\Database\\QueryException(code: 42S01): SQLSTATE[42S01]: Base table or view already exists: 1050 Table 'failed_jobs' already exists (Connection: mysql, SQL: create table `failed_jobs` (`id` bigint unsigned not null auto_increment primary key, `uuid` varchar(255) not null, `connection` text not null, `queue` text not null, `payload` longtext not null, `exception` longtext not null, `failed_at` timestamp not null default CURRENT_TIMESTAMP) default character set utf8mb4 collate 'utf8mb4_unicode_ci') at C:\\Users\\hask777\\Desktop\\projects\\PHP\\laravel10-api-passport\\vendor\\laravel\\framework\\src\\Illuminate\\Database\\Connection.php:829)
[stacktrace]
#0 C:\\Users\\hask777\\Desktop\\projects\\PHP\\laravel10-api-passport\\vendor\\laravel\\framework\\src\\Illuminate\\Database\\Connection.php(783): Illuminate\\Database\\Connection->runQueryCallback()
#1 C:\\Users\\hask777\\Desktop\\projects\\PHP\\laravel10-api-passport\\vendor\\laravel\\framework\\src\\Illuminate\\Database\\Connection.php(576): Illuminate\\Database\\Connection->run()
#2 C:\\Users\\hask777\\Desktop\\projects\\PHP\\laravel10-api-passport\\vendor\\laravel\\framework\\src\\Illuminate\\Database\\Schema\\Blueprint.php(110): Illuminate\\Database\\Connection->statement()
#3 C:\\Users\\hask777\\Desktop\\projects\\PHP\\laravel10-api-passport\\vendor\\laravel\\framework\\src\\Illuminate\\Database\\Schema\\Builder.php(602): Illuminate\\Database\\Schema\\Blueprint->build()
#4 C:\\Users\\hask777\\Desktop\\projects\\PHP\\laravel10-api-passport\\vendor\\laravel\\framework\\src\\Illuminate\\Database\\Schema\\Builder.php(456): Illuminate\\Database\\Schema\\Builder->build()
#5 C:\\Users\\hask777\\Desktop\\projects\\PHP\\laravel10-api-passport\\vendor\\laravel\\framework\\src\\Illuminate\\Support\\Facades\\Facade.php(355): Illuminate\\Database\\Schema\\Builder->create()
#6 C:\\Users\\hask777\\Desktop\\projects\\PHP\\laravel10-api-passport\\database\\migrations\\2019_08_19_000000_create_failed_jobs_table.php(14): Illuminate\\Support\\Facades\\Facade::__callStatic()
#7 C:\\Users\\hask777\\Desktop\\projects\\PHP\\laravel10-api-passport\\vendor\\laravel\\framework\\src\\Illuminate\\Database\\Migrations\\Migrator.php(501): Illuminate\\Database\\Migrations\\Migration@anonymous->up()
#8 C:\\Users\\hask777\\Desktop\\projects\\PHP\\laravel10-api-passport\\vendor\\laravel\\framework\\src\\Illuminate\\Database\\Migrations\\Migrator.php(418): Illuminate\\Database\\Migrations\\Migrator->runMethod()
#9 C:\\Users\\hask777\\Desktop\\projects\\PHP\\laravel10-api-passport\\vendor\\laravel\\framework\\src\\Illuminate\\Database\\Migrations\\Migrator.php(427): Illuminate\\Database\\Migrations\\Migrator->Illuminate\\Database\\Migrations\\{closure}()
#10 C:\\Users\\hask777\\Desktop\\projects\\PHP\\laravel10-api-passport\\vendor\\laravel\\framework\\src\\Illuminate\\Database\\Migrations\\Migrator.php(224): Illuminate\\Database\\Migrations\\Migrator->runMigration()
#11 C:\\Users\\hask777\\Desktop\\projects\\PHP\\laravel10-api-passport\\vendor\\laravel\\framework\\src\\Illuminate\\Console\\View\\Components\\Task.php(37): Illuminate\\Database\\Migrations\\Migrator->Illuminate\\Database\\Migrations\\{closure}()
#12 C:\\Users\\hask777\\Desktop\\projects\\PHP\\laravel10-api-passport\\vendor\\laravel\\framework\\src\\Illuminate\\Database\\Migrations\\Migrator.php(783): Illuminate\\Console\\View\\Components\\Task->render()
#13 C:\\Users\\hask777\\Desktop\\projects\\PHP\\laravel10-api-passport\\vendor\\laravel\\framework\\src\\Illuminate\\Database\\Migrations\\Migrator.php(224): Illuminate\\Database\\Migrations\\Migrator->write()
#14 C:\\Users\\hask777\\Desktop\\projects\\PHP\\laravel10-api-passport\\vendor\\laravel\\framework\\src\\Illuminate\\Database\\Migrations\\Migrator.php(189): Illuminate\\Database\\Migrations\\Migrator->runUp()
#15 C:\\Users\\hask777\\Desktop\\projects\\PHP\\laravel10-api-passport\\vendor\\laravel\\framework\\src\\Illuminate\\Database\\Migrations\\Migrator.php(132): Illuminate\\Database\\Migrations\\Migrator->runPending()
#16 C:\\Users\\hask777\\Desktop\\projects\\PHP\\laravel10-api-passport\\vendor\\laravel\\framework\\src\\Illuminate\\Database\\Console\\Migrations\\MigrateCommand.php(90): Illuminate\\Database\\Migrations\\Migrator->run()
#17 C:\\Users\\hask777\\Desktop\\projects\\PHP\\laravel10-api-passport\\vendor\\laravel\\framework\\src\\Illuminate\\Database\\Migrations\\Migrator.php(641): Illuminate\\Database\\Console\\Migrations\\MigrateCommand->Illuminate\\Database\\Console\\Migrations\\{closure}()
#18 C:\\Users\\hask777\\Desktop\\projects\\PHP\\laravel10-api-passport\\vendor\\laravel\\framework\\src\\Illuminate\\Database\\Console\\Migrations\\MigrateCommand.php(83): Illuminate\\Database\\Migrations\\Migrator->usingConnection()
#19 C:\\Users\\hask777\\Desktop\\projects\\PHP\\laravel10-api-passport\\vendor\\laravel\\framework\\src\\Illuminate\\Container\\BoundMethod.php(36): Illuminate\\Database\\Console\\Migrations\\MigrateCommand->handle()
#20 C:\\Users\\hask777\\Desktop\\projects\\PHP\\laravel10-api-passport\\vendor\\laravel\\framework\\src\\Illuminate\\Container\\Util.php(41): Illuminate\\Container\\BoundMethod::Illuminate\\Container\\{closure}()
#21 C:\\Users\\hask777\\Desktop\\projects\\PHP\\laravel10-api-passport\\vendor\\laravel\\framework\\src\\Illuminate\\Container\\BoundMethod.php(93): Illuminate\\Container\\Util::unwrapIfClosure()
#22 C:\\Users\\hask777\\Desktop\\projects\\PHP\\laravel10-api-passport\\vendor\\laravel\\framework\\src\\Illuminate\\Container\\BoundMethod.php(35): Illuminate\\Container\\BoundMethod::callBoundMethod()
#23 C:\\Users\\hask777\\Desktop\\projects\\PHP\\laravel10-api-passport\\vendor\\laravel\\framework\\src\\Illuminate\\Container\\Container.php(662): Illuminate\\Container\\BoundMethod::call()
#24 C:\\Users\\hask777\\Desktop\\projects\\PHP\\laravel10-api-passport\\vendor\\laravel\\framework\\src\\Illuminate\\Console\\Command.php(211): Illuminate\\Container\\Container->call()
#25 C:\\Users\\hask777\\Desktop\\projects\\PHP\\laravel10-api-passport\\vendor\\symfony\\console\\Command\\Command.php(326): Illuminate\\Console\\Command->execute()
#26 C:\\Users\\hask777\\Desktop\\projects\\PHP\\laravel10-api-passport\\vendor\\laravel\\framework\\src\\Illuminate\\Console\\Command.php(180): Symfony\\Component\\Console\\Command\\Command->run()
#27 C:\\Users\\hask777\\Desktop\\projects\\PHP\\laravel10-api-passport\\vendor\\laravel\\framework\\src\\Illuminate\\Console\\Concerns\\CallsCommands.php(67): Illuminate\\Console\\Command->run()
#28 C:\\Users\\hask777\\Desktop\\projects\\PHP\\laravel10-api-passport\\vendor\\laravel\\framework\\src\\Illuminate\\Console\\Concerns\\CallsCommands.php(28): Illuminate\\Console\\Command->runCommand()
#29 C:\\Users\\hask777\\Desktop\\projects\\PHP\\laravel10-api-passport\\vendor\\laravel\\passport\\src\\Console\\InstallCommand.php(45): Illuminate\\Console\\Command->call()
#30 C:\\Users\\hask777\\Desktop\\projects\\PHP\\laravel10-api-passport\\vendor\\laravel\\framework\\src\\Illuminate\\Container\\BoundMethod.php(36): Laravel\\Passport\\Console\\InstallCommand->handle()
#31 C:\\Users\\hask777\\Desktop\\projects\\PHP\\laravel10-api-passport\\vendor\\laravel\\framework\\src\\Illuminate\\Container\\Util.php(41): Illuminate\\Container\\BoundMethod::Illuminate\\Container\\{closure}()
#32 C:\\Users\\hask777\\Desktop\\projects\\PHP\\laravel10-api-passport\\vendor\\laravel\\framework\\src\\Illuminate\\Container\\BoundMethod.php(93): Illuminate\\Container\\Util::unwrapIfClosure()
#33 C:\\Users\\hask777\\Desktop\\projects\\PHP\\laravel10-api-passport\\vendor\\laravel\\framework\\src\\Illuminate\\Container\\BoundMethod.php(35): Illuminate\\Container\\BoundMethod::callBoundMethod()
#34 C:\\Users\\hask777\\Desktop\\projects\\PHP\\laravel10-api-passport\\vendor\\laravel\\framework\\src\\Illuminate\\Container\\Container.php(662): Illuminate\\Container\\BoundMethod::call()
#35 C:\\Users\\hask777\\Desktop\\projects\\PHP\\laravel10-api-passport\\vendor\\laravel\\framework\\src\\Illuminate\\Console\\Command.php(211): Illuminate\\Container\\Container->call()
#36 C:\\Users\\hask777\\Desktop\\projects\\PHP\\laravel10-api-passport\\vendor\\symfony\\console\\Command\\Command.php(326): Illuminate\\Console\\Command->execute()
#37 C:\\Users\\hask777\\Desktop\\projects\\PHP\\laravel10-api-passport\\vendor\\laravel\\framework\\src\\Illuminate\\Console\\Command.php(180): Symfony\\Component\\Console\\Command\\Command->run()
#38 C:\\Users\\hask777\\Desktop\\projects\\PHP\\laravel10-api-passport\\vendor\\symfony\\console\\Application.php(1096): Illuminate\\Console\\Command->run()
#39 C:\\Users\\hask777\\Desktop\\projects\\PHP\\laravel10-api-passport\\vendor\\symfony\\console\\Application.php(324): Symfony\\Component\\Console\\Application->doRunCommand()
#40 C:\\Users\\hask777\\Desktop\\projects\\PHP\\laravel10-api-passport\\vendor\\symfony\\console\\Application.php(175): Symfony\\Component\\Console\\Application->doRun()
#41 C:\\Users\\hask777\\Desktop\\projects\\PHP\\laravel10-api-passport\\vendor\\laravel\\framework\\src\\Illuminate\\Foundation\\Console\\Kernel.php(201): Symfony\\Component\\Console\\Application->run()
#42 C:\\Users\\hask777\\Desktop\\projects\\PHP\\laravel10-api-passport\\artisan(35): Illuminate\\Foundation\\Console\\Kernel->handle()
#43 {main}

[previous exception] [object] (PDOException(code: 42S01): SQLSTATE[42S01]: Base table or view already exists: 1050 Table 'failed_jobs' already exists at C:\\Users\\hask777\\Desktop\\projects\\PHP\\laravel10-api-passport\\vendor\\laravel\\framework\\src\\Illuminate\\Database\\Connection.php:587)
[stacktrace]
#0 C:\\Users\\hask777\\Desktop\\projects\\PHP\\laravel10-api-passport\\vendor\\laravel\\framework\\src\\Illuminate\\Database\\Connection.php(587): PDOStatement->execute()
#1 C:\\Users\\hask777\\Desktop\\projects\\PHP\\laravel10-api-passport\\vendor\\laravel\\framework\\src\\Illuminate\\Database\\Connection.php(816): Illuminate\\Database\\Connection->Illuminate\\Database\\{closure}()
#2 C:\\Users\\hask777\\Desktop\\projects\\PHP\\laravel10-api-passport\\vendor\\laravel\\framework\\src\\Illuminate\\Database\\Connection.php(783): Illuminate\\Database\\Connection->runQueryCallback()
#3 C:\\Users\\hask777\\Desktop\\projects\\PHP\\laravel10-api-passport\\vendor\\laravel\\framework\\src\\Illuminate\\Database\\Connection.php(576): Illuminate\\Database\\Connection->run()
#4 C:\\Users\\hask777\\Desktop\\projects\\PHP\\laravel10-api-passport\\vendor\\laravel\\framework\\src\\Illuminate\\Database\\Schema\\Blueprint.php(110): Illuminate\\Database\\Connection->statement()
#5 C:\\Users\\hask777\\Desktop\\projects\\PHP\\laravel10-api-passport\\vendor\\laravel\\framework\\src\\Illuminate\\Database\\Schema\\Builder.php(602): Illuminate\\Database\\Schema\\Blueprint->build()
#6 C:\\Users\\hask777\\Desktop\\projects\\PHP\\laravel10-api-passport\\vendor\\laravel\\framework\\src\\Illuminate\\Database\\Schema\\Builder.php(456): Illuminate\\Database\\Schema\\Builder->build()
#7 C:\\Users\\hask777\\Desktop\\projects\\PHP\\laravel10-api-passport\\vendor\\laravel\\framework\\src\\Illuminate\\Support\\Facades\\Facade.php(355): Illuminate\\Database\\Schema\\Builder->create()
#8 C:\\Users\\hask777\\Desktop\\projects\\PHP\\laravel10-api-passport\\database\\migrations\\2019_08_19_000000_create_failed_jobs_table.php(14): Illuminate\\Support\\Facades\\Facade::__callStatic()
#9 C:\\Users\\hask777\\Desktop\\projects\\PHP\\laravel10-api-passport\\vendor\\laravel\\framework\\src\\Illuminate\\Database\\Migrations\\Migrator.php(501): Illuminate\\Database\\Migrations\\Migration@anonymous->up()
#10 C:\\Users\\hask777\\Desktop\\projects\\PHP\\laravel10-api-passport\\vendor\\laravel\\framework\\src\\Illuminate\\Database\\Migrations\\Migrator.php(418): Illuminate\\Database\\Migrations\\Migrator->runMethod()
#11 C:\\Users\\hask777\\Desktop\\projects\\PHP\\laravel10-api-passport\\vendor\\laravel\\framework\\src\\Illuminate\\Database\\Migrations\\Migrator.php(427): Illuminate\\Database\\Migrations\\Migrator->Illuminate\\Database\\Migrations\\{closure}()
#12 C:\\Users\\hask777\\Desktop\\projects\\PHP\\laravel10-api-passport\\vendor\\laravel\\framework\\src\\Illuminate\\Database\\Migrations\\Migrator.php(224): Illuminate\\Database\\Migrations\\Migrator->runMigration()
#13 C:\\Users\\hask777\\Desktop\\projects\\PHP\\laravel10-api-passport\\vendor\\laravel\\framework\\src\\Illuminate\\Console\\View\\Components\\Task.php(37): Illuminate\\Database\\Migrations\\Migrator->Illuminate\\Database\\Migrations\\{closure}()
#14 C:\\Users\\hask777\\Desktop\\projects\\PHP\\laravel10-api-passport\\vendor\\laravel\\framework\\src\\Illuminate\\Database\\Migrations\\Migrator.php(783): Illuminate\\Console\\View\\Components\\Task->render()
#15 C:\\Users\\hask777\\Desktop\\projects\\PHP\\laravel10-api-passport\\vendor\\laravel\\framework\\src\\Illuminate\\Database\\Migrations\\Migrator.php(224): Illuminate\\Database\\Migrations\\Migrator->write()
#16 C:\\Users\\hask777\\Desktop\\projects\\PHP\\laravel10-api-passport\\vendor\\laravel\\framework\\src\\Illuminate\\Database\\Migrations\\Migrator.php(189): Illuminate\\Database\\Migrations\\Migrator->runUp()
#17 C:\\Users\\hask777\\Desktop\\projects\\PHP\\laravel10-api-passport\\vendor\\laravel\\framework\\src\\Illuminate\\Database\\Migrations\\Migrator.php(132): Illuminate\\Database\\Migrations\\Migrator->runPending()
#18 C:\\Users\\hask777\\Desktop\\projects\\PHP\\laravel10-api-passport\\vendor\\laravel\\framework\\src\\Illuminate\\Database\\Console\\Migrations\\MigrateCommand.php(90): Illuminate\\Database\\Migrations\\Migrator->run()
#19 C:\\Users\\hask777\\Desktop\\projects\\PHP\\laravel10-api-passport\\vendor\\laravel\\framework\\src\\Illuminate\\Database\\Migrations\\Migrator.php(641): Illuminate\\Database\\Console\\Migrations\\MigrateCommand->Illuminate\\Database\\Console\\Migrations\\{closure}()
#20 C:\\Users\\hask777\\Desktop\\projects\\PHP\\laravel10-api-passport\\vendor\\laravel\\framework\\src\\Illuminate\\Database\\Console\\Migrations\\MigrateCommand.php(83): Illuminate\\Database\\Migrations\\Migrator->usingConnection()
#21 C:\\Users\\hask777\\Desktop\\projects\\PHP\\laravel10-api-passport\\vendor\\laravel\\framework\\src\\Illuminate\\Container\\BoundMethod.php(36): Illuminate\\Database\\Console\\Migrations\\MigrateCommand->handle()
#22 C:\\Users\\hask777\\Desktop\\projects\\PHP\\laravel10-api-passport\\vendor\\laravel\\framework\\src\\Illuminate\\Container\\Util.php(41): Illuminate\\Container\\BoundMethod::Illuminate\\Container\\{closure}()
#23 C:\\Users\\hask777\\Desktop\\projects\\PHP\\laravel10-api-passport\\vendor\\laravel\\framework\\src\\Illuminate\\Container\\BoundMethod.php(93): Illuminate\\Container\\Util::unwrapIfClosure()
#24 C:\\Users\\hask777\\Desktop\\projects\\PHP\\laravel10-api-passport\\vendor\\laravel\\framework\\src\\Illuminate\\Container\\BoundMethod.php(35): Illuminate\\Container\\BoundMethod::callBoundMethod()
#25 C:\\Users\\hask777\\Desktop\\projects\\PHP\\laravel10-api-passport\\vendor\\laravel\\framework\\src\\Illuminate\\Container\\Container.php(662): Illuminate\\Container\\BoundMethod::call()
#26 C:\\Users\\hask777\\Desktop\\projects\\PHP\\laravel10-api-passport\\vendor\\laravel\\framework\\src\\Illuminate\\Console\\Command.php(211): Illuminate\\Container\\Container->call()
#27 C:\\Users\\hask777\\Desktop\\projects\\PHP\\laravel10-api-passport\\vendor\\symfony\\console\\Command\\Command.php(326): Illuminate\\Console\\Command->execute()
#28 C:\\Users\\hask777\\Desktop\\projects\\PHP\\laravel10-api-passport\\vendor\\laravel\\framework\\src\\Illuminate\\Console\\Command.php(180): Symfony\\Component\\Console\\Command\\Command->run()
#29 C:\\Users\\hask777\\Desktop\\projects\\PHP\\laravel10-api-passport\\vendor\\laravel\\framework\\src\\Illuminate\\Console\\Concerns\\CallsCommands.php(67): Illuminate\\Console\\Command->run()
#30 C:\\Users\\hask777\\Desktop\\projects\\PHP\\laravel10-api-passport\\vendor\\laravel\\framework\\src\\Illuminate\\Console\\Concerns\\CallsCommands.php(28): Illuminate\\Console\\Command->runCommand()
#31 C:\\Users\\hask777\\Desktop\\projects\\PHP\\laravel10-api-passport\\vendor\\laravel\\passport\\src\\Console\\InstallCommand.php(45): Illuminate\\Console\\Command->call()
#32 C:\\Users\\hask777\\Desktop\\projects\\PHP\\laravel10-api-passport\\vendor\\laravel\\framework\\src\\Illuminate\\Container\\BoundMethod.php(36): Laravel\\Passport\\Console\\InstallCommand->handle()
#33 C:\\Users\\hask777\\Desktop\\projects\\PHP\\laravel10-api-passport\\vendor\\laravel\\framework\\src\\Illuminate\\Container\\Util.php(41): Illuminate\\Container\\BoundMethod::Illuminate\\Container\\{closure}()
#34 C:\\Users\\hask777\\Desktop\\projects\\PHP\\laravel10-api-passport\\vendor\\laravel\\framework\\src\\Illuminate\\Container\\BoundMethod.php(93): Illuminate\\Container\\Util::unwrapIfClosure()
#35 C:\\Users\\hask777\\Desktop\\projects\\PHP\\laravel10-api-passport\\vendor\\laravel\\framework\\src\\Illuminate\\Container\\BoundMethod.php(35): Illuminate\\Container\\BoundMethod::callBoundMethod()
#36 C:\\Users\\hask777\\Desktop\\projects\\PHP\\laravel10-api-passport\\vendor\\laravel\\framework\\src\\Illuminate\\Container\\Container.php(662): Illuminate\\Container\\BoundMethod::call()
#37 C:\\Users\\hask777\\Desktop\\projects\\PHP\\laravel10-api-passport\\vendor\\laravel\\framework\\src\\Illuminate\\Console\\Command.php(211): Illuminate\\Container\\Container->call()
#38 C:\\Users\\hask777\\Desktop\\projects\\PHP\\laravel10-api-passport\\vendor\\symfony\\console\\Command\\Command.php(326): Illuminate\\Console\\Command->execute()
#39 C:\\Users\\hask777\\Desktop\\projects\\PHP\\laravel10-api-passport\\vendor\\laravel\\framework\\src\\Illuminate\\Console\\Command.php(180): Symfony\\Component\\Console\\Command\\Command->run()
#40 C:\\Users\\hask777\\Desktop\\projects\\PHP\\laravel10-api-passport\\vendor\\symfony\\console\\Application.php(1096): Illuminate\\Console\\Command->run()
#41 C:\\Users\\hask777\\Desktop\\projects\\PHP\\laravel10-api-passport\\vendor\\symfony\\console\\Application.php(324): Symfony\\Component\\Console\\Application->doRunCommand()
#42 C:\\Users\\hask777\\Desktop\\projects\\PHP\\laravel10-api-passport\\vendor\\symfony\\console\\Application.php(175): Symfony\\Component\\Console\\Application->doRun()
#43 C:\\Users\\hask777\\Desktop\\projects\\PHP\\laravel10-api-passport\\vendor\\laravel\\framework\\src\\Illuminate\\Foundation\\Console\\Kernel.php(201): Symfony\\Component\\Console\\Application->run()
#44 C:\\Users\\hask777\\Desktop\\projects\\PHP\\laravel10-api-passport\\artisan(35): Illuminate\\Foundation\\Console\\Kernel->handle()
#45 {main}
"} 
[2025-03-16 13:46:18] local.ERROR: SQLSTATE[42S01]: Base table or view already exists: 1050 Table 'failed_jobs' already exists (Connection: mysql, SQL: create table `failed_jobs` (`id` bigint unsigned not null auto_increment primary key, `uuid` varchar(255) not null, `connection` text not null, `queue` text not null, `payload` longtext not null, `exception` longtext not null, `failed_at` timestamp not null default CURRENT_TIMESTAMP) default character set utf8mb4 collate 'utf8mb4_unicode_ci') {"exception":"[object] (Illuminate\\Database\\QueryException(code: 42S01): SQLSTATE[42S01]: Base table or view already exists: 1050 Table 'failed_jobs' already exists (Connection: mysql, SQL: create table `failed_jobs` (`id` bigint unsigned not null auto_increment primary key, `uuid` varchar(255) not null, `connection` text not null, `queue` text not null, `payload` longtext not null, `exception` longtext not null, `failed_at` timestamp not null default CURRENT_TIMESTAMP) default character set utf8mb4 collate 'utf8mb4_unicode_ci') at C:\\Users\\hask777\\Desktop\\projects\\PHP\\laravel10-api-passport\\vendor\\laravel\\framework\\src\\Illuminate\\Database\\Connection.php:829)
[stacktrace]
#0 C:\\Users\\hask777\\Desktop\\projects\\PHP\\laravel10-api-passport\\vendor\\laravel\\framework\\src\\Illuminate\\Database\\Connection.php(783): Illuminate\\Database\\Connection->runQueryCallback()
#1 C:\\Users\\hask777\\Desktop\\projects\\PHP\\laravel10-api-passport\\vendor\\laravel\\framework\\src\\Illuminate\\Database\\Connection.php(576): Illuminate\\Database\\Connection->run()
#2 C:\\Users\\hask777\\Desktop\\projects\\PHP\\laravel10-api-passport\\vendor\\laravel\\framework\\src\\Illuminate\\Database\\Schema\\Blueprint.php(110): Illuminate\\Database\\Connection->statement()
#3 C:\\Users\\hask777\\Desktop\\projects\\PHP\\laravel10-api-passport\\vendor\\laravel\\framework\\src\\Illuminate\\Database\\Schema\\Builder.php(602): Illuminate\\Database\\Schema\\Blueprint->build()
#4 C:\\Users\\hask777\\Desktop\\projects\\PHP\\laravel10-api-passport\\vendor\\laravel\\framework\\src\\Illuminate\\Database\\Schema\\Builder.php(456): Illuminate\\Database\\Schema\\Builder->build()
#5 C:\\Users\\hask777\\Desktop\\projects\\PHP\\laravel10-api-passport\\vendor\\laravel\\framework\\src\\Illuminate\\Support\\Facades\\Facade.php(355): Illuminate\\Database\\Schema\\Builder->create()
#6 C:\\Users\\hask777\\Desktop\\projects\\PHP\\laravel10-api-passport\\database\\migrations\\2019_08_19_000000_create_failed_jobs_table.php(14): Illuminate\\Support\\Facades\\Facade::__callStatic()
#7 C:\\Users\\hask777\\Desktop\\projects\\PHP\\laravel10-api-passport\\vendor\\laravel\\framework\\src\\Illuminate\\Database\\Migrations\\Migrator.php(501): Illuminate\\Database\\Migrations\\Migration@anonymous->up()
#8 C:\\Users\\hask777\\Desktop\\projects\\PHP\\laravel10-api-passport\\vendor\\laravel\\framework\\src\\Illuminate\\Database\\Migrations\\Migrator.php(418): Illuminate\\Database\\Migrations\\Migrator->runMethod()
#9 C:\\Users\\hask777\\Desktop\\projects\\PHP\\laravel10-api-passport\\vendor\\laravel\\framework\\src\\Illuminate\\Database\\Migrations\\Migrator.php(427): Illuminate\\Database\\Migrations\\Migrator->Illuminate\\Database\\Migrations\\{closure}()
#10 C:\\Users\\hask777\\Desktop\\projects\\PHP\\laravel10-api-passport\\vendor\\laravel\\framework\\src\\Illuminate\\Database\\Migrations\\Migrator.php(224): Illuminate\\Database\\Migrations\\Migrator->runMigration()
#11 C:\\Users\\hask777\\Desktop\\projects\\PHP\\laravel10-api-passport\\vendor\\laravel\\framework\\src\\Illuminate\\Console\\View\\Components\\Task.php(37): Illuminate\\Database\\Migrations\\Migrator->Illuminate\\Database\\Migrations\\{closure}()
#12 C:\\Users\\hask777\\Desktop\\projects\\PHP\\laravel10-api-passport\\vendor\\laravel\\framework\\src\\Illuminate\\Database\\Migrations\\Migrator.php(783): Illuminate\\Console\\View\\Components\\Task->render()
#13 C:\\Users\\hask777\\Desktop\\projects\\PHP\\laravel10-api-passport\\vendor\\laravel\\framework\\src\\Illuminate\\Database\\Migrations\\Migrator.php(224): Illuminate\\Database\\Migrations\\Migrator->write()
#14 C:\\Users\\hask777\\Desktop\\projects\\PHP\\laravel10-api-passport\\vendor\\laravel\\framework\\src\\Illuminate\\Database\\Migrations\\Migrator.php(189): Illuminate\\Database\\Migrations\\Migrator->runUp()
#15 C:\\Users\\hask777\\Desktop\\projects\\PHP\\laravel10-api-passport\\vendor\\laravel\\framework\\src\\Illuminate\\Database\\Migrations\\Migrator.php(132): Illuminate\\Database\\Migrations\\Migrator->runPending()
#16 C:\\Users\\hask777\\Desktop\\projects\\PHP\\laravel10-api-passport\\vendor\\laravel\\framework\\src\\Illuminate\\Database\\Console\\Migrations\\MigrateCommand.php(90): Illuminate\\Database\\Migrations\\Migrator->run()
#17 C:\\Users\\hask777\\Desktop\\projects\\PHP\\laravel10-api-passport\\vendor\\laravel\\framework\\src\\Illuminate\\Database\\Migrations\\Migrator.php(641): Illuminate\\Database\\Console\\Migrations\\MigrateCommand->Illuminate\\Database\\Console\\Migrations\\{closure}()
#18 C:\\Users\\hask777\\Desktop\\projects\\PHP\\laravel10-api-passport\\vendor\\laravel\\framework\\src\\Illuminate\\Database\\Console\\Migrations\\MigrateCommand.php(83): Illuminate\\Database\\Migrations\\Migrator->usingConnection()
#19 C:\\Users\\hask777\\Desktop\\projects\\PHP\\laravel10-api-passport\\vendor\\laravel\\framework\\src\\Illuminate\\Container\\BoundMethod.php(36): Illuminate\\Database\\Console\\Migrations\\MigrateCommand->handle()
#20 C:\\Users\\hask777\\Desktop\\projects\\PHP\\laravel10-api-passport\\vendor\\laravel\\framework\\src\\Illuminate\\Container\\Util.php(41): Illuminate\\Container\\BoundMethod::Illuminate\\Container\\{closure}()
#21 C:\\Users\\hask777\\Desktop\\projects\\PHP\\laravel10-api-passport\\vendor\\laravel\\framework\\src\\Illuminate\\Container\\BoundMethod.php(93): Illuminate\\Container\\Util::unwrapIfClosure()
#22 C:\\Users\\hask777\\Desktop\\projects\\PHP\\laravel10-api-passport\\vendor\\laravel\\framework\\src\\Illuminate\\Container\\BoundMethod.php(35): Illuminate\\Container\\BoundMethod::callBoundMethod()
#23 C:\\Users\\hask777\\Desktop\\projects\\PHP\\laravel10-api-passport\\vendor\\laravel\\framework\\src\\Illuminate\\Container\\Container.php(662): Illuminate\\Container\\BoundMethod::call()
#24 C:\\Users\\hask777\\Desktop\\projects\\PHP\\laravel10-api-passport\\vendor\\laravel\\framework\\src\\Illuminate\\Console\\Command.php(211): Illuminate\\Container\\Container->call()
#25 C:\\Users\\hask777\\Desktop\\projects\\PHP\\laravel10-api-passport\\vendor\\symfony\\console\\Command\\Command.php(326): Illuminate\\Console\\Command->execute()
#26 C:\\Users\\hask777\\Desktop\\projects\\PHP\\laravel10-api-passport\\vendor\\laravel\\framework\\src\\Illuminate\\Console\\Command.php(180): Symfony\\Component\\Console\\Command\\Command->run()
#27 C:\\Users\\hask777\\Desktop\\projects\\PHP\\laravel10-api-passport\\vendor\\laravel\\framework\\src\\Illuminate\\Console\\Concerns\\CallsCommands.php(67): Illuminate\\Console\\Command->run()
#28 C:\\Users\\hask777\\Desktop\\projects\\PHP\\laravel10-api-passport\\vendor\\laravel\\framework\\src\\Illuminate\\Console\\Concerns\\CallsCommands.php(28): Illuminate\\Console\\Command->runCommand()
#29 C:\\Users\\hask777\\Desktop\\projects\\PHP\\laravel10-api-passport\\vendor\\laravel\\passport\\src\\Console\\InstallCommand.php(45): Illuminate\\Console\\Command->call()
#30 C:\\Users\\hask777\\Desktop\\projects\\PHP\\laravel10-api-passport\\vendor\\laravel\\framework\\src\\Illuminate\\Container\\BoundMethod.php(36): Laravel\\Passport\\Console\\InstallCommand->handle()
#31 C:\\Users\\hask777\\Desktop\\projects\\PHP\\laravel10-api-passport\\vendor\\laravel\\framework\\src\\Illuminate\\Container\\Util.php(41): Illuminate\\Container\\BoundMethod::Illuminate\\Container\\{closure}()
#32 C:\\Users\\hask777\\Desktop\\projects\\PHP\\laravel10-api-passport\\vendor\\laravel\\framework\\src\\Illuminate\\Container\\BoundMethod.php(93): Illuminate\\Container\\Util::unwrapIfClosure()
#33 C:\\Users\\hask777\\Desktop\\projects\\PHP\\laravel10-api-passport\\vendor\\laravel\\framework\\src\\Illuminate\\Container\\BoundMethod.php(35): Illuminate\\Container\\BoundMethod::callBoundMethod()
#34 C:\\Users\\hask777\\Desktop\\projects\\PHP\\laravel10-api-passport\\vendor\\laravel\\framework\\src\\Illuminate\\Container\\Container.php(662): Illuminate\\Container\\BoundMethod::call()
#35 C:\\Users\\hask777\\Desktop\\projects\\PHP\\laravel10-api-passport\\vendor\\laravel\\framework\\src\\Illuminate\\Console\\Command.php(211): Illuminate\\Container\\Container->call()
#36 C:\\Users\\hask777\\Desktop\\projects\\PHP\\laravel10-api-passport\\vendor\\symfony\\console\\Command\\Command.php(326): Illuminate\\Console\\Command->execute()
#37 C:\\Users\\hask777\\Desktop\\projects\\PHP\\laravel10-api-passport\\vendor\\laravel\\framework\\src\\Illuminate\\Console\\Command.php(180): Symfony\\Component\\Console\\Command\\Command->run()
#38 C:\\Users\\hask777\\Desktop\\projects\\PHP\\laravel10-api-passport\\vendor\\symfony\\console\\Application.php(1096): Illuminate\\Console\\Command->run()
#39 C:\\Users\\hask777\\Desktop\\projects\\PHP\\laravel10-api-passport\\vendor\\symfony\\console\\Application.php(324): Symfony\\Component\\Console\\Application->doRunCommand()
#40 C:\\Users\\hask777\\Desktop\\projects\\PHP\\laravel10-api-passport\\vendor\\symfony\\console\\Application.php(175): Symfony\\Component\\Console\\Application->doRun()
#41 C:\\Users\\hask777\\Desktop\\projects\\PHP\\laravel10-api-passport\\vendor\\laravel\\framework\\src\\Illuminate\\Foundation\\Console\\Kernel.php(201): Symfony\\Component\\Console\\Application->run()
#42 C:\\Users\\hask777\\Desktop\\projects\\PHP\\laravel10-api-passport\\artisan(35): Illuminate\\Foundation\\Console\\Kernel->handle()
#43 {main}

[previous exception] [object] (PDOException(code: 42S01): SQLSTATE[42S01]: Base table or view already exists: 1050 Table 'failed_jobs' already exists at C:\\Users\\hask777\\Desktop\\projects\\PHP\\laravel10-api-passport\\vendor\\laravel\\framework\\src\\Illuminate\\Database\\Connection.php:587)
[stacktrace]
#0 C:\\Users\\hask777\\Desktop\\projects\\PHP\\laravel10-api-passport\\vendor\\laravel\\framework\\src\\Illuminate\\Database\\Connection.php(587): PDOStatement->execute()
#1 C:\\Users\\hask777\\Desktop\\projects\\PHP\\laravel10-api-passport\\vendor\\laravel\\framework\\src\\Illuminate\\Database\\Connection.php(816): Illuminate\\Database\\Connection->Illuminate\\Database\\{closure}()
#2 C:\\Users\\hask777\\Desktop\\projects\\PHP\\laravel10-api-passport\\vendor\\laravel\\framework\\src\\Illuminate\\Database\\Connection.php(783): Illuminate\\Database\\Connection->runQueryCallback()
#3 C:\\Users\\hask777\\Desktop\\projects\\PHP\\laravel10-api-passport\\vendor\\laravel\\framework\\src\\Illuminate\\Database\\Connection.php(576): Illuminate\\Database\\Connection->run()
#4 C:\\Users\\hask777\\Desktop\\projects\\PHP\\laravel10-api-passport\\vendor\\laravel\\framework\\src\\Illuminate\\Database\\Schema\\Blueprint.php(110): Illuminate\\Database\\Connection->statement()
#5 C:\\Users\\hask777\\Desktop\\projects\\PHP\\laravel10-api-passport\\vendor\\laravel\\framework\\src\\Illuminate\\Database\\Schema\\Builder.php(602): Illuminate\\Database\\Schema\\Blueprint->build()
#6 C:\\Users\\hask777\\Desktop\\projects\\PHP\\laravel10-api-passport\\vendor\\laravel\\framework\\src\\Illuminate\\Database\\Schema\\Builder.php(456): Illuminate\\Database\\Schema\\Builder->build()
#7 C:\\Users\\hask777\\Desktop\\projects\\PHP\\laravel10-api-passport\\vendor\\laravel\\framework\\src\\Illuminate\\Support\\Facades\\Facade.php(355): Illuminate\\Database\\Schema\\Builder->create()
#8 C:\\Users\\hask777\\Desktop\\projects\\PHP\\laravel10-api-passport\\database\\migrations\\2019_08_19_000000_create_failed_jobs_table.php(14): Illuminate\\Support\\Facades\\Facade::__callStatic()
#9 C:\\Users\\hask777\\Desktop\\projects\\PHP\\laravel10-api-passport\\vendor\\laravel\\framework\\src\\Illuminate\\Database\\Migrations\\Migrator.php(501): Illuminate\\Database\\Migrations\\Migration@anonymous->up()
#10 C:\\Users\\hask777\\Desktop\\projects\\PHP\\laravel10-api-passport\\vendor\\laravel\\framework\\src\\Illuminate\\Database\\Migrations\\Migrator.php(418): Illuminate\\Database\\Migrations\\Migrator->runMethod()
#11 C:\\Users\\hask777\\Desktop\\projects\\PHP\\laravel10-api-passport\\vendor\\laravel\\framework\\src\\Illuminate\\Database\\Migrations\\Migrator.php(427): Illuminate\\Database\\Migrations\\Migrator->Illuminate\\Database\\Migrations\\{closure}()
#12 C:\\Users\\hask777\\Desktop\\projects\\PHP\\laravel10-api-passport\\vendor\\laravel\\framework\\src\\Illuminate\\Database\\Migrations\\Migrator.php(224): Illuminate\\Database\\Migrations\\Migrator->runMigration()
#13 C:\\Users\\hask777\\Desktop\\projects\\PHP\\laravel10-api-passport\\vendor\\laravel\\framework\\src\\Illuminate\\Console\\View\\Components\\Task.php(37): Illuminate\\Database\\Migrations\\Migrator->Illuminate\\Database\\Migrations\\{closure}()
#14 C:\\Users\\hask777\\Desktop\\projects\\PHP\\laravel10-api-passport\\vendor\\laravel\\framework\\src\\Illuminate\\Database\\Migrations\\Migrator.php(783): Illuminate\\Console\\View\\Components\\Task->render()
#15 C:\\Users\\hask777\\Desktop\\projects\\PHP\\laravel10-api-passport\\vendor\\laravel\\framework\\src\\Illuminate\\Database\\Migrations\\Migrator.php(224): Illuminate\\Database\\Migrations\\Migrator->write()
#16 C:\\Users\\hask777\\Desktop\\projects\\PHP\\laravel10-api-passport\\vendor\\laravel\\framework\\src\\Illuminate\\Database\\Migrations\\Migrator.php(189): Illuminate\\Database\\Migrations\\Migrator->runUp()
#17 C:\\Users\\hask777\\Desktop\\projects\\PHP\\laravel10-api-passport\\vendor\\laravel\\framework\\src\\Illuminate\\Database\\Migrations\\Migrator.php(132): Illuminate\\Database\\Migrations\\Migrator->runPending()
#18 C:\\Users\\hask777\\Desktop\\projects\\PHP\\laravel10-api-passport\\vendor\\laravel\\framework\\src\\Illuminate\\Database\\Console\\Migrations\\MigrateCommand.php(90): Illuminate\\Database\\Migrations\\Migrator->run()
#19 C:\\Users\\hask777\\Desktop\\projects\\PHP\\laravel10-api-passport\\vendor\\laravel\\framework\\src\\Illuminate\\Database\\Migrations\\Migrator.php(641): Illuminate\\Database\\Console\\Migrations\\MigrateCommand->Illuminate\\Database\\Console\\Migrations\\{closure}()
#20 C:\\Users\\hask777\\Desktop\\projects\\PHP\\laravel10-api-passport\\vendor\\laravel\\framework\\src\\Illuminate\\Database\\Console\\Migrations\\MigrateCommand.php(83): Illuminate\\Database\\Migrations\\Migrator->usingConnection()
#21 C:\\Users\\hask777\\Desktop\\projects\\PHP\\laravel10-api-passport\\vendor\\laravel\\framework\\src\\Illuminate\\Container\\BoundMethod.php(36): Illuminate\\Database\\Console\\Migrations\\MigrateCommand->handle()
#22 C:\\Users\\hask777\\Desktop\\projects\\PHP\\laravel10-api-passport\\vendor\\laravel\\framework\\src\\Illuminate\\Container\\Util.php(41): Illuminate\\Container\\BoundMethod::Illuminate\\Container\\{closure}()
#23 C:\\Users\\hask777\\Desktop\\projects\\PHP\\laravel10-api-passport\\vendor\\laravel\\framework\\src\\Illuminate\\Container\\BoundMethod.php(93): Illuminate\\Container\\Util::unwrapIfClosure()
#24 C:\\Users\\hask777\\Desktop\\projects\\PHP\\laravel10-api-passport\\vendor\\laravel\\framework\\src\\Illuminate\\Container\\BoundMethod.php(35): Illuminate\\Container\\BoundMethod::callBoundMethod()
#25 C:\\Users\\hask777\\Desktop\\projects\\PHP\\laravel10-api-passport\\vendor\\laravel\\framework\\src\\Illuminate\\Container\\Container.php(662): Illuminate\\Container\\BoundMethod::call()
#26 C:\\Users\\hask777\\Desktop\\projects\\PHP\\laravel10-api-passport\\vendor\\laravel\\framework\\src\\Illuminate\\Console\\Command.php(211): Illuminate\\Container\\Container->call()
#27 C:\\Users\\hask777\\Desktop\\projects\\PHP\\laravel10-api-passport\\vendor\\symfony\\console\\Command\\Command.php(326): Illuminate\\Console\\Command->execute()
#28 C:\\Users\\hask777\\Desktop\\projects\\PHP\\laravel10-api-passport\\vendor\\laravel\\framework\\src\\Illuminate\\Console\\Command.php(180): Symfony\\Component\\Console\\Command\\Command->run()
#29 C:\\Users\\hask777\\Desktop\\projects\\PHP\\laravel10-api-passport\\vendor\\laravel\\framework\\src\\Illuminate\\Console\\Concerns\\CallsCommands.php(67): Illuminate\\Console\\Command->run()
#30 C:\\Users\\hask777\\Desktop\\projects\\PHP\\laravel10-api-passport\\vendor\\laravel\\framework\\src\\Illuminate\\Console\\Concerns\\CallsCommands.php(28): Illuminate\\Console\\Command->runCommand()
#31 C:\\Users\\hask777\\Desktop\\projects\\PHP\\laravel10-api-passport\\vendor\\laravel\\passport\\src\\Console\\InstallCommand.php(45): Illuminate\\Console\\Command->call()
#32 C:\\Users\\hask777\\Desktop\\projects\\PHP\\laravel10-api-passport\\vendor\\laravel\\framework\\src\\Illuminate\\Container\\BoundMethod.php(36): Laravel\\Passport\\Console\\InstallCommand->handle()
#33 C:\\Users\\hask777\\Desktop\\projects\\PHP\\laravel10-api-passport\\vendor\\laravel\\framework\\src\\Illuminate\\Container\\Util.php(41): Illuminate\\Container\\BoundMethod::Illuminate\\Container\\{closure}()
#34 C:\\Users\\hask777\\Desktop\\projects\\PHP\\laravel10-api-passport\\vendor\\laravel\\framework\\src\\Illuminate\\Container\\BoundMethod.php(93): Illuminate\\Container\\Util::unwrapIfClosure()
#35 C:\\Users\\hask777\\Desktop\\projects\\PHP\\laravel10-api-passport\\vendor\\laravel\\framework\\src\\Illuminate\\Container\\BoundMethod.php(35): Illuminate\\Container\\BoundMethod::callBoundMethod()
#36 C:\\Users\\hask777\\Desktop\\projects\\PHP\\laravel10-api-passport\\vendor\\laravel\\framework\\src\\Illuminate\\Container\\Container.php(662): Illuminate\\Container\\BoundMethod::call()
#37 C:\\Users\\hask777\\Desktop\\projects\\PHP\\laravel10-api-passport\\vendor\\laravel\\framework\\src\\Illuminate\\Console\\Command.php(211): Illuminate\\Container\\Container->call()
#38 C:\\Users\\hask777\\Desktop\\projects\\PHP\\laravel10-api-passport\\vendor\\symfony\\console\\Command\\Command.php(326): Illuminate\\Console\\Command->execute()
#39 C:\\Users\\hask777\\Desktop\\projects\\PHP\\laravel10-api-passport\\vendor\\laravel\\framework\\src\\Illuminate\\Console\\Command.php(180): Symfony\\Component\\Console\\Command\\Command->run()
#40 C:\\Users\\hask777\\Desktop\\projects\\PHP\\laravel10-api-passport\\vendor\\symfony\\console\\Application.php(1096): Illuminate\\Console\\Command->run()
#41 C:\\Users\\hask777\\Desktop\\projects\\PHP\\laravel10-api-passport\\vendor\\symfony\\console\\Application.php(324): Symfony\\Component\\Console\\Application->doRunCommand()
#42 C:\\Users\\hask777\\Desktop\\projects\\PHP\\laravel10-api-passport\\vendor\\symfony\\console\\Application.php(175): Symfony\\Component\\Console\\Application->doRun()
#43 C:\\Users\\hask777\\Desktop\\projects\\PHP\\laravel10-api-passport\\vendor\\laravel\\framework\\src\\Illuminate\\Foundation\\Console\\Kernel.php(201): Symfony\\Component\\Console\\Application->run()
#44 C:\\Users\\hask777\\Desktop\\projects\\PHP\\laravel10-api-passport\\artisan(35): Illuminate\\Foundation\\Console\\Kernel->handle()
#45 {main}
"} 
[2025-03-16 13:48:06] local.ERROR: App\Modules\Admin\Menu\Models\Menu::scopeFrontMenu(): Argument #2 ($user) must be of type App\Modules\Admin\User\Models\User, null given, called in C:\Users\hask777\Desktop\projects\PHP\laravel10-api-passport\vendor\laravel\framework\src\Illuminate\Database\Eloquent\Model.php on line 1627 {"exception":"[object] (TypeError(code: 0): App\\Modules\\Admin\\Menu\\Models\\Menu::scopeFrontMenu(): Argument #2 ($user) must be of type App\\Modules\\Admin\\User\\Models\\User, null given, called in C:\\Users\\hask777\\Desktop\\projects\\PHP\\laravel10-api-passport\\vendor\\laravel\\framework\\src\\Illuminate\\Database\\Eloquent\\Model.php on line 1627 at C:\\Users\\hask777\\Desktop\\projects\\PHP\\laravel10-api-passport\\app\\Modules\\Admin\\Menu\\Models\\Menu.php:24)
[stacktrace]
#0 C:\\Users\\hask777\\Desktop\\projects\\PHP\\laravel10-api-passport\\vendor\\laravel\\framework\\src\\Illuminate\\Database\\Eloquent\\Model.php(1627): App\\Modules\\Admin\\Menu\\Models\\Menu->scopeFrontMenu()
#1 C:\\Users\\hask777\\Desktop\\projects\\PHP\\laravel10-api-passport\\vendor\\laravel\\framework\\src\\Illuminate\\Database\\Eloquent\\Builder.php(1415): Illuminate\\Database\\Eloquent\\Model->callNamedScope()
#2 C:\\Users\\hask777\\Desktop\\projects\\PHP\\laravel10-api-passport\\vendor\\laravel\\framework\\src\\Illuminate\\Database\\Eloquent\\Builder.php(1396): Illuminate\\Database\\Eloquent\\Builder->Illuminate\\Database\\Eloquent\\{closure}()
#3 C:\\Users\\hask777\\Desktop\\projects\\PHP\\laravel10-api-passport\\vendor\\laravel\\framework\\src\\Illuminate\\Database\\Eloquent\\Builder.php(1414): Illuminate\\Database\\Eloquent\\Builder->callScope()
#4 C:\\Users\\hask777\\Desktop\\projects\\PHP\\laravel10-api-passport\\vendor\\laravel\\framework\\src\\Illuminate\\Database\\Eloquent\\Builder.php(1978): Illuminate\\Database\\Eloquent\\Builder->callNamedScope()
#5 C:\\Users\\hask777\\Desktop\\projects\\PHP\\laravel10-api-passport\\vendor\\laravel\\framework\\src\\Illuminate\\Support\\Traits\\ForwardsCalls.php(23): Illuminate\\Database\\Eloquent\\Builder->__call()
#6 C:\\Users\\hask777\\Desktop\\projects\\PHP\\laravel10-api-passport\\vendor\\laravel\\framework\\src\\Illuminate\\Database\\Eloquent\\Model.php(2335): Illuminate\\Database\\Eloquent\\Model->forwardCallTo()
#7 C:\\Users\\hask777\\Desktop\\projects\\PHP\\laravel10-api-passport\\vendor\\laravel\\framework\\src\\Illuminate\\Database\\Eloquent\\Model.php(2347): Illuminate\\Database\\Eloquent\\Model->__call()
#8 C:\\Users\\hask777\\Desktop\\projects\\PHP\\laravel10-api-passport\\app\\Modules\\Admin\\Menu\\Controllers\\Api\\MenuController.php(23): Illuminate\\Database\\Eloquent\\Model::__callStatic()
#9 C:\\Users\\hask777\\Desktop\\projects\\PHP\\laravel10-api-passport\\vendor\\laravel\\framework\\src\\Illuminate\\Routing\\Controller.php(54): App\\Modules\\Admin\\Menu\\Controllers\\Api\\MenuController->index()
#10 C:\\Users\\hask777\\Desktop\\projects\\PHP\\laravel10-api-passport\\vendor\\laravel\\framework\\src\\Illuminate\\Routing\\ControllerDispatcher.php(43): Illuminate\\Routing\\Controller->callAction()
#11 C:\\Users\\hask777\\Desktop\\projects\\PHP\\laravel10-api-passport\\vendor\\laravel\\framework\\src\\Illuminate\\Routing\\Route.php(259): Illuminate\\Routing\\ControllerDispatcher->dispatch()
#12 C:\\Users\\hask777\\Desktop\\projects\\PHP\\laravel10-api-passport\\vendor\\laravel\\framework\\src\\Illuminate\\Routing\\Route.php(205): Illuminate\\Routing\\Route->runController()
#13 C:\\Users\\hask777\\Desktop\\projects\\PHP\\laravel10-api-passport\\vendor\\laravel\\framework\\src\\Illuminate\\Routing\\Router.php(806): Illuminate\\Routing\\Route->run()
#14 C:\\Users\\hask777\\Desktop\\projects\\PHP\\laravel10-api-passport\\vendor\\laravel\\framework\\src\\Illuminate\\Pipeline\\Pipeline.php(144): Illuminate\\Routing\\Router->Illuminate\\Routing\\{closure}()
#15 C:\\Users\\hask777\\Desktop\\projects\\PHP\\laravel10-api-passport\\vendor\\laravel\\framework\\src\\Illuminate\\Routing\\Middleware\\SubstituteBindings.php(50): Illuminate\\Pipeline\\Pipeline->Illuminate\\Pipeline\\{closure}()
#16 C:\\Users\\hask777\\Desktop\\projects\\PHP\\laravel10-api-passport\\vendor\\laravel\\framework\\src\\Illuminate\\Pipeline\\Pipeline.php(183): Illuminate\\Routing\\Middleware\\SubstituteBindings->handle()
#17 C:\\Users\\hask777\\Desktop\\projects\\PHP\\laravel10-api-passport\\vendor\\laravel\\framework\\src\\Illuminate\\Routing\\Middleware\\ThrottleRequests.php(159): Illuminate\\Pipeline\\Pipeline->Illuminate\\Pipeline\\{closure}()
#18 C:\\Users\\hask777\\Desktop\\projects\\PHP\\laravel10-api-passport\\vendor\\laravel\\framework\\src\\Illuminate\\Routing\\Middleware\\ThrottleRequests.php(125): Illuminate\\Routing\\Middleware\\ThrottleRequests->handleRequest()
#19 C:\\Users\\hask777\\Desktop\\projects\\PHP\\laravel10-api-passport\\vendor\\laravel\\framework\\src\\Illuminate\\Routing\\Middleware\\ThrottleRequests.php(87): Illuminate\\Routing\\Middleware\\ThrottleRequests->handleRequestUsingNamedLimiter()
#20 C:\\Users\\hask777\\Desktop\\projects\\PHP\\laravel10-api-passport\\vendor\\laravel\\framework\\src\\Illuminate\\Pipeline\\Pipeline.php(183): Illuminate\\Routing\\Middleware\\ThrottleRequests->handle()
#21 C:\\Users\\hask777\\Desktop\\projects\\PHP\\laravel10-api-passport\\vendor\\laravel\\framework\\src\\Illuminate\\Pipeline\\Pipeline.php(119): Illuminate\\Pipeline\\Pipeline->Illuminate\\Pipeline\\{closure}()
#22 C:\\Users\\hask777\\Desktop\\projects\\PHP\\laravel10-api-passport\\vendor\\laravel\\framework\\src\\Illuminate\\Routing\\Router.php(805): Illuminate\\Pipeline\\Pipeline->then()
#23 C:\\Users\\hask777\\Desktop\\projects\\PHP\\laravel10-api-passport\\vendor\\laravel\\framework\\src\\Illuminate\\Routing\\Router.php(784): Illuminate\\Routing\\Router->runRouteWithinStack()
#24 C:\\Users\\hask777\\Desktop\\projects\\PHP\\laravel10-api-passport\\vendor\\laravel\\framework\\src\\Illuminate\\Routing\\Router.php(748): Illuminate\\Routing\\Router->runRoute()
#25 C:\\Users\\hask777\\Desktop\\projects\\PHP\\laravel10-api-passport\\vendor\\laravel\\framework\\src\\Illuminate\\Routing\\Router.php(737): Illuminate\\Routing\\Router->dispatchToRoute()
#26 C:\\Users\\hask777\\Desktop\\projects\\PHP\\laravel10-api-passport\\vendor\\laravel\\framework\\src\\Illuminate\\Foundation\\Http\\Kernel.php(200): Illuminate\\Routing\\Router->dispatch()
#27 C:\\Users\\hask777\\Desktop\\projects\\PHP\\laravel10-api-passport\\vendor\\laravel\\framework\\src\\Illuminate\\Pipeline\\Pipeline.php(144): Illuminate\\Foundation\\Http\\Kernel->Illuminate\\Foundation\\Http\\{closure}()
#28 C:\\Users\\hask777\\Desktop\\projects\\PHP\\laravel10-api-passport\\vendor\\laravel\\framework\\src\\Illuminate\\Foundation\\Http\\Middleware\\TransformsRequest.php(21): Illuminate\\Pipeline\\Pipeline->Illuminate\\Pipeline\\{closure}()
#29 C:\\Users\\hask777\\Desktop\\projects\\PHP\\laravel10-api-passport\\vendor\\laravel\\framework\\src\\Illuminate\\Foundation\\Http\\Middleware\\ConvertEmptyStringsToNull.php(31): Illuminate\\Foundation\\Http\\Middleware\\TransformsRequest->handle()
#30 C:\\Users\\hask777\\Desktop\\projects\\PHP\\laravel10-api-passport\\vendor\\laravel\\framework\\src\\Illuminate\\Pipeline\\Pipeline.php(183): Illuminate\\Foundation\\Http\\Middleware\\ConvertEmptyStringsToNull->handle()
#31 C:\\Users\\hask777\\Desktop\\projects\\PHP\\laravel10-api-passport\\vendor\\laravel\\framework\\src\\Illuminate\\Foundation\\Http\\Middleware\\TransformsRequest.php(21): Illuminate\\Pipeline\\Pipeline->Illuminate\\Pipeline\\{closure}()
#32 C:\\Users\\hask777\\Desktop\\projects\\PHP\\laravel10-api-passport\\vendor\\laravel\\framework\\src\\Illuminate\\Foundation\\Http\\Middleware\\TrimStrings.php(40): Illuminate\\Foundation\\Http\\Middleware\\TransformsRequest->handle()
#33 C:\\Users\\hask777\\Desktop\\projects\\PHP\\laravel10-api-passport\\vendor\\laravel\\framework\\src\\Illuminate\\Pipeline\\Pipeline.php(183): Illuminate\\Foundation\\Http\\Middleware\\TrimStrings->handle()
#34 C:\\Users\\hask777\\Desktop\\projects\\PHP\\laravel10-api-passport\\vendor\\laravel\\framework\\src\\Illuminate\\Foundation\\Http\\Middleware\\ValidatePostSize.php(27): Illuminate\\Pipeline\\Pipeline->Illuminate\\Pipeline\\{closure}()
#35 C:\\Users\\hask777\\Desktop\\projects\\PHP\\laravel10-api-passport\\vendor\\laravel\\framework\\src\\Illuminate\\Pipeline\\Pipeline.php(183): Illuminate\\Foundation\\Http\\Middleware\\ValidatePostSize->handle()
#36 C:\\Users\\hask777\\Desktop\\projects\\PHP\\laravel10-api-passport\\vendor\\laravel\\framework\\src\\Illuminate\\Foundation\\Http\\Middleware\\PreventRequestsDuringMaintenance.php(99): Illuminate\\Pipeline\\Pipeline->Illuminate\\Pipeline\\{closure}()
#37 C:\\Users\\hask777\\Desktop\\projects\\PHP\\laravel10-api-passport\\vendor\\laravel\\framework\\src\\Illuminate\\Pipeline\\Pipeline.php(183): Illuminate\\Foundation\\Http\\Middleware\\PreventRequestsDuringMaintenance->handle()
#38 C:\\Users\\hask777\\Desktop\\projects\\PHP\\laravel10-api-passport\\vendor\\laravel\\framework\\src\\Illuminate\\Http\\Middleware\\HandleCors.php(62): Illuminate\\Pipeline\\Pipeline->Illuminate\\Pipeline\\{closure}()
#39 C:\\Users\\hask777\\Desktop\\projects\\PHP\\laravel10-api-passport\\vendor\\laravel\\framework\\src\\Illuminate\\Pipeline\\Pipeline.php(183): Illuminate\\Http\\Middleware\\HandleCors->handle()
#40 C:\\Users\\hask777\\Desktop\\projects\\PHP\\laravel10-api-passport\\vendor\\laravel\\framework\\src\\Illuminate\\Http\\Middleware\\TrustProxies.php(39): Illuminate\\Pipeline\\Pipeline->Illuminate\\Pipeline\\{closure}()
#41 C:\\Users\\hask777\\Desktop\\projects\\PHP\\laravel10-api-passport\\vendor\\laravel\\framework\\src\\Illuminate\\Pipeline\\Pipeline.php(183): Illuminate\\Http\\Middleware\\TrustProxies->handle()
#42 C:\\Users\\hask777\\Desktop\\projects\\PHP\\laravel10-api-passport\\vendor\\laravel\\framework\\src\\Illuminate\\Pipeline\\Pipeline.php(119): Illuminate\\Pipeline\\Pipeline->Illuminate\\Pipeline\\{closure}()
#43 C:\\Users\\hask777\\Desktop\\projects\\PHP\\laravel10-api-passport\\vendor\\laravel\\framework\\src\\Illuminate\\Foundation\\Http\\Kernel.php(175): Illuminate\\Pipeline\\Pipeline->then()
#44 C:\\Users\\hask777\\Desktop\\projects\\PHP\\laravel10-api-passport\\vendor\\laravel\\framework\\src\\Illuminate\\Foundation\\Http\\Kernel.php(144): Illuminate\\Foundation\\Http\\Kernel->sendRequestThroughRouter()
#45 C:\\Users\\hask777\\Desktop\\projects\\PHP\\laravel10-api-passport\\public\\index.php(51): Illuminate\\Foundation\\Http\\Kernel->handle()
#46 C:\\Users\\hask777\\Desktop\\projects\\PHP\\laravel10-api-passport\\vendor\\laravel\\framework\\src\\Illuminate\\Foundation\\resources\\server.php(16): require_once('...')
#47 {main}
"} 
[2025-03-16 13:51:54] local.ERROR: App\Modules\Admin\Menu\Models\Menu::scopeFrontMenu(): Argument #2 ($user) must be of type App\Modules\Admin\User\Models\User, null given, called in C:\Users\hask777\Desktop\projects\PHP\laravel10-api-passport\vendor\laravel\framework\src\Illuminate\Database\Eloquent\Model.php on line 1627 {"exception":"[object] (TypeError(code: 0): App\\Modules\\Admin\\Menu\\Models\\Menu::scopeFrontMenu(): Argument #2 ($user) must be of type App\\Modules\\Admin\\User\\Models\\User, null given, called in C:\\Users\\hask777\\Desktop\\projects\\PHP\\laravel10-api-passport\\vendor\\laravel\\framework\\src\\Illuminate\\Database\\Eloquent\\Model.php on line 1627 at C:\\Users\\hask777\\Desktop\\projects\\PHP\\laravel10-api-passport\\app\\Modules\\Admin\\Menu\\Models\\Menu.php:25)
[stacktrace]
#0 C:\\Users\\hask777\\Desktop\\projects\\PHP\\laravel10-api-passport\\vendor\\laravel\\framework\\src\\Illuminate\\Database\\Eloquent\\Model.php(1627): App\\Modules\\Admin\\Menu\\Models\\Menu->scopeFrontMenu()
#1 C:\\Users\\hask777\\Desktop\\projects\\PHP\\laravel10-api-passport\\vendor\\laravel\\framework\\src\\Illuminate\\Database\\Eloquent\\Builder.php(1415): Illuminate\\Database\\Eloquent\\Model->callNamedScope()
#2 C:\\Users\\hask777\\Desktop\\projects\\PHP\\laravel10-api-passport\\vendor\\laravel\\framework\\src\\Illuminate\\Database\\Eloquent\\Builder.php(1396): Illuminate\\Database\\Eloquent\\Builder->Illuminate\\Database\\Eloquent\\{closure}()
#3 C:\\Users\\hask777\\Desktop\\projects\\PHP\\laravel10-api-passport\\vendor\\laravel\\framework\\src\\Illuminate\\Database\\Eloquent\\Builder.php(1414): Illuminate\\Database\\Eloquent\\Builder->callScope()
#4 C:\\Users\\hask777\\Desktop\\projects\\PHP\\laravel10-api-passport\\vendor\\laravel\\framework\\src\\Illuminate\\Database\\Eloquent\\Builder.php(1978): Illuminate\\Database\\Eloquent\\Builder->callNamedScope()
#5 C:\\Users\\hask777\\Desktop\\projects\\PHP\\laravel10-api-passport\\vendor\\laravel\\framework\\src\\Illuminate\\Support\\Traits\\ForwardsCalls.php(23): Illuminate\\Database\\Eloquent\\Builder->__call()
#6 C:\\Users\\hask777\\Desktop\\projects\\PHP\\laravel10-api-passport\\vendor\\laravel\\framework\\src\\Illuminate\\Database\\Eloquent\\Model.php(2335): Illuminate\\Database\\Eloquent\\Model->forwardCallTo()
#7 C:\\Users\\hask777\\Desktop\\projects\\PHP\\laravel10-api-passport\\vendor\\laravel\\framework\\src\\Illuminate\\Database\\Eloquent\\Model.php(2347): Illuminate\\Database\\Eloquent\\Model->__call()
#8 C:\\Users\\hask777\\Desktop\\projects\\PHP\\laravel10-api-passport\\app\\Modules\\Admin\\Menu\\Controllers\\Api\\MenuController.php(23): Illuminate\\Database\\Eloquent\\Model::__callStatic()
#9 C:\\Users\\hask777\\Desktop\\projects\\PHP\\laravel10-api-passport\\vendor\\laravel\\framework\\src\\Illuminate\\Routing\\Controller.php(54): App\\Modules\\Admin\\Menu\\Controllers\\Api\\MenuController->index()
#10 C:\\Users\\hask777\\Desktop\\projects\\PHP\\laravel10-api-passport\\vendor\\laravel\\framework\\src\\Illuminate\\Routing\\ControllerDispatcher.php(43): Illuminate\\Routing\\Controller->callAction()
#11 C:\\Users\\hask777\\Desktop\\projects\\PHP\\laravel10-api-passport\\vendor\\laravel\\framework\\src\\Illuminate\\Routing\\Route.php(259): Illuminate\\Routing\\ControllerDispatcher->dispatch()
#12 C:\\Users\\hask777\\Desktop\\projects\\PHP\\laravel10-api-passport\\vendor\\laravel\\framework\\src\\Illuminate\\Routing\\Route.php(205): Illuminate\\Routing\\Route->runController()
#13 C:\\Users\\hask777\\Desktop\\projects\\PHP\\laravel10-api-passport\\vendor\\laravel\\framework\\src\\Illuminate\\Routing\\Router.php(806): Illuminate\\Routing\\Route->run()
#14 C:\\Users\\hask777\\Desktop\\projects\\PHP\\laravel10-api-passport\\vendor\\laravel\\framework\\src\\Illuminate\\Pipeline\\Pipeline.php(144): Illuminate\\Routing\\Router->Illuminate\\Routing\\{closure}()
#15 C:\\Users\\hask777\\Desktop\\projects\\PHP\\laravel10-api-passport\\vendor\\laravel\\framework\\src\\Illuminate\\Routing\\Middleware\\SubstituteBindings.php(50): Illuminate\\Pipeline\\Pipeline->Illuminate\\Pipeline\\{closure}()
#16 C:\\Users\\hask777\\Desktop\\projects\\PHP\\laravel10-api-passport\\vendor\\laravel\\framework\\src\\Illuminate\\Pipeline\\Pipeline.php(183): Illuminate\\Routing\\Middleware\\SubstituteBindings->handle()
#17 C:\\Users\\hask777\\Desktop\\projects\\PHP\\laravel10-api-passport\\vendor\\laravel\\framework\\src\\Illuminate\\Routing\\Middleware\\ThrottleRequests.php(159): Illuminate\\Pipeline\\Pipeline->Illuminate\\Pipeline\\{closure}()
#18 C:\\Users\\hask777\\Desktop\\projects\\PHP\\laravel10-api-passport\\vendor\\laravel\\framework\\src\\Illuminate\\Routing\\Middleware\\ThrottleRequests.php(125): Illuminate\\Routing\\Middleware\\ThrottleRequests->handleRequest()
#19 C:\\Users\\hask777\\Desktop\\projects\\PHP\\laravel10-api-passport\\vendor\\laravel\\framework\\src\\Illuminate\\Routing\\Middleware\\ThrottleRequests.php(87): Illuminate\\Routing\\Middleware\\ThrottleRequests->handleRequestUsingNamedLimiter()
#20 C:\\Users\\hask777\\Desktop\\projects\\PHP\\laravel10-api-passport\\vendor\\laravel\\framework\\src\\Illuminate\\Pipeline\\Pipeline.php(183): Illuminate\\Routing\\Middleware\\ThrottleRequests->handle()
#21 C:\\Users\\hask777\\Desktop\\projects\\PHP\\laravel10-api-passport\\vendor\\laravel\\framework\\src\\Illuminate\\Pipeline\\Pipeline.php(119): Illuminate\\Pipeline\\Pipeline->Illuminate\\Pipeline\\{closure}()
#22 C:\\Users\\hask777\\Desktop\\projects\\PHP\\laravel10-api-passport\\vendor\\laravel\\framework\\src\\Illuminate\\Routing\\Router.php(805): Illuminate\\Pipeline\\Pipeline->then()
#23 C:\\Users\\hask777\\Desktop\\projects\\PHP\\laravel10-api-passport\\vendor\\laravel\\framework\\src\\Illuminate\\Routing\\Router.php(784): Illuminate\\Routing\\Router->runRouteWithinStack()
#24 C:\\Users\\hask777\\Desktop\\projects\\PHP\\laravel10-api-passport\\vendor\\laravel\\framework\\src\\Illuminate\\Routing\\Router.php(748): Illuminate\\Routing\\Router->runRoute()
#25 C:\\Users\\hask777\\Desktop\\projects\\PHP\\laravel10-api-passport\\vendor\\laravel\\framework\\src\\Illuminate\\Routing\\Router.php(737): Illuminate\\Routing\\Router->dispatchToRoute()
#26 C:\\Users\\hask777\\Desktop\\projects\\PHP\\laravel10-api-passport\\vendor\\laravel\\framework\\src\\Illuminate\\Foundation\\Http\\Kernel.php(200): Illuminate\\Routing\\Router->dispatch()
#27 C:\\Users\\hask777\\Desktop\\projects\\PHP\\laravel10-api-passport\\vendor\\laravel\\framework\\src\\Illuminate\\Pipeline\\Pipeline.php(144): Illuminate\\Foundation\\Http\\Kernel->Illuminate\\Foundation\\Http\\{closure}()
#28 C:\\Users\\hask777\\Desktop\\projects\\PHP\\laravel10-api-passport\\vendor\\laravel\\framework\\src\\Illuminate\\Foundation\\Http\\Middleware\\TransformsRequest.php(21): Illuminate\\Pipeline\\Pipeline->Illuminate\\Pipeline\\{closure}()
#29 C:\\Users\\hask777\\Desktop\\projects\\PHP\\laravel10-api-passport\\vendor\\laravel\\framework\\src\\Illuminate\\Foundation\\Http\\Middleware\\ConvertEmptyStringsToNull.php(31): Illuminate\\Foundation\\Http\\Middleware\\TransformsRequest->handle()
#30 C:\\Users\\hask777\\Desktop\\projects\\PHP\\laravel10-api-passport\\vendor\\laravel\\framework\\src\\Illuminate\\Pipeline\\Pipeline.php(183): Illuminate\\Foundation\\Http\\Middleware\\ConvertEmptyStringsToNull->handle()
#31 C:\\Users\\hask777\\Desktop\\projects\\PHP\\laravel10-api-passport\\vendor\\laravel\\framework\\src\\Illuminate\\Foundation\\Http\\Middleware\\TransformsRequest.php(21): Illuminate\\Pipeline\\Pipeline->Illuminate\\Pipeline\\{closure}()
#32 C:\\Users\\hask777\\Desktop\\projects\\PHP\\laravel10-api-passport\\vendor\\laravel\\framework\\src\\Illuminate\\Foundation\\Http\\Middleware\\TrimStrings.php(40): Illuminate\\Foundation\\Http\\Middleware\\TransformsRequest->handle()
#33 C:\\Users\\hask777\\Desktop\\projects\\PHP\\laravel10-api-passport\\vendor\\laravel\\framework\\src\\Illuminate\\Pipeline\\Pipeline.php(183): Illuminate\\Foundation\\Http\\Middleware\\TrimStrings->handle()
#34 C:\\Users\\hask777\\Desktop\\projects\\PHP\\laravel10-api-passport\\vendor\\laravel\\framework\\src\\Illuminate\\Foundation\\Http\\Middleware\\ValidatePostSize.php(27): Illuminate\\Pipeline\\Pipeline->Illuminate\\Pipeline\\{closure}()
#35 C:\\Users\\hask777\\Desktop\\projects\\PHP\\laravel10-api-passport\\vendor\\laravel\\framework\\src\\Illuminate\\Pipeline\\Pipeline.php(183): Illuminate\\Foundation\\Http\\Middleware\\ValidatePostSize->handle()
#36 C:\\Users\\hask777\\Desktop\\projects\\PHP\\laravel10-api-passport\\vendor\\laravel\\framework\\src\\Illuminate\\Foundation\\Http\\Middleware\\PreventRequestsDuringMaintenance.php(99): Illuminate\\Pipeline\\Pipeline->Illuminate\\Pipeline\\{closure}()
#37 C:\\Users\\hask777\\Desktop\\projects\\PHP\\laravel10-api-passport\\vendor\\laravel\\framework\\src\\Illuminate\\Pipeline\\Pipeline.php(183): Illuminate\\Foundation\\Http\\Middleware\\PreventRequestsDuringMaintenance->handle()
#38 C:\\Users\\hask777\\Desktop\\projects\\PHP\\laravel10-api-passport\\vendor\\laravel\\framework\\src\\Illuminate\\Http\\Middleware\\HandleCors.php(62): Illuminate\\Pipeline\\Pipeline->Illuminate\\Pipeline\\{closure}()
#39 C:\\Users\\hask777\\Desktop\\projects\\PHP\\laravel10-api-passport\\vendor\\laravel\\framework\\src\\Illuminate\\Pipeline\\Pipeline.php(183): Illuminate\\Http\\Middleware\\HandleCors->handle()
#40 C:\\Users\\hask777\\Desktop\\projects\\PHP\\laravel10-api-passport\\vendor\\laravel\\framework\\src\\Illuminate\\Http\\Middleware\\TrustProxies.php(39): Illuminate\\Pipeline\\Pipeline->Illuminate\\Pipeline\\{closure}()
#41 C:\\Users\\hask777\\Desktop\\projects\\PHP\\laravel10-api-passport\\vendor\\laravel\\framework\\src\\Illuminate\\Pipeline\\Pipeline.php(183): Illuminate\\Http\\Middleware\\TrustProxies->handle()
#42 C:\\Users\\hask777\\Desktop\\projects\\PHP\\laravel10-api-passport\\vendor\\laravel\\framework\\src\\Illuminate\\Pipeline\\Pipeline.php(119): Illuminate\\Pipeline\\Pipeline->Illuminate\\Pipeline\\{closure}()
#43 C:\\Users\\hask777\\Desktop\\projects\\PHP\\laravel10-api-passport\\vendor\\laravel\\framework\\src\\Illuminate\\Foundation\\Http\\Kernel.php(175): Illuminate\\Pipeline\\Pipeline->then()
#44 C:\\Users\\hask777\\Desktop\\projects\\PHP\\laravel10-api-passport\\vendor\\laravel\\framework\\src\\Illuminate\\Foundation\\Http\\Kernel.php(144): Illuminate\\Foundation\\Http\\Kernel->sendRequestThroughRouter()
#45 C:\\Users\\hask777\\Desktop\\projects\\PHP\\laravel10-api-passport\\public\\index.php(51): Illuminate\\Foundation\\Http\\Kernel->handle()
#46 C:\\Users\\hask777\\Desktop\\projects\\PHP\\laravel10-api-passport\\vendor\\laravel\\framework\\src\\Illuminate\\Foundation\\resources\\server.php(16): require_once('...')
#47 {main}
"} 
[2025-03-16 13:54:08] local.ERROR: Cannot declare class App\Modules\Admin\Menu\Models\Menu, because the name is already in use {"exception":"[object] (Symfony\\Component\\ErrorHandler\\Error\\FatalError(code: 0): Cannot declare class App\\Modules\\Admin\\Menu\\Models\\Menu, because the name is already in use at C:\\Users\\hask777\\Desktop\\projects\\PHP\\laravel10-api-passport\\app\\Modules\\Admin\\Menu\\Controllers\\Api\\MenuController.php:10)
[stacktrace]
#0 {main}
"} 
[2025-03-16 13:54:59] local.ERROR: App\Modules\Admin\Menu\Models\Menu::scopeFrontMenu(): Argument #2 ($user) must be of type App\Modules\Admin\User\Models\User, null given, called in C:\Users\hask777\Desktop\projects\PHP\laravel10-api-passport\vendor\laravel\framework\src\Illuminate\Database\Eloquent\Model.php on line 1627 {"exception":"[object] (TypeError(code: 0): App\\Modules\\Admin\\Menu\\Models\\Menu::scopeFrontMenu(): Argument #2 ($user) must be of type App\\Modules\\Admin\\User\\Models\\User, null given, called in C:\\Users\\hask777\\Desktop\\projects\\PHP\\laravel10-api-passport\\vendor\\laravel\\framework\\src\\Illuminate\\Database\\Eloquent\\Model.php on line 1627 at C:\\Users\\hask777\\Desktop\\projects\\PHP\\laravel10-api-passport\\app\\Modules\\Admin\\Menu\\Models\\Menu.php:23)
[stacktrace]
#0 C:\\Users\\hask777\\Desktop\\projects\\PHP\\laravel10-api-passport\\vendor\\laravel\\framework\\src\\Illuminate\\Database\\Eloquent\\Model.php(1627): App\\Modules\\Admin\\Menu\\Models\\Menu->scopeFrontMenu()
#1 C:\\Users\\hask777\\Desktop\\projects\\PHP\\laravel10-api-passport\\vendor\\laravel\\framework\\src\\Illuminate\\Database\\Eloquent\\Builder.php(1415): Illuminate\\Database\\Eloquent\\Model->callNamedScope()
#2 C:\\Users\\hask777\\Desktop\\projects\\PHP\\laravel10-api-passport\\vendor\\laravel\\framework\\src\\Illuminate\\Database\\Eloquent\\Builder.php(1396): Illuminate\\Database\\Eloquent\\Builder->Illuminate\\Database\\Eloquent\\{closure}()
#3 C:\\Users\\hask777\\Desktop\\projects\\PHP\\laravel10-api-passport\\vendor\\laravel\\framework\\src\\Illuminate\\Database\\Eloquent\\Builder.php(1414): Illuminate\\Database\\Eloquent\\Builder->callScope()
#4 C:\\Users\\hask777\\Desktop\\projects\\PHP\\laravel10-api-passport\\vendor\\laravel\\framework\\src\\Illuminate\\Database\\Eloquent\\Builder.php(1978): Illuminate\\Database\\Eloquent\\Builder->callNamedScope()
#5 C:\\Users\\hask777\\Desktop\\projects\\PHP\\laravel10-api-passport\\vendor\\laravel\\framework\\src\\Illuminate\\Support\\Traits\\ForwardsCalls.php(23): Illuminate\\Database\\Eloquent\\Builder->__call()
#6 C:\\Users\\hask777\\Desktop\\projects\\PHP\\laravel10-api-passport\\vendor\\laravel\\framework\\src\\Illuminate\\Database\\Eloquent\\Model.php(2335): Illuminate\\Database\\Eloquent\\Model->forwardCallTo()
#7 C:\\Users\\hask777\\Desktop\\projects\\PHP\\laravel10-api-passport\\vendor\\laravel\\framework\\src\\Illuminate\\Database\\Eloquent\\Model.php(2347): Illuminate\\Database\\Eloquent\\Model->__call()
#8 C:\\Users\\hask777\\Desktop\\projects\\PHP\\laravel10-api-passport\\app\\Modules\\Admin\\Menu\\Controllers\\Api\\MenuController.php(23): Illuminate\\Database\\Eloquent\\Model::__callStatic()
#9 C:\\Users\\hask777\\Desktop\\projects\\PHP\\laravel10-api-passport\\vendor\\laravel\\framework\\src\\Illuminate\\Routing\\Controller.php(54): App\\Modules\\Admin\\Menu\\Controllers\\Api\\MenuController->index()
#10 C:\\Users\\hask777\\Desktop\\projects\\PHP\\laravel10-api-passport\\vendor\\laravel\\framework\\src\\Illuminate\\Routing\\ControllerDispatcher.php(43): Illuminate\\Routing\\Controller->callAction()
#11 C:\\Users\\hask777\\Desktop\\projects\\PHP\\laravel10-api-passport\\vendor\\laravel\\framework\\src\\Illuminate\\Routing\\Route.php(259): Illuminate\\Routing\\ControllerDispatcher->dispatch()
#12 C:\\Users\\hask777\\Desktop\\projects\\PHP\\laravel10-api-passport\\vendor\\laravel\\framework\\src\\Illuminate\\Routing\\Route.php(205): Illuminate\\Routing\\Route->runController()
#13 C:\\Users\\hask777\\Desktop\\projects\\PHP\\laravel10-api-passport\\vendor\\laravel\\framework\\src\\Illuminate\\Routing\\Router.php(806): Illuminate\\Routing\\Route->run()
#14 C:\\Users\\hask777\\Desktop\\projects\\PHP\\laravel10-api-passport\\vendor\\laravel\\framework\\src\\Illuminate\\Pipeline\\Pipeline.php(144): Illuminate\\Routing\\Router->Illuminate\\Routing\\{closure}()
#15 C:\\Users\\hask777\\Desktop\\projects\\PHP\\laravel10-api-passport\\vendor\\laravel\\framework\\src\\Illuminate\\Routing\\Middleware\\SubstituteBindings.php(50): Illuminate\\Pipeline\\Pipeline->Illuminate\\Pipeline\\{closure}()
#16 C:\\Users\\hask777\\Desktop\\projects\\PHP\\laravel10-api-passport\\vendor\\laravel\\framework\\src\\Illuminate\\Pipeline\\Pipeline.php(183): Illuminate\\Routing\\Middleware\\SubstituteBindings->handle()
#17 C:\\Users\\hask777\\Desktop\\projects\\PHP\\laravel10-api-passport\\vendor\\laravel\\framework\\src\\Illuminate\\Routing\\Middleware\\ThrottleRequests.php(159): Illuminate\\Pipeline\\Pipeline->Illuminate\\Pipeline\\{closure}()
#18 C:\\Users\\hask777\\Desktop\\projects\\PHP\\laravel10-api-passport\\vendor\\laravel\\framework\\src\\Illuminate\\Routing\\Middleware\\ThrottleRequests.php(125): Illuminate\\Routing\\Middleware\\ThrottleRequests->handleRequest()
#19 C:\\Users\\hask777\\Desktop\\projects\\PHP\\laravel10-api-passport\\vendor\\laravel\\framework\\src\\Illuminate\\Routing\\Middleware\\ThrottleRequests.php(87): Illuminate\\Routing\\Middleware\\ThrottleRequests->handleRequestUsingNamedLimiter()
#20 C:\\Users\\hask777\\Desktop\\projects\\PHP\\laravel10-api-passport\\vendor\\laravel\\framework\\src\\Illuminate\\Pipeline\\Pipeline.php(183): Illuminate\\Routing\\Middleware\\ThrottleRequests->handle()
#21 C:\\Users\\hask777\\Desktop\\projects\\PHP\\laravel10-api-passport\\vendor\\laravel\\framework\\src\\Illuminate\\Pipeline\\Pipeline.php(119): Illuminate\\Pipeline\\Pipeline->Illuminate\\Pipeline\\{closure}()
#22 C:\\Users\\hask777\\Desktop\\projects\\PHP\\laravel10-api-passport\\vendor\\laravel\\framework\\src\\Illuminate\\Routing\\Router.php(805): Illuminate\\Pipeline\\Pipeline->then()
#23 C:\\Users\\hask777\\Desktop\\projects\\PHP\\laravel10-api-passport\\vendor\\laravel\\framework\\src\\Illuminate\\Routing\\Router.php(784): Illuminate\\Routing\\Router->runRouteWithinStack()
#24 C:\\Users\\hask777\\Desktop\\projects\\PHP\\laravel10-api-passport\\vendor\\laravel\\framework\\src\\Illuminate\\Routing\\Router.php(748): Illuminate\\Routing\\Router->runRoute()
#25 C:\\Users\\hask777\\Desktop\\projects\\PHP\\laravel10-api-passport\\vendor\\laravel\\framework\\src\\Illuminate\\Routing\\Router.php(737): Illuminate\\Routing\\Router->dispatchToRoute()
#26 C:\\Users\\hask777\\Desktop\\projects\\PHP\\laravel10-api-passport\\vendor\\laravel\\framework\\src\\Illuminate\\Foundation\\Http\\Kernel.php(200): Illuminate\\Routing\\Router->dispatch()
#27 C:\\Users\\hask777\\Desktop\\projects\\PHP\\laravel10-api-passport\\vendor\\laravel\\framework\\src\\Illuminate\\Pipeline\\Pipeline.php(144): Illuminate\\Foundation\\Http\\Kernel->Illuminate\\Foundation\\Http\\{closure}()
#28 C:\\Users\\hask777\\Desktop\\projects\\PHP\\laravel10-api-passport\\vendor\\laravel\\framework\\src\\Illuminate\\Foundation\\Http\\Middleware\\TransformsRequest.php(21): Illuminate\\Pipeline\\Pipeline->Illuminate\\Pipeline\\{closure}()
#29 C:\\Users\\hask777\\Desktop\\projects\\PHP\\laravel10-api-passport\\vendor\\laravel\\framework\\src\\Illuminate\\Foundation\\Http\\Middleware\\ConvertEmptyStringsToNull.php(31): Illuminate\\Foundation\\Http\\Middleware\\TransformsRequest->handle()
#30 C:\\Users\\hask777\\Desktop\\projects\\PHP\\laravel10-api-passport\\vendor\\laravel\\framework\\src\\Illuminate\\Pipeline\\Pipeline.php(183): Illuminate\\Foundation\\Http\\Middleware\\ConvertEmptyStringsToNull->handle()
#31 C:\\Users\\hask777\\Desktop\\projects\\PHP\\laravel10-api-passport\\vendor\\laravel\\framework\\src\\Illuminate\\Foundation\\Http\\Middleware\\TransformsRequest.php(21): Illuminate\\Pipeline\\Pipeline->Illuminate\\Pipeline\\{closure}()
#32 C:\\Users\\hask777\\Desktop\\projects\\PHP\\laravel10-api-passport\\vendor\\laravel\\framework\\src\\Illuminate\\Foundation\\Http\\Middleware\\TrimStrings.php(40): Illuminate\\Foundation\\Http\\Middleware\\TransformsRequest->handle()
#33 C:\\Users\\hask777\\Desktop\\projects\\PHP\\laravel10-api-passport\\vendor\\laravel\\framework\\src\\Illuminate\\Pipeline\\Pipeline.php(183): Illuminate\\Foundation\\Http\\Middleware\\TrimStrings->handle()
#34 C:\\Users\\hask777\\Desktop\\projects\\PHP\\laravel10-api-passport\\vendor\\laravel\\framework\\src\\Illuminate\\Foundation\\Http\\Middleware\\ValidatePostSize.php(27): Illuminate\\Pipeline\\Pipeline->Illuminate\\Pipeline\\{closure}()
#35 C:\\Users\\hask777\\Desktop\\projects\\PHP\\laravel10-api-passport\\vendor\\laravel\\framework\\src\\Illuminate\\Pipeline\\Pipeline.php(183): Illuminate\\Foundation\\Http\\Middleware\\ValidatePostSize->handle()
#36 C:\\Users\\hask777\\Desktop\\projects\\PHP\\laravel10-api-passport\\vendor\\laravel\\framework\\src\\Illuminate\\Foundation\\Http\\Middleware\\PreventRequestsDuringMaintenance.php(99): Illuminate\\Pipeline\\Pipeline->Illuminate\\Pipeline\\{closure}()
#37 C:\\Users\\hask777\\Desktop\\projects\\PHP\\laravel10-api-passport\\vendor\\laravel\\framework\\src\\Illuminate\\Pipeline\\Pipeline.php(183): Illuminate\\Foundation\\Http\\Middleware\\PreventRequestsDuringMaintenance->handle()
#38 C:\\Users\\hask777\\Desktop\\projects\\PHP\\laravel10-api-passport\\vendor\\laravel\\framework\\src\\Illuminate\\Http\\Middleware\\HandleCors.php(62): Illuminate\\Pipeline\\Pipeline->Illuminate\\Pipeline\\{closure}()
#39 C:\\Users\\hask777\\Desktop\\projects\\PHP\\laravel10-api-passport\\vendor\\laravel\\framework\\src\\Illuminate\\Pipeline\\Pipeline.php(183): Illuminate\\Http\\Middleware\\HandleCors->handle()
#40 C:\\Users\\hask777\\Desktop\\projects\\PHP\\laravel10-api-passport\\vendor\\laravel\\framework\\src\\Illuminate\\Http\\Middleware\\TrustProxies.php(39): Illuminate\\Pipeline\\Pipeline->Illuminate\\Pipeline\\{closure}()
#41 C:\\Users\\hask777\\Desktop\\projects\\PHP\\laravel10-api-passport\\vendor\\laravel\\framework\\src\\Illuminate\\Pipeline\\Pipeline.php(183): Illuminate\\Http\\Middleware\\TrustProxies->handle()
#42 C:\\Users\\hask777\\Desktop\\projects\\PHP\\laravel10-api-passport\\vendor\\laravel\\framework\\src\\Illuminate\\Pipeline\\Pipeline.php(119): Illuminate\\Pipeline\\Pipeline->Illuminate\\Pipeline\\{closure}()
#43 C:\\Users\\hask777\\Desktop\\projects\\PHP\\laravel10-api-passport\\vendor\\laravel\\framework\\src\\Illuminate\\Foundation\\Http\\Kernel.php(175): Illuminate\\Pipeline\\Pipeline->then()
#44 C:\\Users\\hask777\\Desktop\\projects\\PHP\\laravel10-api-passport\\vendor\\laravel\\framework\\src\\Illuminate\\Foundation\\Http\\Kernel.php(144): Illuminate\\Foundation\\Http\\Kernel->sendRequestThroughRouter()
#45 C:\\Users\\hask777\\Desktop\\projects\\PHP\\laravel10-api-passport\\public\\index.php(51): Illuminate\\Foundation\\Http\\Kernel->handle()
#46 C:\\Users\\hask777\\Desktop\\projects\\PHP\\laravel10-api-passport\\vendor\\laravel\\framework\\src\\Illuminate\\Foundation\\resources\\server.php(16): require_once('...')
#47 {main}
"} 
[2025-03-16 13:56:29] local.ERROR: App\Modules\Admin\Menu\Models\Menu::scopeFrontMenu(): Argument #2 ($user) must be of type App\Modules\Admin\User\Models\User, null given, called in C:\Users\hask777\Desktop\projects\PHP\laravel10-api-passport\vendor\laravel\framework\src\Illuminate\Database\Eloquent\Model.php on line 1627 {"exception":"[object] (TypeError(code: 0): App\\Modules\\Admin\\Menu\\Models\\Menu::scopeFrontMenu(): Argument #2 ($user) must be of type App\\Modules\\Admin\\User\\Models\\User, null given, called in C:\\Users\\hask777\\Desktop\\projects\\PHP\\laravel10-api-passport\\vendor\\laravel\\framework\\src\\Illuminate\\Database\\Eloquent\\Model.php on line 1627 at C:\\Users\\hask777\\Desktop\\projects\\PHP\\laravel10-api-passport\\app\\Modules\\Admin\\Menu\\Models\\Menu.php:24)
[stacktrace]
#0 C:\\Users\\hask777\\Desktop\\projects\\PHP\\laravel10-api-passport\\vendor\\laravel\\framework\\src\\Illuminate\\Database\\Eloquent\\Model.php(1627): App\\Modules\\Admin\\Menu\\Models\\Menu->scopeFrontMenu()
#1 C:\\Users\\hask777\\Desktop\\projects\\PHP\\laravel10-api-passport\\vendor\\laravel\\framework\\src\\Illuminate\\Database\\Eloquent\\Builder.php(1415): Illuminate\\Database\\Eloquent\\Model->callNamedScope()
#2 C:\\Users\\hask777\\Desktop\\projects\\PHP\\laravel10-api-passport\\vendor\\laravel\\framework\\src\\Illuminate\\Database\\Eloquent\\Builder.php(1396): Illuminate\\Database\\Eloquent\\Builder->Illuminate\\Database\\Eloquent\\{closure}()
#3 C:\\Users\\hask777\\Desktop\\projects\\PHP\\laravel10-api-passport\\vendor\\laravel\\framework\\src\\Illuminate\\Database\\Eloquent\\Builder.php(1414): Illuminate\\Database\\Eloquent\\Builder->callScope()
#4 C:\\Users\\hask777\\Desktop\\projects\\PHP\\laravel10-api-passport\\vendor\\laravel\\framework\\src\\Illuminate\\Database\\Eloquent\\Builder.php(1978): Illuminate\\Database\\Eloquent\\Builder->callNamedScope()
#5 C:\\Users\\hask777\\Desktop\\projects\\PHP\\laravel10-api-passport\\vendor\\laravel\\framework\\src\\Illuminate\\Support\\Traits\\ForwardsCalls.php(23): Illuminate\\Database\\Eloquent\\Builder->__call()
#6 C:\\Users\\hask777\\Desktop\\projects\\PHP\\laravel10-api-passport\\vendor\\laravel\\framework\\src\\Illuminate\\Database\\Eloquent\\Model.php(2335): Illuminate\\Database\\Eloquent\\Model->forwardCallTo()
#7 C:\\Users\\hask777\\Desktop\\projects\\PHP\\laravel10-api-passport\\vendor\\laravel\\framework\\src\\Illuminate\\Database\\Eloquent\\Model.php(2347): Illuminate\\Database\\Eloquent\\Model->__call()
#8 C:\\Users\\hask777\\Desktop\\projects\\PHP\\laravel10-api-passport\\app\\Modules\\Admin\\Menu\\Controllers\\Api\\MenuController.php(23): Illuminate\\Database\\Eloquent\\Model::__callStatic()
#9 C:\\Users\\hask777\\Desktop\\projects\\PHP\\laravel10-api-passport\\vendor\\laravel\\framework\\src\\Illuminate\\Routing\\Controller.php(54): App\\Modules\\Admin\\Menu\\Controllers\\Api\\MenuController->index()
#10 C:\\Users\\hask777\\Desktop\\projects\\PHP\\laravel10-api-passport\\vendor\\laravel\\framework\\src\\Illuminate\\Routing\\ControllerDispatcher.php(43): Illuminate\\Routing\\Controller->callAction()
#11 C:\\Users\\hask777\\Desktop\\projects\\PHP\\laravel10-api-passport\\vendor\\laravel\\framework\\src\\Illuminate\\Routing\\Route.php(259): Illuminate\\Routing\\ControllerDispatcher->dispatch()
#12 C:\\Users\\hask777\\Desktop\\projects\\PHP\\laravel10-api-passport\\vendor\\laravel\\framework\\src\\Illuminate\\Routing\\Route.php(205): Illuminate\\Routing\\Route->runController()
#13 C:\\Users\\hask777\\Desktop\\projects\\PHP\\laravel10-api-passport\\vendor\\laravel\\framework\\src\\Illuminate\\Routing\\Router.php(806): Illuminate\\Routing\\Route->run()
#14 C:\\Users\\hask777\\Desktop\\projects\\PHP\\laravel10-api-passport\\vendor\\laravel\\framework\\src\\Illuminate\\Pipeline\\Pipeline.php(144): Illuminate\\Routing\\Router->Illuminate\\Routing\\{closure}()
#15 C:\\Users\\hask777\\Desktop\\projects\\PHP\\laravel10-api-passport\\vendor\\laravel\\framework\\src\\Illuminate\\Routing\\Middleware\\SubstituteBindings.php(50): Illuminate\\Pipeline\\Pipeline->Illuminate\\Pipeline\\{closure}()
#16 C:\\Users\\hask777\\Desktop\\projects\\PHP\\laravel10-api-passport\\vendor\\laravel\\framework\\src\\Illuminate\\Pipeline\\Pipeline.php(183): Illuminate\\Routing\\Middleware\\SubstituteBindings->handle()
#17 C:\\Users\\hask777\\Desktop\\projects\\PHP\\laravel10-api-passport\\vendor\\laravel\\framework\\src\\Illuminate\\Routing\\Middleware\\ThrottleRequests.php(159): Illuminate\\Pipeline\\Pipeline->Illuminate\\Pipeline\\{closure}()
#18 C:\\Users\\hask777\\Desktop\\projects\\PHP\\laravel10-api-passport\\vendor\\laravel\\framework\\src\\Illuminate\\Routing\\Middleware\\ThrottleRequests.php(125): Illuminate\\Routing\\Middleware\\ThrottleRequests->handleRequest()
#19 C:\\Users\\hask777\\Desktop\\projects\\PHP\\laravel10-api-passport\\vendor\\laravel\\framework\\src\\Illuminate\\Routing\\Middleware\\ThrottleRequests.php(87): Illuminate\\Routing\\Middleware\\ThrottleRequests->handleRequestUsingNamedLimiter()
#20 C:\\Users\\hask777\\Desktop\\projects\\PHP\\laravel10-api-passport\\vendor\\laravel\\framework\\src\\Illuminate\\Pipeline\\Pipeline.php(183): Illuminate\\Routing\\Middleware\\ThrottleRequests->handle()
#21 C:\\Users\\hask777\\Desktop\\projects\\PHP\\laravel10-api-passport\\vendor\\laravel\\framework\\src\\Illuminate\\Pipeline\\Pipeline.php(119): Illuminate\\Pipeline\\Pipeline->Illuminate\\Pipeline\\{closure}()
#22 C:\\Users\\hask777\\Desktop\\projects\\PHP\\laravel10-api-passport\\vendor\\laravel\\framework\\src\\Illuminate\\Routing\\Router.php(805): Illuminate\\Pipeline\\Pipeline->then()
#23 C:\\Users\\hask777\\Desktop\\projects\\PHP\\laravel10-api-passport\\vendor\\laravel\\framework\\src\\Illuminate\\Routing\\Router.php(784): Illuminate\\Routing\\Router->runRouteWithinStack()
#24 C:\\Users\\hask777\\Desktop\\projects\\PHP\\laravel10-api-passport\\vendor\\laravel\\framework\\src\\Illuminate\\Routing\\Router.php(748): Illuminate\\Routing\\Router->runRoute()
#25 C:\\Users\\hask777\\Desktop\\projects\\PHP\\laravel10-api-passport\\vendor\\laravel\\framework\\src\\Illuminate\\Routing\\Router.php(737): Illuminate\\Routing\\Router->dispatchToRoute()
#26 C:\\Users\\hask777\\Desktop\\projects\\PHP\\laravel10-api-passport\\vendor\\laravel\\framework\\src\\Illuminate\\Foundation\\Http\\Kernel.php(200): Illuminate\\Routing\\Router->dispatch()
#27 C:\\Users\\hask777\\Desktop\\projects\\PHP\\laravel10-api-passport\\vendor\\laravel\\framework\\src\\Illuminate\\Pipeline\\Pipeline.php(144): Illuminate\\Foundation\\Http\\Kernel->Illuminate\\Foundation\\Http\\{closure}()
#28 C:\\Users\\hask777\\Desktop\\projects\\PHP\\laravel10-api-passport\\vendor\\laravel\\framework\\src\\Illuminate\\Foundation\\Http\\Middleware\\TransformsRequest.php(21): Illuminate\\Pipeline\\Pipeline->Illuminate\\Pipeline\\{closure}()
#29 C:\\Users\\hask777\\Desktop\\projects\\PHP\\laravel10-api-passport\\vendor\\laravel\\framework\\src\\Illuminate\\Foundation\\Http\\Middleware\\ConvertEmptyStringsToNull.php(31): Illuminate\\Foundation\\Http\\Middleware\\TransformsRequest->handle()
#30 C:\\Users\\hask777\\Desktop\\projects\\PHP\\laravel10-api-passport\\vendor\\laravel\\framework\\src\\Illuminate\\Pipeline\\Pipeline.php(183): Illuminate\\Foundation\\Http\\Middleware\\ConvertEmptyStringsToNull->handle()
#31 C:\\Users\\hask777\\Desktop\\projects\\PHP\\laravel10-api-passport\\vendor\\laravel\\framework\\src\\Illuminate\\Foundation\\Http\\Middleware\\TransformsRequest.php(21): Illuminate\\Pipeline\\Pipeline->Illuminate\\Pipeline\\{closure}()
#32 C:\\Users\\hask777\\Desktop\\projects\\PHP\\laravel10-api-passport\\vendor\\laravel\\framework\\src\\Illuminate\\Foundation\\Http\\Middleware\\TrimStrings.php(40): Illuminate\\Foundation\\Http\\Middleware\\TransformsRequest->handle()
#33 C:\\Users\\hask777\\Desktop\\projects\\PHP\\laravel10-api-passport\\vendor\\laravel\\framework\\src\\Illuminate\\Pipeline\\Pipeline.php(183): Illuminate\\Foundation\\Http\\Middleware\\TrimStrings->handle()
#34 C:\\Users\\hask777\\Desktop\\projects\\PHP\\laravel10-api-passport\\vendor\\laravel\\framework\\src\\Illuminate\\Foundation\\Http\\Middleware\\ValidatePostSize.php(27): Illuminate\\Pipeline\\Pipeline->Illuminate\\Pipeline\\{closure}()
#35 C:\\Users\\hask777\\Desktop\\projects\\PHP\\laravel10-api-passport\\vendor\\laravel\\framework\\src\\Illuminate\\Pipeline\\Pipeline.php(183): Illuminate\\Foundation\\Http\\Middleware\\ValidatePostSize->handle()
#36 C:\\Users\\hask777\\Desktop\\projects\\PHP\\laravel10-api-passport\\vendor\\laravel\\framework\\src\\Illuminate\\Foundation\\Http\\Middleware\\PreventRequestsDuringMaintenance.php(99): Illuminate\\Pipeline\\Pipeline->Illuminate\\Pipeline\\{closure}()
#37 C:\\Users\\hask777\\Desktop\\projects\\PHP\\laravel10-api-passport\\vendor\\laravel\\framework\\src\\Illuminate\\Pipeline\\Pipeline.php(183): Illuminate\\Foundation\\Http\\Middleware\\PreventRequestsDuringMaintenance->handle()
#38 C:\\Users\\hask777\\Desktop\\projects\\PHP\\laravel10-api-passport\\vendor\\laravel\\framework\\src\\Illuminate\\Http\\Middleware\\HandleCors.php(62): Illuminate\\Pipeline\\Pipeline->Illuminate\\Pipeline\\{closure}()
#39 C:\\Users\\hask777\\Desktop\\projects\\PHP\\laravel10-api-passport\\vendor\\laravel\\framework\\src\\Illuminate\\Pipeline\\Pipeline.php(183): Illuminate\\Http\\Middleware\\HandleCors->handle()
#40 C:\\Users\\hask777\\Desktop\\projects\\PHP\\laravel10-api-passport\\vendor\\laravel\\framework\\src\\Illuminate\\Http\\Middleware\\TrustProxies.php(39): Illuminate\\Pipeline\\Pipeline->Illuminate\\Pipeline\\{closure}()
#41 C:\\Users\\hask777\\Desktop\\projects\\PHP\\laravel10-api-passport\\vendor\\laravel\\framework\\src\\Illuminate\\Pipeline\\Pipeline.php(183): Illuminate\\Http\\Middleware\\TrustProxies->handle()
#42 C:\\Users\\hask777\\Desktop\\projects\\PHP\\laravel10-api-passport\\vendor\\laravel\\framework\\src\\Illuminate\\Pipeline\\Pipeline.php(119): Illuminate\\Pipeline\\Pipeline->Illuminate\\Pipeline\\{closure}()
#43 C:\\Users\\hask777\\Desktop\\projects\\PHP\\laravel10-api-passport\\vendor\\laravel\\framework\\src\\Illuminate\\Foundation\\Http\\Kernel.php(175): Illuminate\\Pipeline\\Pipeline->then()
#44 C:\\Users\\hask777\\Desktop\\projects\\PHP\\laravel10-api-passport\\vendor\\laravel\\framework\\src\\Illuminate\\Foundation\\Http\\Kernel.php(144): Illuminate\\Foundation\\Http\\Kernel->sendRequestThroughRouter()
#45 C:\\Users\\hask777\\Desktop\\projects\\PHP\\laravel10-api-passport\\public\\index.php(51): Illuminate\\Foundation\\Http\\Kernel->handle()
#46 C:\\Users\\hask777\\Desktop\\projects\\PHP\\laravel10-api-passport\\vendor\\laravel\\framework\\src\\Illuminate\\Foundation\\resources\\server.php(16): require_once('...')
#47 {main}
"} 
[2025-03-16 13:57:09] local.ERROR: App\Modules\Admin\Menu\Models\Menu::scopeFrontMenu(): Argument #2 ($user) must be of type App\Modules\Admin\User\Models\User, int given, called in C:\Users\hask777\Desktop\projects\PHP\laravel10-api-passport\vendor\laravel\framework\src\Illuminate\Database\Eloquent\Model.php on line 1627 {"exception":"[object] (TypeError(code: 0): App\\Modules\\Admin\\Menu\\Models\\Menu::scopeFrontMenu(): Argument #2 ($user) must be of type App\\Modules\\Admin\\User\\Models\\User, int given, called in C:\\Users\\hask777\\Desktop\\projects\\PHP\\laravel10-api-passport\\vendor\\laravel\\framework\\src\\Illuminate\\Database\\Eloquent\\Model.php on line 1627 at C:\\Users\\hask777\\Desktop\\projects\\PHP\\laravel10-api-passport\\app\\Modules\\Admin\\Menu\\Models\\Menu.php:24)
[stacktrace]
#0 C:\\Users\\hask777\\Desktop\\projects\\PHP\\laravel10-api-passport\\vendor\\laravel\\framework\\src\\Illuminate\\Database\\Eloquent\\Model.php(1627): App\\Modules\\Admin\\Menu\\Models\\Menu->scopeFrontMenu()
#1 C:\\Users\\hask777\\Desktop\\projects\\PHP\\laravel10-api-passport\\vendor\\laravel\\framework\\src\\Illuminate\\Database\\Eloquent\\Builder.php(1415): Illuminate\\Database\\Eloquent\\Model->callNamedScope()
#2 C:\\Users\\hask777\\Desktop\\projects\\PHP\\laravel10-api-passport\\vendor\\laravel\\framework\\src\\Illuminate\\Database\\Eloquent\\Builder.php(1396): Illuminate\\Database\\Eloquent\\Builder->Illuminate\\Database\\Eloquent\\{closure}()
#3 C:\\Users\\hask777\\Desktop\\projects\\PHP\\laravel10-api-passport\\vendor\\laravel\\framework\\src\\Illuminate\\Database\\Eloquent\\Builder.php(1414): Illuminate\\Database\\Eloquent\\Builder->callScope()
#4 C:\\Users\\hask777\\Desktop\\projects\\PHP\\laravel10-api-passport\\vendor\\laravel\\framework\\src\\Illuminate\\Database\\Eloquent\\Builder.php(1978): Illuminate\\Database\\Eloquent\\Builder->callNamedScope()
#5 C:\\Users\\hask777\\Desktop\\projects\\PHP\\laravel10-api-passport\\vendor\\laravel\\framework\\src\\Illuminate\\Support\\Traits\\ForwardsCalls.php(23): Illuminate\\Database\\Eloquent\\Builder->__call()
#6 C:\\Users\\hask777\\Desktop\\projects\\PHP\\laravel10-api-passport\\vendor\\laravel\\framework\\src\\Illuminate\\Database\\Eloquent\\Model.php(2335): Illuminate\\Database\\Eloquent\\Model->forwardCallTo()
#7 C:\\Users\\hask777\\Desktop\\projects\\PHP\\laravel10-api-passport\\vendor\\laravel\\framework\\src\\Illuminate\\Database\\Eloquent\\Model.php(2347): Illuminate\\Database\\Eloquent\\Model->__call()
#8 C:\\Users\\hask777\\Desktop\\projects\\PHP\\laravel10-api-passport\\app\\Modules\\Admin\\Menu\\Controllers\\Api\\MenuController.php(23): Illuminate\\Database\\Eloquent\\Model::__callStatic()
#9 C:\\Users\\hask777\\Desktop\\projects\\PHP\\laravel10-api-passport\\vendor\\laravel\\framework\\src\\Illuminate\\Routing\\Controller.php(54): App\\Modules\\Admin\\Menu\\Controllers\\Api\\MenuController->index()
#10 C:\\Users\\hask777\\Desktop\\projects\\PHP\\laravel10-api-passport\\vendor\\laravel\\framework\\src\\Illuminate\\Routing\\ControllerDispatcher.php(43): Illuminate\\Routing\\Controller->callAction()
#11 C:\\Users\\hask777\\Desktop\\projects\\PHP\\laravel10-api-passport\\vendor\\laravel\\framework\\src\\Illuminate\\Routing\\Route.php(259): Illuminate\\Routing\\ControllerDispatcher->dispatch()
#12 C:\\Users\\hask777\\Desktop\\projects\\PHP\\laravel10-api-passport\\vendor\\laravel\\framework\\src\\Illuminate\\Routing\\Route.php(205): Illuminate\\Routing\\Route->runController()
#13 C:\\Users\\hask777\\Desktop\\projects\\PHP\\laravel10-api-passport\\vendor\\laravel\\framework\\src\\Illuminate\\Routing\\Router.php(806): Illuminate\\Routing\\Route->run()
#14 C:\\Users\\hask777\\Desktop\\projects\\PHP\\laravel10-api-passport\\vendor\\laravel\\framework\\src\\Illuminate\\Pipeline\\Pipeline.php(144): Illuminate\\Routing\\Router->Illuminate\\Routing\\{closure}()
#15 C:\\Users\\hask777\\Desktop\\projects\\PHP\\laravel10-api-passport\\vendor\\laravel\\framework\\src\\Illuminate\\Routing\\Middleware\\SubstituteBindings.php(50): Illuminate\\Pipeline\\Pipeline->Illuminate\\Pipeline\\{closure}()
#16 C:\\Users\\hask777\\Desktop\\projects\\PHP\\laravel10-api-passport\\vendor\\laravel\\framework\\src\\Illuminate\\Pipeline\\Pipeline.php(183): Illuminate\\Routing\\Middleware\\SubstituteBindings->handle()
#17 C:\\Users\\hask777\\Desktop\\projects\\PHP\\laravel10-api-passport\\vendor\\laravel\\framework\\src\\Illuminate\\Routing\\Middleware\\ThrottleRequests.php(159): Illuminate\\Pipeline\\Pipeline->Illuminate\\Pipeline\\{closure}()
#18 C:\\Users\\hask777\\Desktop\\projects\\PHP\\laravel10-api-passport\\vendor\\laravel\\framework\\src\\Illuminate\\Routing\\Middleware\\ThrottleRequests.php(125): Illuminate\\Routing\\Middleware\\ThrottleRequests->handleRequest()
#19 C:\\Users\\hask777\\Desktop\\projects\\PHP\\laravel10-api-passport\\vendor\\laravel\\framework\\src\\Illuminate\\Routing\\Middleware\\ThrottleRequests.php(87): Illuminate\\Routing\\Middleware\\ThrottleRequests->handleRequestUsingNamedLimiter()
#20 C:\\Users\\hask777\\Desktop\\projects\\PHP\\laravel10-api-passport\\vendor\\laravel\\framework\\src\\Illuminate\\Pipeline\\Pipeline.php(183): Illuminate\\Routing\\Middleware\\ThrottleRequests->handle()
#21 C:\\Users\\hask777\\Desktop\\projects\\PHP\\laravel10-api-passport\\vendor\\laravel\\framework\\src\\Illuminate\\Pipeline\\Pipeline.php(119): Illuminate\\Pipeline\\Pipeline->Illuminate\\Pipeline\\{closure}()
#22 C:\\Users\\hask777\\Desktop\\projects\\PHP\\laravel10-api-passport\\vendor\\laravel\\framework\\src\\Illuminate\\Routing\\Router.php(805): Illuminate\\Pipeline\\Pipeline->then()
#23 C:\\Users\\hask777\\Desktop\\projects\\PHP\\laravel10-api-passport\\vendor\\laravel\\framework\\src\\Illuminate\\Routing\\Router.php(784): Illuminate\\Routing\\Router->runRouteWithinStack()
#24 C:\\Users\\hask777\\Desktop\\projects\\PHP\\laravel10-api-passport\\vendor\\laravel\\framework\\src\\Illuminate\\Routing\\Router.php(748): Illuminate\\Routing\\Router->runRoute()
#25 C:\\Users\\hask777\\Desktop\\projects\\PHP\\laravel10-api-passport\\vendor\\laravel\\framework\\src\\Illuminate\\Routing\\Router.php(737): Illuminate\\Routing\\Router->dispatchToRoute()
#26 C:\\Users\\hask777\\Desktop\\projects\\PHP\\laravel10-api-passport\\vendor\\laravel\\framework\\src\\Illuminate\\Foundation\\Http\\Kernel.php(200): Illuminate\\Routing\\Router->dispatch()
#27 C:\\Users\\hask777\\Desktop\\projects\\PHP\\laravel10-api-passport\\vendor\\laravel\\framework\\src\\Illuminate\\Pipeline\\Pipeline.php(144): Illuminate\\Foundation\\Http\\Kernel->Illuminate\\Foundation\\Http\\{closure}()
#28 C:\\Users\\hask777\\Desktop\\projects\\PHP\\laravel10-api-passport\\vendor\\laravel\\framework\\src\\Illuminate\\Foundation\\Http\\Middleware\\TransformsRequest.php(21): Illuminate\\Pipeline\\Pipeline->Illuminate\\Pipeline\\{closure}()
#29 C:\\Users\\hask777\\Desktop\\projects\\PHP\\laravel10-api-passport\\vendor\\laravel\\framework\\src\\Illuminate\\Foundation\\Http\\Middleware\\ConvertEmptyStringsToNull.php(31): Illuminate\\Foundation\\Http\\Middleware\\TransformsRequest->handle()
#30 C:\\Users\\hask777\\Desktop\\projects\\PHP\\laravel10-api-passport\\vendor\\laravel\\framework\\src\\Illuminate\\Pipeline\\Pipeline.php(183): Illuminate\\Foundation\\Http\\Middleware\\ConvertEmptyStringsToNull->handle()
#31 C:\\Users\\hask777\\Desktop\\projects\\PHP\\laravel10-api-passport\\vendor\\laravel\\framework\\src\\Illuminate\\Foundation\\Http\\Middleware\\TransformsRequest.php(21): Illuminate\\Pipeline\\Pipeline->Illuminate\\Pipeline\\{closure}()
#32 C:\\Users\\hask777\\Desktop\\projects\\PHP\\laravel10-api-passport\\vendor\\laravel\\framework\\src\\Illuminate\\Foundation\\Http\\Middleware\\TrimStrings.php(40): Illuminate\\Foundation\\Http\\Middleware\\TransformsRequest->handle()
#33 C:\\Users\\hask777\\Desktop\\projects\\PHP\\laravel10-api-passport\\vendor\\laravel\\framework\\src\\Illuminate\\Pipeline\\Pipeline.php(183): Illuminate\\Foundation\\Http\\Middleware\\TrimStrings->handle()
#34 C:\\Users\\hask777\\Desktop\\projects\\PHP\\laravel10-api-passport\\vendor\\laravel\\framework\\src\\Illuminate\\Foundation\\Http\\Middleware\\ValidatePostSize.php(27): Illuminate\\Pipeline\\Pipeline->Illuminate\\Pipeline\\{closure}()
#35 C:\\Users\\hask777\\Desktop\\projects\\PHP\\laravel10-api-passport\\vendor\\laravel\\framework\\src\\Illuminate\\Pipeline\\Pipeline.php(183): Illuminate\\Foundation\\Http\\Middleware\\ValidatePostSize->handle()
#36 C:\\Users\\hask777\\Desktop\\projects\\PHP\\laravel10-api-passport\\vendor\\laravel\\framework\\src\\Illuminate\\Foundation\\Http\\Middleware\\PreventRequestsDuringMaintenance.php(99): Illuminate\\Pipeline\\Pipeline->Illuminate\\Pipeline\\{closure}()
#37 C:\\Users\\hask777\\Desktop\\projects\\PHP\\laravel10-api-passport\\vendor\\laravel\\framework\\src\\Illuminate\\Pipeline\\Pipeline.php(183): Illuminate\\Foundation\\Http\\Middleware\\PreventRequestsDuringMaintenance->handle()
#38 C:\\Users\\hask777\\Desktop\\projects\\PHP\\laravel10-api-passport\\vendor\\laravel\\framework\\src\\Illuminate\\Http\\Middleware\\HandleCors.php(62): Illuminate\\Pipeline\\Pipeline->Illuminate\\Pipeline\\{closure}()
#39 C:\\Users\\hask777\\Desktop\\projects\\PHP\\laravel10-api-passport\\vendor\\laravel\\framework\\src\\Illuminate\\Pipeline\\Pipeline.php(183): Illuminate\\Http\\Middleware\\HandleCors->handle()
#40 C:\\Users\\hask777\\Desktop\\projects\\PHP\\laravel10-api-passport\\vendor\\laravel\\framework\\src\\Illuminate\\Http\\Middleware\\TrustProxies.php(39): Illuminate\\Pipeline\\Pipeline->Illuminate\\Pipeline\\{closure}()
#41 C:\\Users\\hask777\\Desktop\\projects\\PHP\\laravel10-api-passport\\vendor\\laravel\\framework\\src\\Illuminate\\Pipeline\\Pipeline.php(183): Illuminate\\Http\\Middleware\\TrustProxies->handle()
#42 C:\\Users\\hask777\\Desktop\\projects\\PHP\\laravel10-api-passport\\vendor\\laravel\\framework\\src\\Illuminate\\Pipeline\\Pipeline.php(119): Illuminate\\Pipeline\\Pipeline->Illuminate\\Pipeline\\{closure}()
#43 C:\\Users\\hask777\\Desktop\\projects\\PHP\\laravel10-api-passport\\vendor\\laravel\\framework\\src\\Illuminate\\Foundation\\Http\\Kernel.php(175): Illuminate\\Pipeline\\Pipeline->then()
#44 C:\\Users\\hask777\\Desktop\\projects\\PHP\\laravel10-api-passport\\vendor\\laravel\\framework\\src\\Illuminate\\Foundation\\Http\\Kernel.php(144): Illuminate\\Foundation\\Http\\Kernel->sendRequestThroughRouter()
#45 C:\\Users\\hask777\\Desktop\\projects\\PHP\\laravel10-api-passport\\public\\index.php(51): Illuminate\\Foundation\\Http\\Kernel->handle()
#46 C:\\Users\\hask777\\Desktop\\projects\\PHP\\laravel10-api-passport\\vendor\\laravel\\framework\\src\\Illuminate\\Foundation\\resources\\server.php(16): require_once('...')
#47 {main}
"} 
[2025-03-16 16:28:53] local.ERROR: SQLSTATE[23000]: Integrity constraint violation: 1062 Duplicate entry 'admin2@admin.com' for key 'users.users_email_unique' (Connection: mysql, SQL: insert into `users` (`firstname`, `lastname`, `phone`, `email`, `password`, `status`) values (admin2, admin, 111111, admin2@admin.com, $2y$10$g0LLklv51/c52ohIV1rb.OB1Hq1sI.DE7ZZRbzFSNIxrPfI83K4I., 1)) {"exception":"[object] (Illuminate\\Database\\UniqueConstraintViolationException(code: 23000): SQLSTATE[23000]: Integrity constraint violation: 1062 Duplicate entry 'admin2@admin.com' for key 'users.users_email_unique' (Connection: mysql, SQL: insert into `users` (`firstname`, `lastname`, `phone`, `email`, `password`, `status`) values (admin2, admin, 111111, admin2@admin.com, $2y$10$g0LLklv51/c52ohIV1rb.OB1Hq1sI.DE7ZZRbzFSNIxrPfI83K4I., 1)) at C:\\Users\\hask777\\Desktop\\projects\\PHP\\laravel10-api-passport\\vendor\\laravel\\framework\\src\\Illuminate\\Database\\Connection.php:824)
[stacktrace]
#0 C:\\Users\\hask777\\Desktop\\projects\\PHP\\laravel10-api-passport\\vendor\\laravel\\framework\\src\\Illuminate\\Database\\Connection.php(783): Illuminate\\Database\\Connection->runQueryCallback()
#1 C:\\Users\\hask777\\Desktop\\projects\\PHP\\laravel10-api-passport\\vendor\\laravel\\framework\\src\\Illuminate\\Database\\MySqlConnection.php(34): Illuminate\\Database\\Connection->run()
#2 C:\\Users\\hask777\\Desktop\\projects\\PHP\\laravel10-api-passport\\vendor\\laravel\\framework\\src\\Illuminate\\Database\\Query\\Builder.php(3498): Illuminate\\Database\\MySqlConnection->insert()
#3 C:\\Users\\hask777\\Desktop\\projects\\PHP\\laravel10-api-passport\\database\\seeders\\CreateAdminUser.php(16): Illuminate\\Database\\Query\\Builder->insert()
#4 C:\\Users\\hask777\\Desktop\\projects\\PHP\\laravel10-api-passport\\vendor\\laravel\\framework\\src\\Illuminate\\Container\\BoundMethod.php(36): Database\\Seeders\\CreateAdminUser->run()
#5 C:\\Users\\hask777\\Desktop\\projects\\PHP\\laravel10-api-passport\\vendor\\laravel\\framework\\src\\Illuminate\\Container\\Util.php(41): Illuminate\\Container\\BoundMethod::Illuminate\\Container\\{closure}()
#6 C:\\Users\\hask777\\Desktop\\projects\\PHP\\laravel10-api-passport\\vendor\\laravel\\framework\\src\\Illuminate\\Container\\BoundMethod.php(93): Illuminate\\Container\\Util::unwrapIfClosure()
#7 C:\\Users\\hask777\\Desktop\\projects\\PHP\\laravel10-api-passport\\vendor\\laravel\\framework\\src\\Illuminate\\Container\\BoundMethod.php(35): Illuminate\\Container\\BoundMethod::callBoundMethod()
#8 C:\\Users\\hask777\\Desktop\\projects\\PHP\\laravel10-api-passport\\vendor\\laravel\\framework\\src\\Illuminate\\Container\\Container.php(662): Illuminate\\Container\\BoundMethod::call()
#9 C:\\Users\\hask777\\Desktop\\projects\\PHP\\laravel10-api-passport\\vendor\\laravel\\framework\\src\\Illuminate\\Database\\Seeder.php(184): Illuminate\\Container\\Container->call()
#10 C:\\Users\\hask777\\Desktop\\projects\\PHP\\laravel10-api-passport\\vendor\\laravel\\framework\\src\\Illuminate\\Database\\Seeder.php(193): Illuminate\\Database\\Seeder->Illuminate\\Database\\{closure}()
#11 C:\\Users\\hask777\\Desktop\\projects\\PHP\\laravel10-api-passport\\vendor\\laravel\\framework\\src\\Illuminate\\Database\\Console\\Seeds\\SeedCommand.php(70): Illuminate\\Database\\Seeder->__invoke()
#12 C:\\Users\\hask777\\Desktop\\projects\\PHP\\laravel10-api-passport\\vendor\\laravel\\framework\\src\\Illuminate\\Database\\Eloquent\\Concerns\\GuardsAttributes.php(155): Illuminate\\Database\\Console\\Seeds\\SeedCommand->Illuminate\\Database\\Console\\Seeds\\{closure}()
#13 C:\\Users\\hask777\\Desktop\\projects\\PHP\\laravel10-api-passport\\vendor\\laravel\\framework\\src\\Illuminate\\Database\\Console\\Seeds\\SeedCommand.php(69): Illuminate\\Database\\Eloquent\\Model::unguarded()
#14 C:\\Users\\hask777\\Desktop\\projects\\PHP\\laravel10-api-passport\\vendor\\laravel\\framework\\src\\Illuminate\\Container\\BoundMethod.php(36): Illuminate\\Database\\Console\\Seeds\\SeedCommand->handle()
#15 C:\\Users\\hask777\\Desktop\\projects\\PHP\\laravel10-api-passport\\vendor\\laravel\\framework\\src\\Illuminate\\Container\\Util.php(41): Illuminate\\Container\\BoundMethod::Illuminate\\Container\\{closure}()
#16 C:\\Users\\hask777\\Desktop\\projects\\PHP\\laravel10-api-passport\\vendor\\laravel\\framework\\src\\Illuminate\\Container\\BoundMethod.php(93): Illuminate\\Container\\Util::unwrapIfClosure()
#17 C:\\Users\\hask777\\Desktop\\projects\\PHP\\laravel10-api-passport\\vendor\\laravel\\framework\\src\\Illuminate\\Container\\BoundMethod.php(35): Illuminate\\Container\\BoundMethod::callBoundMethod()
#18 C:\\Users\\hask777\\Desktop\\projects\\PHP\\laravel10-api-passport\\vendor\\laravel\\framework\\src\\Illuminate\\Container\\Container.php(662): Illuminate\\Container\\BoundMethod::call()
#19 C:\\Users\\hask777\\Desktop\\projects\\PHP\\laravel10-api-passport\\vendor\\laravel\\framework\\src\\Illuminate\\Console\\Command.php(211): Illuminate\\Container\\Container->call()
#20 C:\\Users\\hask777\\Desktop\\projects\\PHP\\laravel10-api-passport\\vendor\\symfony\\console\\Command\\Command.php(326): Illuminate\\Console\\Command->execute()
#21 C:\\Users\\hask777\\Desktop\\projects\\PHP\\laravel10-api-passport\\vendor\\laravel\\framework\\src\\Illuminate\\Console\\Command.php(180): Symfony\\Component\\Console\\Command\\Command->run()
#22 C:\\Users\\hask777\\Desktop\\projects\\PHP\\laravel10-api-passport\\vendor\\symfony\\console\\Application.php(1096): Illuminate\\Console\\Command->run()
#23 C:\\Users\\hask777\\Desktop\\projects\\PHP\\laravel10-api-passport\\vendor\\symfony\\console\\Application.php(324): Symfony\\Component\\Console\\Application->doRunCommand()
#24 C:\\Users\\hask777\\Desktop\\projects\\PHP\\laravel10-api-passport\\vendor\\symfony\\console\\Application.php(175): Symfony\\Component\\Console\\Application->doRun()
#25 C:\\Users\\hask777\\Desktop\\projects\\PHP\\laravel10-api-passport\\vendor\\laravel\\framework\\src\\Illuminate\\Foundation\\Console\\Kernel.php(201): Symfony\\Component\\Console\\Application->run()
#26 C:\\Users\\hask777\\Desktop\\projects\\PHP\\laravel10-api-passport\\artisan(35): Illuminate\\Foundation\\Console\\Kernel->handle()
#27 {main}

[previous exception] [object] (PDOException(code: 23000): SQLSTATE[23000]: Integrity constraint violation: 1062 Duplicate entry 'admin2@admin.com' for key 'users.users_email_unique' at C:\\Users\\hask777\\Desktop\\projects\\PHP\\laravel10-api-passport\\vendor\\laravel\\framework\\src\\Illuminate\\Database\\MySqlConnection.php:45)
[stacktrace]
#0 C:\\Users\\hask777\\Desktop\\projects\\PHP\\laravel10-api-passport\\vendor\\laravel\\framework\\src\\Illuminate\\Database\\MySqlConnection.php(45): PDOStatement->execute()
#1 C:\\Users\\hask777\\Desktop\\projects\\PHP\\laravel10-api-passport\\vendor\\laravel\\framework\\src\\Illuminate\\Database\\Connection.php(816): Illuminate\\Database\\MySqlConnection->Illuminate\\Database\\{closure}()
#2 C:\\Users\\hask777\\Desktop\\projects\\PHP\\laravel10-api-passport\\vendor\\laravel\\framework\\src\\Illuminate\\Database\\Connection.php(783): Illuminate\\Database\\Connection->runQueryCallback()
#3 C:\\Users\\hask777\\Desktop\\projects\\PHP\\laravel10-api-passport\\vendor\\laravel\\framework\\src\\Illuminate\\Database\\MySqlConnection.php(34): Illuminate\\Database\\Connection->run()
#4 C:\\Users\\hask777\\Desktop\\projects\\PHP\\laravel10-api-passport\\vendor\\laravel\\framework\\src\\Illuminate\\Database\\Query\\Builder.php(3498): Illuminate\\Database\\MySqlConnection->insert()
#5 C:\\Users\\hask777\\Desktop\\projects\\PHP\\laravel10-api-passport\\database\\seeders\\CreateAdminUser.php(16): Illuminate\\Database\\Query\\Builder->insert()
#6 C:\\Users\\hask777\\Desktop\\projects\\PHP\\laravel10-api-passport\\vendor\\laravel\\framework\\src\\Illuminate\\Container\\BoundMethod.php(36): Database\\Seeders\\CreateAdminUser->run()
#7 C:\\Users\\hask777\\Desktop\\projects\\PHP\\laravel10-api-passport\\vendor\\laravel\\framework\\src\\Illuminate\\Container\\Util.php(41): Illuminate\\Container\\BoundMethod::Illuminate\\Container\\{closure}()
#8 C:\\Users\\hask777\\Desktop\\projects\\PHP\\laravel10-api-passport\\vendor\\laravel\\framework\\src\\Illuminate\\Container\\BoundMethod.php(93): Illuminate\\Container\\Util::unwrapIfClosure()
#9 C:\\Users\\hask777\\Desktop\\projects\\PHP\\laravel10-api-passport\\vendor\\laravel\\framework\\src\\Illuminate\\Container\\BoundMethod.php(35): Illuminate\\Container\\BoundMethod::callBoundMethod()
#10 C:\\Users\\hask777\\Desktop\\projects\\PHP\\laravel10-api-passport\\vendor\\laravel\\framework\\src\\Illuminate\\Container\\Container.php(662): Illuminate\\Container\\BoundMethod::call()
#11 C:\\Users\\hask777\\Desktop\\projects\\PHP\\laravel10-api-passport\\vendor\\laravel\\framework\\src\\Illuminate\\Database\\Seeder.php(184): Illuminate\\Container\\Container->call()
#12 C:\\Users\\hask777\\Desktop\\projects\\PHP\\laravel10-api-passport\\vendor\\laravel\\framework\\src\\Illuminate\\Database\\Seeder.php(193): Illuminate\\Database\\Seeder->Illuminate\\Database\\{closure}()
#13 C:\\Users\\hask777\\Desktop\\projects\\PHP\\laravel10-api-passport\\vendor\\laravel\\framework\\src\\Illuminate\\Database\\Console\\Seeds\\SeedCommand.php(70): Illuminate\\Database\\Seeder->__invoke()
#14 C:\\Users\\hask777\\Desktop\\projects\\PHP\\laravel10-api-passport\\vendor\\laravel\\framework\\src\\Illuminate\\Database\\Eloquent\\Concerns\\GuardsAttributes.php(155): Illuminate\\Database\\Console\\Seeds\\SeedCommand->Illuminate\\Database\\Console\\Seeds\\{closure}()
#15 C:\\Users\\hask777\\Desktop\\projects\\PHP\\laravel10-api-passport\\vendor\\laravel\\framework\\src\\Illuminate\\Database\\Console\\Seeds\\SeedCommand.php(69): Illuminate\\Database\\Eloquent\\Model::unguarded()
#16 C:\\Users\\hask777\\Desktop\\projects\\PHP\\laravel10-api-passport\\vendor\\laravel\\framework\\src\\Illuminate\\Container\\BoundMethod.php(36): Illuminate\\Database\\Console\\Seeds\\SeedCommand->handle()
#17 C:\\Users\\hask777\\Desktop\\projects\\PHP\\laravel10-api-passport\\vendor\\laravel\\framework\\src\\Illuminate\\Container\\Util.php(41): Illuminate\\Container\\BoundMethod::Illuminate\\Container\\{closure}()
#18 C:\\Users\\hask777\\Desktop\\projects\\PHP\\laravel10-api-passport\\vendor\\laravel\\framework\\src\\Illuminate\\Container\\BoundMethod.php(93): Illuminate\\Container\\Util::unwrapIfClosure()
#19 C:\\Users\\hask777\\Desktop\\projects\\PHP\\laravel10-api-passport\\vendor\\laravel\\framework\\src\\Illuminate\\Container\\BoundMethod.php(35): Illuminate\\Container\\BoundMethod::callBoundMethod()
#20 C:\\Users\\hask777\\Desktop\\projects\\PHP\\laravel10-api-passport\\vendor\\laravel\\framework\\src\\Illuminate\\Container\\Container.php(662): Illuminate\\Container\\BoundMethod::call()
#21 C:\\Users\\hask777\\Desktop\\projects\\PHP\\laravel10-api-passport\\vendor\\laravel\\framework\\src\\Illuminate\\Console\\Command.php(211): Illuminate\\Container\\Container->call()
#22 C:\\Users\\hask777\\Desktop\\projects\\PHP\\laravel10-api-passport\\vendor\\symfony\\console\\Command\\Command.php(326): Illuminate\\Console\\Command->execute()
#23 C:\\Users\\hask777\\Desktop\\projects\\PHP\\laravel10-api-passport\\vendor\\laravel\\framework\\src\\Illuminate\\Console\\Command.php(180): Symfony\\Component\\Console\\Command\\Command->run()
#24 C:\\Users\\hask777\\Desktop\\projects\\PHP\\laravel10-api-passport\\vendor\\symfony\\console\\Application.php(1096): Illuminate\\Console\\Command->run()
#25 C:\\Users\\hask777\\Desktop\\projects\\PHP\\laravel10-api-passport\\vendor\\symfony\\console\\Application.php(324): Symfony\\Component\\Console\\Application->doRunCommand()
#26 C:\\Users\\hask777\\Desktop\\projects\\PHP\\laravel10-api-passport\\vendor\\symfony\\console\\Application.php(175): Symfony\\Component\\Console\\Application->doRun()
#27 C:\\Users\\hask777\\Desktop\\projects\\PHP\\laravel10-api-passport\\vendor\\laravel\\framework\\src\\Illuminate\\Foundation\\Console\\Kernel.php(201): Symfony\\Component\\Console\\Application->run()
#28 C:\\Users\\hask777\\Desktop\\projects\\PHP\\laravel10-api-passport\\artisan(35): Illuminate\\Foundation\\Console\\Kernel->handle()
#29 {main}
"} 
[2025-03-16 16:46:40] local.ERROR: App\Modules\Admin\Menu\Models\Menu::scopeFrontMenu(): Argument #2 ($user) must be of type App\Modules\Admin\User\Models\User, null given, called in C:\Users\hask777\Desktop\projects\PHP\laravel10-api-passport\vendor\laravel\framework\src\Illuminate\Database\Eloquent\Model.php on line 1627 {"exception":"[object] (TypeError(code: 0): App\\Modules\\Admin\\Menu\\Models\\Menu::scopeFrontMenu(): Argument #2 ($user) must be of type App\\Modules\\Admin\\User\\Models\\User, null given, called in C:\\Users\\hask777\\Desktop\\projects\\PHP\\laravel10-api-passport\\vendor\\laravel\\framework\\src\\Illuminate\\Database\\Eloquent\\Model.php on line 1627 at C:\\Users\\hask777\\Desktop\\projects\\PHP\\laravel10-api-passport\\app\\Modules\\Admin\\Menu\\Models\\Menu.php:24)
[stacktrace]
#0 C:\\Users\\hask777\\Desktop\\projects\\PHP\\laravel10-api-passport\\vendor\\laravel\\framework\\src\\Illuminate\\Database\\Eloquent\\Model.php(1627): App\\Modules\\Admin\\Menu\\Models\\Menu->scopeFrontMenu()
#1 C:\\Users\\hask777\\Desktop\\projects\\PHP\\laravel10-api-passport\\vendor\\laravel\\framework\\src\\Illuminate\\Database\\Eloquent\\Builder.php(1415): Illuminate\\Database\\Eloquent\\Model->callNamedScope()
#2 C:\\Users\\hask777\\Desktop\\projects\\PHP\\laravel10-api-passport\\vendor\\laravel\\framework\\src\\Illuminate\\Database\\Eloquent\\Builder.php(1396): Illuminate\\Database\\Eloquent\\Builder->Illuminate\\Database\\Eloquent\\{closure}()
#3 C:\\Users\\hask777\\Desktop\\projects\\PHP\\laravel10-api-passport\\vendor\\laravel\\framework\\src\\Illuminate\\Database\\Eloquent\\Builder.php(1414): Illuminate\\Database\\Eloquent\\Builder->callScope()
#4 C:\\Users\\hask777\\Desktop\\projects\\PHP\\laravel10-api-passport\\vendor\\laravel\\framework\\src\\Illuminate\\Database\\Eloquent\\Builder.php(1978): Illuminate\\Database\\Eloquent\\Builder->callNamedScope()
#5 C:\\Users\\hask777\\Desktop\\projects\\PHP\\laravel10-api-passport\\vendor\\laravel\\framework\\src\\Illuminate\\Support\\Traits\\ForwardsCalls.php(23): Illuminate\\Database\\Eloquent\\Builder->__call()
#6 C:\\Users\\hask777\\Desktop\\projects\\PHP\\laravel10-api-passport\\vendor\\laravel\\framework\\src\\Illuminate\\Database\\Eloquent\\Model.php(2335): Illuminate\\Database\\Eloquent\\Model->forwardCallTo()
#7 C:\\Users\\hask777\\Desktop\\projects\\PHP\\laravel10-api-passport\\vendor\\laravel\\framework\\src\\Illuminate\\Database\\Eloquent\\Model.php(2347): Illuminate\\Database\\Eloquent\\Model->__call()
#8 C:\\Users\\hask777\\Desktop\\projects\\PHP\\laravel10-api-passport\\app\\Modules\\Admin\\Menu\\Controllers\\Api\\MenuController.php(23): Illuminate\\Database\\Eloquent\\Model::__callStatic()
#9 C:\\Users\\hask777\\Desktop\\projects\\PHP\\laravel10-api-passport\\vendor\\laravel\\framework\\src\\Illuminate\\Routing\\Controller.php(54): App\\Modules\\Admin\\Menu\\Controllers\\Api\\MenuController->index()
#10 C:\\Users\\hask777\\Desktop\\projects\\PHP\\laravel10-api-passport\\vendor\\laravel\\framework\\src\\Illuminate\\Routing\\ControllerDispatcher.php(43): Illuminate\\Routing\\Controller->callAction()
#11 C:\\Users\\hask777\\Desktop\\projects\\PHP\\laravel10-api-passport\\vendor\\laravel\\framework\\src\\Illuminate\\Routing\\Route.php(259): Illuminate\\Routing\\ControllerDispatcher->dispatch()
#12 C:\\Users\\hask777\\Desktop\\projects\\PHP\\laravel10-api-passport\\vendor\\laravel\\framework\\src\\Illuminate\\Routing\\Route.php(205): Illuminate\\Routing\\Route->runController()
#13 C:\\Users\\hask777\\Desktop\\projects\\PHP\\laravel10-api-passport\\vendor\\laravel\\framework\\src\\Illuminate\\Routing\\Router.php(806): Illuminate\\Routing\\Route->run()
#14 C:\\Users\\hask777\\Desktop\\projects\\PHP\\laravel10-api-passport\\vendor\\laravel\\framework\\src\\Illuminate\\Pipeline\\Pipeline.php(144): Illuminate\\Routing\\Router->Illuminate\\Routing\\{closure}()
#15 C:\\Users\\hask777\\Desktop\\projects\\PHP\\laravel10-api-passport\\vendor\\laravel\\framework\\src\\Illuminate\\Routing\\Middleware\\SubstituteBindings.php(50): Illuminate\\Pipeline\\Pipeline->Illuminate\\Pipeline\\{closure}()
#16 C:\\Users\\hask777\\Desktop\\projects\\PHP\\laravel10-api-passport\\vendor\\laravel\\framework\\src\\Illuminate\\Pipeline\\Pipeline.php(183): Illuminate\\Routing\\Middleware\\SubstituteBindings->handle()
#17 C:\\Users\\hask777\\Desktop\\projects\\PHP\\laravel10-api-passport\\vendor\\laravel\\framework\\src\\Illuminate\\Routing\\Middleware\\ThrottleRequests.php(159): Illuminate\\Pipeline\\Pipeline->Illuminate\\Pipeline\\{closure}()
#18 C:\\Users\\hask777\\Desktop\\projects\\PHP\\laravel10-api-passport\\vendor\\laravel\\framework\\src\\Illuminate\\Routing\\Middleware\\ThrottleRequests.php(125): Illuminate\\Routing\\Middleware\\ThrottleRequests->handleRequest()
#19 C:\\Users\\hask777\\Desktop\\projects\\PHP\\laravel10-api-passport\\vendor\\laravel\\framework\\src\\Illuminate\\Routing\\Middleware\\ThrottleRequests.php(87): Illuminate\\Routing\\Middleware\\ThrottleRequests->handleRequestUsingNamedLimiter()
#20 C:\\Users\\hask777\\Desktop\\projects\\PHP\\laravel10-api-passport\\vendor\\laravel\\framework\\src\\Illuminate\\Pipeline\\Pipeline.php(183): Illuminate\\Routing\\Middleware\\ThrottleRequests->handle()
#21 C:\\Users\\hask777\\Desktop\\projects\\PHP\\laravel10-api-passport\\vendor\\laravel\\framework\\src\\Illuminate\\Pipeline\\Pipeline.php(119): Illuminate\\Pipeline\\Pipeline->Illuminate\\Pipeline\\{closure}()
#22 C:\\Users\\hask777\\Desktop\\projects\\PHP\\laravel10-api-passport\\vendor\\laravel\\framework\\src\\Illuminate\\Routing\\Router.php(805): Illuminate\\Pipeline\\Pipeline->then()
#23 C:\\Users\\hask777\\Desktop\\projects\\PHP\\laravel10-api-passport\\vendor\\laravel\\framework\\src\\Illuminate\\Routing\\Router.php(784): Illuminate\\Routing\\Router->runRouteWithinStack()
#24 C:\\Users\\hask777\\Desktop\\projects\\PHP\\laravel10-api-passport\\vendor\\laravel\\framework\\src\\Illuminate\\Routing\\Router.php(748): Illuminate\\Routing\\Router->runRoute()
#25 C:\\Users\\hask777\\Desktop\\projects\\PHP\\laravel10-api-passport\\vendor\\laravel\\framework\\src\\Illuminate\\Routing\\Router.php(737): Illuminate\\Routing\\Router->dispatchToRoute()
#26 C:\\Users\\hask777\\Desktop\\projects\\PHP\\laravel10-api-passport\\vendor\\laravel\\framework\\src\\Illuminate\\Foundation\\Http\\Kernel.php(200): Illuminate\\Routing\\Router->dispatch()
#27 C:\\Users\\hask777\\Desktop\\projects\\PHP\\laravel10-api-passport\\vendor\\laravel\\framework\\src\\Illuminate\\Pipeline\\Pipeline.php(144): Illuminate\\Foundation\\Http\\Kernel->Illuminate\\Foundation\\Http\\{closure}()
#28 C:\\Users\\hask777\\Desktop\\projects\\PHP\\laravel10-api-passport\\vendor\\laravel\\framework\\src\\Illuminate\\Foundation\\Http\\Middleware\\TransformsRequest.php(21): Illuminate\\Pipeline\\Pipeline->Illuminate\\Pipeline\\{closure}()
#29 C:\\Users\\hask777\\Desktop\\projects\\PHP\\laravel10-api-passport\\vendor\\laravel\\framework\\src\\Illuminate\\Foundation\\Http\\Middleware\\ConvertEmptyStringsToNull.php(31): Illuminate\\Foundation\\Http\\Middleware\\TransformsRequest->handle()
#30 C:\\Users\\hask777\\Desktop\\projects\\PHP\\laravel10-api-passport\\vendor\\laravel\\framework\\src\\Illuminate\\Pipeline\\Pipeline.php(183): Illuminate\\Foundation\\Http\\Middleware\\ConvertEmptyStringsToNull->handle()
#31 C:\\Users\\hask777\\Desktop\\projects\\PHP\\laravel10-api-passport\\vendor\\laravel\\framework\\src\\Illuminate\\Foundation\\Http\\Middleware\\TransformsRequest.php(21): Illuminate\\Pipeline\\Pipeline->Illuminate\\Pipeline\\{closure}()
#32 C:\\Users\\hask777\\Desktop\\projects\\PHP\\laravel10-api-passport\\vendor\\laravel\\framework\\src\\Illuminate\\Foundation\\Http\\Middleware\\TrimStrings.php(40): Illuminate\\Foundation\\Http\\Middleware\\TransformsRequest->handle()
#33 C:\\Users\\hask777\\Desktop\\projects\\PHP\\laravel10-api-passport\\vendor\\laravel\\framework\\src\\Illuminate\\Pipeline\\Pipeline.php(183): Illuminate\\Foundation\\Http\\Middleware\\TrimStrings->handle()
#34 C:\\Users\\hask777\\Desktop\\projects\\PHP\\laravel10-api-passport\\vendor\\laravel\\framework\\src\\Illuminate\\Foundation\\Http\\Middleware\\ValidatePostSize.php(27): Illuminate\\Pipeline\\Pipeline->Illuminate\\Pipeline\\{closure}()
#35 C:\\Users\\hask777\\Desktop\\projects\\PHP\\laravel10-api-passport\\vendor\\laravel\\framework\\src\\Illuminate\\Pipeline\\Pipeline.php(183): Illuminate\\Foundation\\Http\\Middleware\\ValidatePostSize->handle()
#36 C:\\Users\\hask777\\Desktop\\projects\\PHP\\laravel10-api-passport\\vendor\\laravel\\framework\\src\\Illuminate\\Foundation\\Http\\Middleware\\PreventRequestsDuringMaintenance.php(99): Illuminate\\Pipeline\\Pipeline->Illuminate\\Pipeline\\{closure}()
#37 C:\\Users\\hask777\\Desktop\\projects\\PHP\\laravel10-api-passport\\vendor\\laravel\\framework\\src\\Illuminate\\Pipeline\\Pipeline.php(183): Illuminate\\Foundation\\Http\\Middleware\\PreventRequestsDuringMaintenance->handle()
#38 C:\\Users\\hask777\\Desktop\\projects\\PHP\\laravel10-api-passport\\vendor\\laravel\\framework\\src\\Illuminate\\Http\\Middleware\\HandleCors.php(62): Illuminate\\Pipeline\\Pipeline->Illuminate\\Pipeline\\{closure}()
#39 C:\\Users\\hask777\\Desktop\\projects\\PHP\\laravel10-api-passport\\vendor\\laravel\\framework\\src\\Illuminate\\Pipeline\\Pipeline.php(183): Illuminate\\Http\\Middleware\\HandleCors->handle()
#40 C:\\Users\\hask777\\Desktop\\projects\\PHP\\laravel10-api-passport\\vendor\\laravel\\framework\\src\\Illuminate\\Http\\Middleware\\TrustProxies.php(39): Illuminate\\Pipeline\\Pipeline->Illuminate\\Pipeline\\{closure}()
#41 C:\\Users\\hask777\\Desktop\\projects\\PHP\\laravel10-api-passport\\vendor\\laravel\\framework\\src\\Illuminate\\Pipeline\\Pipeline.php(183): Illuminate\\Http\\Middleware\\TrustProxies->handle()
#42 C:\\Users\\hask777\\Desktop\\projects\\PHP\\laravel10-api-passport\\vendor\\laravel\\framework\\src\\Illuminate\\Pipeline\\Pipeline.php(119): Illuminate\\Pipeline\\Pipeline->Illuminate\\Pipeline\\{closure}()
#43 C:\\Users\\hask777\\Desktop\\projects\\PHP\\laravel10-api-passport\\vendor\\laravel\\framework\\src\\Illuminate\\Foundation\\Http\\Kernel.php(175): Illuminate\\Pipeline\\Pipeline->then()
#44 C:\\Users\\hask777\\Desktop\\projects\\PHP\\laravel10-api-passport\\vendor\\laravel\\framework\\src\\Illuminate\\Foundation\\Http\\Kernel.php(144): Illuminate\\Foundation\\Http\\Kernel->sendRequestThroughRouter()
#45 C:\\Users\\hask777\\Desktop\\projects\\PHP\\laravel10-api-passport\\public\\index.php(51): Illuminate\\Foundation\\Http\\Kernel->handle()
#46 C:\\Users\\hask777\\Desktop\\projects\\PHP\\laravel10-api-passport\\vendor\\laravel\\framework\\src\\Illuminate\\Foundation\\resources\\server.php(16): require_once('...')
#47 {main}
"} 
[2025-03-16 16:50:44] local.ERROR: App\Modules\Admin\Menu\Models\Menu::scopeFrontMenu(): Argument #2 ($user) must be of type App\Modules\Admin\User\Models\User, null given, called in C:\Users\hask777\Desktop\projects\PHP\laravel10-api-passport\vendor\laravel\framework\src\Illuminate\Database\Eloquent\Model.php on line 1627 {"exception":"[object] (TypeError(code: 0): App\\Modules\\Admin\\Menu\\Models\\Menu::scopeFrontMenu(): Argument #2 ($user) must be of type App\\Modules\\Admin\\User\\Models\\User, null given, called in C:\\Users\\hask777\\Desktop\\projects\\PHP\\laravel10-api-passport\\vendor\\laravel\\framework\\src\\Illuminate\\Database\\Eloquent\\Model.php on line 1627 at C:\\Users\\hask777\\Desktop\\projects\\PHP\\laravel10-api-passport\\app\\Modules\\Admin\\Menu\\Models\\Menu.php:25)
[stacktrace]
#0 C:\\Users\\hask777\\Desktop\\projects\\PHP\\laravel10-api-passport\\vendor\\laravel\\framework\\src\\Illuminate\\Database\\Eloquent\\Model.php(1627): App\\Modules\\Admin\\Menu\\Models\\Menu->scopeFrontMenu()
#1 C:\\Users\\hask777\\Desktop\\projects\\PHP\\laravel10-api-passport\\vendor\\laravel\\framework\\src\\Illuminate\\Database\\Eloquent\\Builder.php(1415): Illuminate\\Database\\Eloquent\\Model->callNamedScope()
#2 C:\\Users\\hask777\\Desktop\\projects\\PHP\\laravel10-api-passport\\vendor\\laravel\\framework\\src\\Illuminate\\Database\\Eloquent\\Builder.php(1396): Illuminate\\Database\\Eloquent\\Builder->Illuminate\\Database\\Eloquent\\{closure}()
#3 C:\\Users\\hask777\\Desktop\\projects\\PHP\\laravel10-api-passport\\vendor\\laravel\\framework\\src\\Illuminate\\Database\\Eloquent\\Builder.php(1414): Illuminate\\Database\\Eloquent\\Builder->callScope()
#4 C:\\Users\\hask777\\Desktop\\projects\\PHP\\laravel10-api-passport\\vendor\\laravel\\framework\\src\\Illuminate\\Database\\Eloquent\\Builder.php(1978): Illuminate\\Database\\Eloquent\\Builder->callNamedScope()
#5 C:\\Users\\hask777\\Desktop\\projects\\PHP\\laravel10-api-passport\\vendor\\laravel\\framework\\src\\Illuminate\\Support\\Traits\\ForwardsCalls.php(23): Illuminate\\Database\\Eloquent\\Builder->__call()
#6 C:\\Users\\hask777\\Desktop\\projects\\PHP\\laravel10-api-passport\\vendor\\laravel\\framework\\src\\Illuminate\\Database\\Eloquent\\Model.php(2335): Illuminate\\Database\\Eloquent\\Model->forwardCallTo()
#7 C:\\Users\\hask777\\Desktop\\projects\\PHP\\laravel10-api-passport\\vendor\\laravel\\framework\\src\\Illuminate\\Database\\Eloquent\\Model.php(2347): Illuminate\\Database\\Eloquent\\Model->__call()
#8 C:\\Users\\hask777\\Desktop\\projects\\PHP\\laravel10-api-passport\\app\\Modules\\Admin\\Menu\\Controllers\\Api\\MenuController.php(24): Illuminate\\Database\\Eloquent\\Model::__callStatic()
#9 C:\\Users\\hask777\\Desktop\\projects\\PHP\\laravel10-api-passport\\vendor\\laravel\\framework\\src\\Illuminate\\Routing\\Controller.php(54): App\\Modules\\Admin\\Menu\\Controllers\\Api\\MenuController->index()
#10 C:\\Users\\hask777\\Desktop\\projects\\PHP\\laravel10-api-passport\\vendor\\laravel\\framework\\src\\Illuminate\\Routing\\ControllerDispatcher.php(43): Illuminate\\Routing\\Controller->callAction()
#11 C:\\Users\\hask777\\Desktop\\projects\\PHP\\laravel10-api-passport\\vendor\\laravel\\framework\\src\\Illuminate\\Routing\\Route.php(259): Illuminate\\Routing\\ControllerDispatcher->dispatch()
#12 C:\\Users\\hask777\\Desktop\\projects\\PHP\\laravel10-api-passport\\vendor\\laravel\\framework\\src\\Illuminate\\Routing\\Route.php(205): Illuminate\\Routing\\Route->runController()
#13 C:\\Users\\hask777\\Desktop\\projects\\PHP\\laravel10-api-passport\\vendor\\laravel\\framework\\src\\Illuminate\\Routing\\Router.php(806): Illuminate\\Routing\\Route->run()
#14 C:\\Users\\hask777\\Desktop\\projects\\PHP\\laravel10-api-passport\\vendor\\laravel\\framework\\src\\Illuminate\\Pipeline\\Pipeline.php(144): Illuminate\\Routing\\Router->Illuminate\\Routing\\{closure}()
#15 C:\\Users\\hask777\\Desktop\\projects\\PHP\\laravel10-api-passport\\vendor\\laravel\\framework\\src\\Illuminate\\Routing\\Middleware\\SubstituteBindings.php(50): Illuminate\\Pipeline\\Pipeline->Illuminate\\Pipeline\\{closure}()
#16 C:\\Users\\hask777\\Desktop\\projects\\PHP\\laravel10-api-passport\\vendor\\laravel\\framework\\src\\Illuminate\\Pipeline\\Pipeline.php(183): Illuminate\\Routing\\Middleware\\SubstituteBindings->handle()
#17 C:\\Users\\hask777\\Desktop\\projects\\PHP\\laravel10-api-passport\\vendor\\laravel\\framework\\src\\Illuminate\\Routing\\Middleware\\ThrottleRequests.php(159): Illuminate\\Pipeline\\Pipeline->Illuminate\\Pipeline\\{closure}()
#18 C:\\Users\\hask777\\Desktop\\projects\\PHP\\laravel10-api-passport\\vendor\\laravel\\framework\\src\\Illuminate\\Routing\\Middleware\\ThrottleRequests.php(125): Illuminate\\Routing\\Middleware\\ThrottleRequests->handleRequest()
#19 C:\\Users\\hask777\\Desktop\\projects\\PHP\\laravel10-api-passport\\vendor\\laravel\\framework\\src\\Illuminate\\Routing\\Middleware\\ThrottleRequests.php(87): Illuminate\\Routing\\Middleware\\ThrottleRequests->handleRequestUsingNamedLimiter()
#20 C:\\Users\\hask777\\Desktop\\projects\\PHP\\laravel10-api-passport\\vendor\\laravel\\framework\\src\\Illuminate\\Pipeline\\Pipeline.php(183): Illuminate\\Routing\\Middleware\\ThrottleRequests->handle()
#21 C:\\Users\\hask777\\Desktop\\projects\\PHP\\laravel10-api-passport\\vendor\\laravel\\framework\\src\\Illuminate\\Pipeline\\Pipeline.php(119): Illuminate\\Pipeline\\Pipeline->Illuminate\\Pipeline\\{closure}()
#22 C:\\Users\\hask777\\Desktop\\projects\\PHP\\laravel10-api-passport\\vendor\\laravel\\framework\\src\\Illuminate\\Routing\\Router.php(805): Illuminate\\Pipeline\\Pipeline->then()
#23 C:\\Users\\hask777\\Desktop\\projects\\PHP\\laravel10-api-passport\\vendor\\laravel\\framework\\src\\Illuminate\\Routing\\Router.php(784): Illuminate\\Routing\\Router->runRouteWithinStack()
#24 C:\\Users\\hask777\\Desktop\\projects\\PHP\\laravel10-api-passport\\vendor\\laravel\\framework\\src\\Illuminate\\Routing\\Router.php(748): Illuminate\\Routing\\Router->runRoute()
#25 C:\\Users\\hask777\\Desktop\\projects\\PHP\\laravel10-api-passport\\vendor\\laravel\\framework\\src\\Illuminate\\Routing\\Router.php(737): Illuminate\\Routing\\Router->dispatchToRoute()
#26 C:\\Users\\hask777\\Desktop\\projects\\PHP\\laravel10-api-passport\\vendor\\laravel\\framework\\src\\Illuminate\\Foundation\\Http\\Kernel.php(200): Illuminate\\Routing\\Router->dispatch()
#27 C:\\Users\\hask777\\Desktop\\projects\\PHP\\laravel10-api-passport\\vendor\\laravel\\framework\\src\\Illuminate\\Pipeline\\Pipeline.php(144): Illuminate\\Foundation\\Http\\Kernel->Illuminate\\Foundation\\Http\\{closure}()
#28 C:\\Users\\hask777\\Desktop\\projects\\PHP\\laravel10-api-passport\\vendor\\laravel\\framework\\src\\Illuminate\\Foundation\\Http\\Middleware\\TransformsRequest.php(21): Illuminate\\Pipeline\\Pipeline->Illuminate\\Pipeline\\{closure}()
#29 C:\\Users\\hask777\\Desktop\\projects\\PHP\\laravel10-api-passport\\vendor\\laravel\\framework\\src\\Illuminate\\Foundation\\Http\\Middleware\\ConvertEmptyStringsToNull.php(31): Illuminate\\Foundation\\Http\\Middleware\\TransformsRequest->handle()
#30 C:\\Users\\hask777\\Desktop\\projects\\PHP\\laravel10-api-passport\\vendor\\laravel\\framework\\src\\Illuminate\\Pipeline\\Pipeline.php(183): Illuminate\\Foundation\\Http\\Middleware\\ConvertEmptyStringsToNull->handle()
#31 C:\\Users\\hask777\\Desktop\\projects\\PHP\\laravel10-api-passport\\vendor\\laravel\\framework\\src\\Illuminate\\Foundation\\Http\\Middleware\\TransformsRequest.php(21): Illuminate\\Pipeline\\Pipeline->Illuminate\\Pipeline\\{closure}()
#32 C:\\Users\\hask777\\Desktop\\projects\\PHP\\laravel10-api-passport\\vendor\\laravel\\framework\\src\\Illuminate\\Foundation\\Http\\Middleware\\TrimStrings.php(40): Illuminate\\Foundation\\Http\\Middleware\\TransformsRequest->handle()
#33 C:\\Users\\hask777\\Desktop\\projects\\PHP\\laravel10-api-passport\\vendor\\laravel\\framework\\src\\Illuminate\\Pipeline\\Pipeline.php(183): Illuminate\\Foundation\\Http\\Middleware\\TrimStrings->handle()
#34 C:\\Users\\hask777\\Desktop\\projects\\PHP\\laravel10-api-passport\\vendor\\laravel\\framework\\src\\Illuminate\\Foundation\\Http\\Middleware\\ValidatePostSize.php(27): Illuminate\\Pipeline\\Pipeline->Illuminate\\Pipeline\\{closure}()
#35 C:\\Users\\hask777\\Desktop\\projects\\PHP\\laravel10-api-passport\\vendor\\laravel\\framework\\src\\Illuminate\\Pipeline\\Pipeline.php(183): Illuminate\\Foundation\\Http\\Middleware\\ValidatePostSize->handle()
#36 C:\\Users\\hask777\\Desktop\\projects\\PHP\\laravel10-api-passport\\vendor\\laravel\\framework\\src\\Illuminate\\Foundation\\Http\\Middleware\\PreventRequestsDuringMaintenance.php(99): Illuminate\\Pipeline\\Pipeline->Illuminate\\Pipeline\\{closure}()
#37 C:\\Users\\hask777\\Desktop\\projects\\PHP\\laravel10-api-passport\\vendor\\laravel\\framework\\src\\Illuminate\\Pipeline\\Pipeline.php(183): Illuminate\\Foundation\\Http\\Middleware\\PreventRequestsDuringMaintenance->handle()
#38 C:\\Users\\hask777\\Desktop\\projects\\PHP\\laravel10-api-passport\\vendor\\laravel\\framework\\src\\Illuminate\\Http\\Middleware\\HandleCors.php(62): Illuminate\\Pipeline\\Pipeline->Illuminate\\Pipeline\\{closure}()
#39 C:\\Users\\hask777\\Desktop\\projects\\PHP\\laravel10-api-passport\\vendor\\laravel\\framework\\src\\Illuminate\\Pipeline\\Pipeline.php(183): Illuminate\\Http\\Middleware\\HandleCors->handle()
#40 C:\\Users\\hask777\\Desktop\\projects\\PHP\\laravel10-api-passport\\vendor\\laravel\\framework\\src\\Illuminate\\Http\\Middleware\\TrustProxies.php(39): Illuminate\\Pipeline\\Pipeline->Illuminate\\Pipeline\\{closure}()
#41 C:\\Users\\hask777\\Desktop\\projects\\PHP\\laravel10-api-passport\\vendor\\laravel\\framework\\src\\Illuminate\\Pipeline\\Pipeline.php(183): Illuminate\\Http\\Middleware\\TrustProxies->handle()
#42 C:\\Users\\hask777\\Desktop\\projects\\PHP\\laravel10-api-passport\\vendor\\laravel\\framework\\src\\Illuminate\\Pipeline\\Pipeline.php(119): Illuminate\\Pipeline\\Pipeline->Illuminate\\Pipeline\\{closure}()
#43 C:\\Users\\hask777\\Desktop\\projects\\PHP\\laravel10-api-passport\\vendor\\laravel\\framework\\src\\Illuminate\\Foundation\\Http\\Kernel.php(175): Illuminate\\Pipeline\\Pipeline->then()
#44 C:\\Users\\hask777\\Desktop\\projects\\PHP\\laravel10-api-passport\\vendor\\laravel\\framework\\src\\Illuminate\\Foundation\\Http\\Kernel.php(144): Illuminate\\Foundation\\Http\\Kernel->sendRequestThroughRouter()
#45 C:\\Users\\hask777\\Desktop\\projects\\PHP\\laravel10-api-passport\\public\\index.php(51): Illuminate\\Foundation\\Http\\Kernel->handle()
#46 C:\\Users\\hask777\\Desktop\\projects\\PHP\\laravel10-api-passport\\vendor\\laravel\\framework\\src\\Illuminate\\Foundation\\resources\\server.php(16): require_once('...')
#47 {main}
"} 
[2025-03-16 16:52:47] local.ERROR: App\Modules\Admin\Menu\Models\Menu::scopeFrontMenu(): Argument #2 ($user) must be of type App\Modules\Admin\User\Models\User, null given, called in C:\Users\hask777\Desktop\projects\PHP\laravel10-api-passport\vendor\laravel\framework\src\Illuminate\Database\Eloquent\Model.php on line 1627 {"exception":"[object] (TypeError(code: 0): App\\Modules\\Admin\\Menu\\Models\\Menu::scopeFrontMenu(): Argument #2 ($user) must be of type App\\Modules\\Admin\\User\\Models\\User, null given, called in C:\\Users\\hask777\\Desktop\\projects\\PHP\\laravel10-api-passport\\vendor\\laravel\\framework\\src\\Illuminate\\Database\\Eloquent\\Model.php on line 1627 at C:\\Users\\hask777\\Desktop\\projects\\PHP\\laravel10-api-passport\\app\\Modules\\Admin\\Menu\\Models\\Menu.php:24)
[stacktrace]
#0 C:\\Users\\hask777\\Desktop\\projects\\PHP\\laravel10-api-passport\\vendor\\laravel\\framework\\src\\Illuminate\\Database\\Eloquent\\Model.php(1627): App\\Modules\\Admin\\Menu\\Models\\Menu->scopeFrontMenu()
#1 C:\\Users\\hask777\\Desktop\\projects\\PHP\\laravel10-api-passport\\vendor\\laravel\\framework\\src\\Illuminate\\Database\\Eloquent\\Builder.php(1415): Illuminate\\Database\\Eloquent\\Model->callNamedScope()
#2 C:\\Users\\hask777\\Desktop\\projects\\PHP\\laravel10-api-passport\\vendor\\laravel\\framework\\src\\Illuminate\\Database\\Eloquent\\Builder.php(1396): Illuminate\\Database\\Eloquent\\Builder->Illuminate\\Database\\Eloquent\\{closure}()
#3 C:\\Users\\hask777\\Desktop\\projects\\PHP\\laravel10-api-passport\\vendor\\laravel\\framework\\src\\Illuminate\\Database\\Eloquent\\Builder.php(1414): Illuminate\\Database\\Eloquent\\Builder->callScope()
#4 C:\\Users\\hask777\\Desktop\\projects\\PHP\\laravel10-api-passport\\vendor\\laravel\\framework\\src\\Illuminate\\Database\\Eloquent\\Builder.php(1978): Illuminate\\Database\\Eloquent\\Builder->callNamedScope()
#5 C:\\Users\\hask777\\Desktop\\projects\\PHP\\laravel10-api-passport\\vendor\\laravel\\framework\\src\\Illuminate\\Support\\Traits\\ForwardsCalls.php(23): Illuminate\\Database\\Eloquent\\Builder->__call()
#6 C:\\Users\\hask777\\Desktop\\projects\\PHP\\laravel10-api-passport\\vendor\\laravel\\framework\\src\\Illuminate\\Database\\Eloquent\\Model.php(2335): Illuminate\\Database\\Eloquent\\Model->forwardCallTo()
#7 C:\\Users\\hask777\\Desktop\\projects\\PHP\\laravel10-api-passport\\vendor\\laravel\\framework\\src\\Illuminate\\Database\\Eloquent\\Model.php(2347): Illuminate\\Database\\Eloquent\\Model->__call()
#8 C:\\Users\\hask777\\Desktop\\projects\\PHP\\laravel10-api-passport\\app\\Modules\\Admin\\Menu\\Controllers\\Api\\MenuController.php(23): Illuminate\\Database\\Eloquent\\Model::__callStatic()
#9 C:\\Users\\hask777\\Desktop\\projects\\PHP\\laravel10-api-passport\\vendor\\laravel\\framework\\src\\Illuminate\\Routing\\Controller.php(54): App\\Modules\\Admin\\Menu\\Controllers\\Api\\MenuController->index()
#10 C:\\Users\\hask777\\Desktop\\projects\\PHP\\laravel10-api-passport\\vendor\\laravel\\framework\\src\\Illuminate\\Routing\\ControllerDispatcher.php(43): Illuminate\\Routing\\Controller->callAction()
#11 C:\\Users\\hask777\\Desktop\\projects\\PHP\\laravel10-api-passport\\vendor\\laravel\\framework\\src\\Illuminate\\Routing\\Route.php(259): Illuminate\\Routing\\ControllerDispatcher->dispatch()
#12 C:\\Users\\hask777\\Desktop\\projects\\PHP\\laravel10-api-passport\\vendor\\laravel\\framework\\src\\Illuminate\\Routing\\Route.php(205): Illuminate\\Routing\\Route->runController()
#13 C:\\Users\\hask777\\Desktop\\projects\\PHP\\laravel10-api-passport\\vendor\\laravel\\framework\\src\\Illuminate\\Routing\\Router.php(806): Illuminate\\Routing\\Route->run()
#14 C:\\Users\\hask777\\Desktop\\projects\\PHP\\laravel10-api-passport\\vendor\\laravel\\framework\\src\\Illuminate\\Pipeline\\Pipeline.php(144): Illuminate\\Routing\\Router->Illuminate\\Routing\\{closure}()
#15 C:\\Users\\hask777\\Desktop\\projects\\PHP\\laravel10-api-passport\\vendor\\laravel\\framework\\src\\Illuminate\\Routing\\Middleware\\SubstituteBindings.php(50): Illuminate\\Pipeline\\Pipeline->Illuminate\\Pipeline\\{closure}()
#16 C:\\Users\\hask777\\Desktop\\projects\\PHP\\laravel10-api-passport\\vendor\\laravel\\framework\\src\\Illuminate\\Pipeline\\Pipeline.php(183): Illuminate\\Routing\\Middleware\\SubstituteBindings->handle()
#17 C:\\Users\\hask777\\Desktop\\projects\\PHP\\laravel10-api-passport\\vendor\\laravel\\framework\\src\\Illuminate\\Routing\\Middleware\\ThrottleRequests.php(159): Illuminate\\Pipeline\\Pipeline->Illuminate\\Pipeline\\{closure}()
#18 C:\\Users\\hask777\\Desktop\\projects\\PHP\\laravel10-api-passport\\vendor\\laravel\\framework\\src\\Illuminate\\Routing\\Middleware\\ThrottleRequests.php(125): Illuminate\\Routing\\Middleware\\ThrottleRequests->handleRequest()
#19 C:\\Users\\hask777\\Desktop\\projects\\PHP\\laravel10-api-passport\\vendor\\laravel\\framework\\src\\Illuminate\\Routing\\Middleware\\ThrottleRequests.php(87): Illuminate\\Routing\\Middleware\\ThrottleRequests->handleRequestUsingNamedLimiter()
#20 C:\\Users\\hask777\\Desktop\\projects\\PHP\\laravel10-api-passport\\vendor\\laravel\\framework\\src\\Illuminate\\Pipeline\\Pipeline.php(183): Illuminate\\Routing\\Middleware\\ThrottleRequests->handle()
#21 C:\\Users\\hask777\\Desktop\\projects\\PHP\\laravel10-api-passport\\vendor\\laravel\\framework\\src\\Illuminate\\Pipeline\\Pipeline.php(119): Illuminate\\Pipeline\\Pipeline->Illuminate\\Pipeline\\{closure}()
#22 C:\\Users\\hask777\\Desktop\\projects\\PHP\\laravel10-api-passport\\vendor\\laravel\\framework\\src\\Illuminate\\Routing\\Router.php(805): Illuminate\\Pipeline\\Pipeline->then()
#23 C:\\Users\\hask777\\Desktop\\projects\\PHP\\laravel10-api-passport\\vendor\\laravel\\framework\\src\\Illuminate\\Routing\\Router.php(784): Illuminate\\Routing\\Router->runRouteWithinStack()
#24 C:\\Users\\hask777\\Desktop\\projects\\PHP\\laravel10-api-passport\\vendor\\laravel\\framework\\src\\Illuminate\\Routing\\Router.php(748): Illuminate\\Routing\\Router->runRoute()
#25 C:\\Users\\hask777\\Desktop\\projects\\PHP\\laravel10-api-passport\\vendor\\laravel\\framework\\src\\Illuminate\\Routing\\Router.php(737): Illuminate\\Routing\\Router->dispatchToRoute()
#26 C:\\Users\\hask777\\Desktop\\projects\\PHP\\laravel10-api-passport\\vendor\\laravel\\framework\\src\\Illuminate\\Foundation\\Http\\Kernel.php(200): Illuminate\\Routing\\Router->dispatch()
#27 C:\\Users\\hask777\\Desktop\\projects\\PHP\\laravel10-api-passport\\vendor\\laravel\\framework\\src\\Illuminate\\Pipeline\\Pipeline.php(144): Illuminate\\Foundation\\Http\\Kernel->Illuminate\\Foundation\\Http\\{closure}()
#28 C:\\Users\\hask777\\Desktop\\projects\\PHP\\laravel10-api-passport\\vendor\\laravel\\framework\\src\\Illuminate\\Foundation\\Http\\Middleware\\TransformsRequest.php(21): Illuminate\\Pipeline\\Pipeline->Illuminate\\Pipeline\\{closure}()
#29 C:\\Users\\hask777\\Desktop\\projects\\PHP\\laravel10-api-passport\\vendor\\laravel\\framework\\src\\Illuminate\\Foundation\\Http\\Middleware\\ConvertEmptyStringsToNull.php(31): Illuminate\\Foundation\\Http\\Middleware\\TransformsRequest->handle()
#30 C:\\Users\\hask777\\Desktop\\projects\\PHP\\laravel10-api-passport\\vendor\\laravel\\framework\\src\\Illuminate\\Pipeline\\Pipeline.php(183): Illuminate\\Foundation\\Http\\Middleware\\ConvertEmptyStringsToNull->handle()
#31 C:\\Users\\hask777\\Desktop\\projects\\PHP\\laravel10-api-passport\\vendor\\laravel\\framework\\src\\Illuminate\\Foundation\\Http\\Middleware\\TransformsRequest.php(21): Illuminate\\Pipeline\\Pipeline->Illuminate\\Pipeline\\{closure}()
#32 C:\\Users\\hask777\\Desktop\\projects\\PHP\\laravel10-api-passport\\vendor\\laravel\\framework\\src\\Illuminate\\Foundation\\Http\\Middleware\\TrimStrings.php(40): Illuminate\\Foundation\\Http\\Middleware\\TransformsRequest->handle()
#33 C:\\Users\\hask777\\Desktop\\projects\\PHP\\laravel10-api-passport\\vendor\\laravel\\framework\\src\\Illuminate\\Pipeline\\Pipeline.php(183): Illuminate\\Foundation\\Http\\Middleware\\TrimStrings->handle()
#34 C:\\Users\\hask777\\Desktop\\projects\\PHP\\laravel10-api-passport\\vendor\\laravel\\framework\\src\\Illuminate\\Foundation\\Http\\Middleware\\ValidatePostSize.php(27): Illuminate\\Pipeline\\Pipeline->Illuminate\\Pipeline\\{closure}()
#35 C:\\Users\\hask777\\Desktop\\projects\\PHP\\laravel10-api-passport\\vendor\\laravel\\framework\\src\\Illuminate\\Pipeline\\Pipeline.php(183): Illuminate\\Foundation\\Http\\Middleware\\ValidatePostSize->handle()
#36 C:\\Users\\hask777\\Desktop\\projects\\PHP\\laravel10-api-passport\\vendor\\laravel\\framework\\src\\Illuminate\\Foundation\\Http\\Middleware\\PreventRequestsDuringMaintenance.php(99): Illuminate\\Pipeline\\Pipeline->Illuminate\\Pipeline\\{closure}()
#37 C:\\Users\\hask777\\Desktop\\projects\\PHP\\laravel10-api-passport\\vendor\\laravel\\framework\\src\\Illuminate\\Pipeline\\Pipeline.php(183): Illuminate\\Foundation\\Http\\Middleware\\PreventRequestsDuringMaintenance->handle()
#38 C:\\Users\\hask777\\Desktop\\projects\\PHP\\laravel10-api-passport\\vendor\\laravel\\framework\\src\\Illuminate\\Http\\Middleware\\HandleCors.php(62): Illuminate\\Pipeline\\Pipeline->Illuminate\\Pipeline\\{closure}()
#39 C:\\Users\\hask777\\Desktop\\projects\\PHP\\laravel10-api-passport\\vendor\\laravel\\framework\\src\\Illuminate\\Pipeline\\Pipeline.php(183): Illuminate\\Http\\Middleware\\HandleCors->handle()
#40 C:\\Users\\hask777\\Desktop\\projects\\PHP\\laravel10-api-passport\\vendor\\laravel\\framework\\src\\Illuminate\\Http\\Middleware\\TrustProxies.php(39): Illuminate\\Pipeline\\Pipeline->Illuminate\\Pipeline\\{closure}()
#41 C:\\Users\\hask777\\Desktop\\projects\\PHP\\laravel10-api-passport\\vendor\\laravel\\framework\\src\\Illuminate\\Pipeline\\Pipeline.php(183): Illuminate\\Http\\Middleware\\TrustProxies->handle()
#42 C:\\Users\\hask777\\Desktop\\projects\\PHP\\laravel10-api-passport\\vendor\\laravel\\framework\\src\\Illuminate\\Pipeline\\Pipeline.php(119): Illuminate\\Pipeline\\Pipeline->Illuminate\\Pipeline\\{closure}()
#43 C:\\Users\\hask777\\Desktop\\projects\\PHP\\laravel10-api-passport\\vendor\\laravel\\framework\\src\\Illuminate\\Foundation\\Http\\Kernel.php(175): Illuminate\\Pipeline\\Pipeline->then()
#44 C:\\Users\\hask777\\Desktop\\projects\\PHP\\laravel10-api-passport\\vendor\\laravel\\framework\\src\\Illuminate\\Foundation\\Http\\Kernel.php(144): Illuminate\\Foundation\\Http\\Kernel->sendRequestThroughRouter()
#45 C:\\Users\\hask777\\Desktop\\projects\\PHP\\laravel10-api-passport\\public\\index.php(51): Illuminate\\Foundation\\Http\\Kernel->handle()
#46 C:\\Users\\hask777\\Desktop\\projects\\PHP\\laravel10-api-passport\\vendor\\laravel\\framework\\src\\Illuminate\\Foundation\\resources\\server.php(16): require_once('...')
#47 {main}
"} 
[2025-03-16 16:53:24] local.ERROR: App\Modules\Admin\Menu\Models\Menu::scopeFrontMenu(): Argument #2 ($user) must be of type App\Modules\Admin\User\Models\User, null given, called in C:\Users\hask777\Desktop\projects\PHP\laravel10-api-passport\vendor\laravel\framework\src\Illuminate\Database\Eloquent\Model.php on line 1627 {"exception":"[object] (TypeError(code: 0): App\\Modules\\Admin\\Menu\\Models\\Menu::scopeFrontMenu(): Argument #2 ($user) must be of type App\\Modules\\Admin\\User\\Models\\User, null given, called in C:\\Users\\hask777\\Desktop\\projects\\PHP\\laravel10-api-passport\\vendor\\laravel\\framework\\src\\Illuminate\\Database\\Eloquent\\Model.php on line 1627 at C:\\Users\\hask777\\Desktop\\projects\\PHP\\laravel10-api-passport\\app\\Modules\\Admin\\Menu\\Models\\Menu.php:24)
[stacktrace]
#0 C:\\Users\\hask777\\Desktop\\projects\\PHP\\laravel10-api-passport\\vendor\\laravel\\framework\\src\\Illuminate\\Database\\Eloquent\\Model.php(1627): App\\Modules\\Admin\\Menu\\Models\\Menu->scopeFrontMenu()
#1 C:\\Users\\hask777\\Desktop\\projects\\PHP\\laravel10-api-passport\\vendor\\laravel\\framework\\src\\Illuminate\\Database\\Eloquent\\Builder.php(1415): Illuminate\\Database\\Eloquent\\Model->callNamedScope()
#2 C:\\Users\\hask777\\Desktop\\projects\\PHP\\laravel10-api-passport\\vendor\\laravel\\framework\\src\\Illuminate\\Database\\Eloquent\\Builder.php(1396): Illuminate\\Database\\Eloquent\\Builder->Illuminate\\Database\\Eloquent\\{closure}()
#3 C:\\Users\\hask777\\Desktop\\projects\\PHP\\laravel10-api-passport\\vendor\\laravel\\framework\\src\\Illuminate\\Database\\Eloquent\\Builder.php(1414): Illuminate\\Database\\Eloquent\\Builder->callScope()
#4 C:\\Users\\hask777\\Desktop\\projects\\PHP\\laravel10-api-passport\\vendor\\laravel\\framework\\src\\Illuminate\\Database\\Eloquent\\Builder.php(1978): Illuminate\\Database\\Eloquent\\Builder->callNamedScope()
#5 C:\\Users\\hask777\\Desktop\\projects\\PHP\\laravel10-api-passport\\vendor\\laravel\\framework\\src\\Illuminate\\Support\\Traits\\ForwardsCalls.php(23): Illuminate\\Database\\Eloquent\\Builder->__call()
#6 C:\\Users\\hask777\\Desktop\\projects\\PHP\\laravel10-api-passport\\vendor\\laravel\\framework\\src\\Illuminate\\Database\\Eloquent\\Model.php(2335): Illuminate\\Database\\Eloquent\\Model->forwardCallTo()
#7 C:\\Users\\hask777\\Desktop\\projects\\PHP\\laravel10-api-passport\\vendor\\laravel\\framework\\src\\Illuminate\\Database\\Eloquent\\Model.php(2347): Illuminate\\Database\\Eloquent\\Model->__call()
#8 C:\\Users\\hask777\\Desktop\\projects\\PHP\\laravel10-api-passport\\app\\Modules\\Admin\\Menu\\Controllers\\Api\\MenuController.php(23): Illuminate\\Database\\Eloquent\\Model::__callStatic()
#9 C:\\Users\\hask777\\Desktop\\projects\\PHP\\laravel10-api-passport\\vendor\\laravel\\framework\\src\\Illuminate\\Routing\\Controller.php(54): App\\Modules\\Admin\\Menu\\Controllers\\Api\\MenuController->index()
#10 C:\\Users\\hask777\\Desktop\\projects\\PHP\\laravel10-api-passport\\vendor\\laravel\\framework\\src\\Illuminate\\Routing\\ControllerDispatcher.php(43): Illuminate\\Routing\\Controller->callAction()
#11 C:\\Users\\hask777\\Desktop\\projects\\PHP\\laravel10-api-passport\\vendor\\laravel\\framework\\src\\Illuminate\\Routing\\Route.php(259): Illuminate\\Routing\\ControllerDispatcher->dispatch()
#12 C:\\Users\\hask777\\Desktop\\projects\\PHP\\laravel10-api-passport\\vendor\\laravel\\framework\\src\\Illuminate\\Routing\\Route.php(205): Illuminate\\Routing\\Route->runController()
#13 C:\\Users\\hask777\\Desktop\\projects\\PHP\\laravel10-api-passport\\vendor\\laravel\\framework\\src\\Illuminate\\Routing\\Router.php(806): Illuminate\\Routing\\Route->run()
#14 C:\\Users\\hask777\\Desktop\\projects\\PHP\\laravel10-api-passport\\vendor\\laravel\\framework\\src\\Illuminate\\Pipeline\\Pipeline.php(144): Illuminate\\Routing\\Router->Illuminate\\Routing\\{closure}()
#15 C:\\Users\\hask777\\Desktop\\projects\\PHP\\laravel10-api-passport\\vendor\\laravel\\framework\\src\\Illuminate\\Routing\\Middleware\\SubstituteBindings.php(50): Illuminate\\Pipeline\\Pipeline->Illuminate\\Pipeline\\{closure}()
#16 C:\\Users\\hask777\\Desktop\\projects\\PHP\\laravel10-api-passport\\vendor\\laravel\\framework\\src\\Illuminate\\Pipeline\\Pipeline.php(183): Illuminate\\Routing\\Middleware\\SubstituteBindings->handle()
#17 C:\\Users\\hask777\\Desktop\\projects\\PHP\\laravel10-api-passport\\vendor\\laravel\\framework\\src\\Illuminate\\Routing\\Middleware\\ThrottleRequests.php(159): Illuminate\\Pipeline\\Pipeline->Illuminate\\Pipeline\\{closure}()
#18 C:\\Users\\hask777\\Desktop\\projects\\PHP\\laravel10-api-passport\\vendor\\laravel\\framework\\src\\Illuminate\\Routing\\Middleware\\ThrottleRequests.php(125): Illuminate\\Routing\\Middleware\\ThrottleRequests->handleRequest()
#19 C:\\Users\\hask777\\Desktop\\projects\\PHP\\laravel10-api-passport\\vendor\\laravel\\framework\\src\\Illuminate\\Routing\\Middleware\\ThrottleRequests.php(87): Illuminate\\Routing\\Middleware\\ThrottleRequests->handleRequestUsingNamedLimiter()
#20 C:\\Users\\hask777\\Desktop\\projects\\PHP\\laravel10-api-passport\\vendor\\laravel\\framework\\src\\Illuminate\\Pipeline\\Pipeline.php(183): Illuminate\\Routing\\Middleware\\ThrottleRequests->handle()
#21 C:\\Users\\hask777\\Desktop\\projects\\PHP\\laravel10-api-passport\\vendor\\laravel\\framework\\src\\Illuminate\\Pipeline\\Pipeline.php(119): Illuminate\\Pipeline\\Pipeline->Illuminate\\Pipeline\\{closure}()
#22 C:\\Users\\hask777\\Desktop\\projects\\PHP\\laravel10-api-passport\\vendor\\laravel\\framework\\src\\Illuminate\\Routing\\Router.php(805): Illuminate\\Pipeline\\Pipeline->then()
#23 C:\\Users\\hask777\\Desktop\\projects\\PHP\\laravel10-api-passport\\vendor\\laravel\\framework\\src\\Illuminate\\Routing\\Router.php(784): Illuminate\\Routing\\Router->runRouteWithinStack()
#24 C:\\Users\\hask777\\Desktop\\projects\\PHP\\laravel10-api-passport\\vendor\\laravel\\framework\\src\\Illuminate\\Routing\\Router.php(748): Illuminate\\Routing\\Router->runRoute()
#25 C:\\Users\\hask777\\Desktop\\projects\\PHP\\laravel10-api-passport\\vendor\\laravel\\framework\\src\\Illuminate\\Routing\\Router.php(737): Illuminate\\Routing\\Router->dispatchToRoute()
#26 C:\\Users\\hask777\\Desktop\\projects\\PHP\\laravel10-api-passport\\vendor\\laravel\\framework\\src\\Illuminate\\Foundation\\Http\\Kernel.php(200): Illuminate\\Routing\\Router->dispatch()
#27 C:\\Users\\hask777\\Desktop\\projects\\PHP\\laravel10-api-passport\\vendor\\laravel\\framework\\src\\Illuminate\\Pipeline\\Pipeline.php(144): Illuminate\\Foundation\\Http\\Kernel->Illuminate\\Foundation\\Http\\{closure}()
#28 C:\\Users\\hask777\\Desktop\\projects\\PHP\\laravel10-api-passport\\vendor\\laravel\\framework\\src\\Illuminate\\Foundation\\Http\\Middleware\\TransformsRequest.php(21): Illuminate\\Pipeline\\Pipeline->Illuminate\\Pipeline\\{closure}()
#29 C:\\Users\\hask777\\Desktop\\projects\\PHP\\laravel10-api-passport\\vendor\\laravel\\framework\\src\\Illuminate\\Foundation\\Http\\Middleware\\ConvertEmptyStringsToNull.php(31): Illuminate\\Foundation\\Http\\Middleware\\TransformsRequest->handle()
#30 C:\\Users\\hask777\\Desktop\\projects\\PHP\\laravel10-api-passport\\vendor\\laravel\\framework\\src\\Illuminate\\Pipeline\\Pipeline.php(183): Illuminate\\Foundation\\Http\\Middleware\\ConvertEmptyStringsToNull->handle()
#31 C:\\Users\\hask777\\Desktop\\projects\\PHP\\laravel10-api-passport\\vendor\\laravel\\framework\\src\\Illuminate\\Foundation\\Http\\Middleware\\TransformsRequest.php(21): Illuminate\\Pipeline\\Pipeline->Illuminate\\Pipeline\\{closure}()
#32 C:\\Users\\hask777\\Desktop\\projects\\PHP\\laravel10-api-passport\\vendor\\laravel\\framework\\src\\Illuminate\\Foundation\\Http\\Middleware\\TrimStrings.php(40): Illuminate\\Foundation\\Http\\Middleware\\TransformsRequest->handle()
#33 C:\\Users\\hask777\\Desktop\\projects\\PHP\\laravel10-api-passport\\vendor\\laravel\\framework\\src\\Illuminate\\Pipeline\\Pipeline.php(183): Illuminate\\Foundation\\Http\\Middleware\\TrimStrings->handle()
#34 C:\\Users\\hask777\\Desktop\\projects\\PHP\\laravel10-api-passport\\vendor\\laravel\\framework\\src\\Illuminate\\Foundation\\Http\\Middleware\\ValidatePostSize.php(27): Illuminate\\Pipeline\\Pipeline->Illuminate\\Pipeline\\{closure}()
#35 C:\\Users\\hask777\\Desktop\\projects\\PHP\\laravel10-api-passport\\vendor\\laravel\\framework\\src\\Illuminate\\Pipeline\\Pipeline.php(183): Illuminate\\Foundation\\Http\\Middleware\\ValidatePostSize->handle()
#36 C:\\Users\\hask777\\Desktop\\projects\\PHP\\laravel10-api-passport\\vendor\\laravel\\framework\\src\\Illuminate\\Foundation\\Http\\Middleware\\PreventRequestsDuringMaintenance.php(99): Illuminate\\Pipeline\\Pipeline->Illuminate\\Pipeline\\{closure}()
#37 C:\\Users\\hask777\\Desktop\\projects\\PHP\\laravel10-api-passport\\vendor\\laravel\\framework\\src\\Illuminate\\Pipeline\\Pipeline.php(183): Illuminate\\Foundation\\Http\\Middleware\\PreventRequestsDuringMaintenance->handle()
#38 C:\\Users\\hask777\\Desktop\\projects\\PHP\\laravel10-api-passport\\vendor\\laravel\\framework\\src\\Illuminate\\Http\\Middleware\\HandleCors.php(62): Illuminate\\Pipeline\\Pipeline->Illuminate\\Pipeline\\{closure}()
#39 C:\\Users\\hask777\\Desktop\\projects\\PHP\\laravel10-api-passport\\vendor\\laravel\\framework\\src\\Illuminate\\Pipeline\\Pipeline.php(183): Illuminate\\Http\\Middleware\\HandleCors->handle()
#40 C:\\Users\\hask777\\Desktop\\projects\\PHP\\laravel10-api-passport\\vendor\\laravel\\framework\\src\\Illuminate\\Http\\Middleware\\TrustProxies.php(39): Illuminate\\Pipeline\\Pipeline->Illuminate\\Pipeline\\{closure}()
#41 C:\\Users\\hask777\\Desktop\\projects\\PHP\\laravel10-api-passport\\vendor\\laravel\\framework\\src\\Illuminate\\Pipeline\\Pipeline.php(183): Illuminate\\Http\\Middleware\\TrustProxies->handle()
#42 C:\\Users\\hask777\\Desktop\\projects\\PHP\\laravel10-api-passport\\vendor\\laravel\\framework\\src\\Illuminate\\Pipeline\\Pipeline.php(119): Illuminate\\Pipeline\\Pipeline->Illuminate\\Pipeline\\{closure}()
#43 C:\\Users\\hask777\\Desktop\\projects\\PHP\\laravel10-api-passport\\vendor\\laravel\\framework\\src\\Illuminate\\Foundation\\Http\\Kernel.php(175): Illuminate\\Pipeline\\Pipeline->then()
#44 C:\\Users\\hask777\\Desktop\\projects\\PHP\\laravel10-api-passport\\vendor\\laravel\\framework\\src\\Illuminate\\Foundation\\Http\\Kernel.php(144): Illuminate\\Foundation\\Http\\Kernel->sendRequestThroughRouter()
#45 C:\\Users\\hask777\\Desktop\\projects\\PHP\\laravel10-api-passport\\public\\index.php(51): Illuminate\\Foundation\\Http\\Kernel->handle()
#46 C:\\Users\\hask777\\Desktop\\projects\\PHP\\laravel10-api-passport\\vendor\\laravel\\framework\\src\\Illuminate\\Foundation\\resources\\server.php(16): require_once('...')
#47 {main}
"} 
[2025-03-16 16:54:50] local.ERROR: Typed property App\Modules\Admin\User\Models\User::$roles must not be accessed before initialization {"userId":1,"exception":"[object] (Error(code: 0): Typed property App\\Modules\\Admin\\User\\Models\\User::$roles must not be accessed before initialization at C:\\Users\\hask777\\Desktop\\projects\\PHP\\laravel10-api-passport\\app\\Modules\\Admin\\Role\\Models\\Traits\\UserRoles.php:76)
[stacktrace]
#0 C:\\Users\\hask777\\Desktop\\projects\\PHP\\laravel10-api-passport\\app\\Modules\\Admin\\Role\\Models\\Traits\\UserRoles.php(68): App\\Modules\\Admin\\User\\Models\\User->getRoles()
#1 C:\\Users\\hask777\\Desktop\\projects\\PHP\\laravel10-api-passport\\app\\Modules\\Admin\\Menu\\Models\\Menu.php(28): App\\Modules\\Admin\\User\\Models\\User->getMergedPermissions()
#2 C:\\Users\\hask777\\Desktop\\projects\\PHP\\laravel10-api-passport\\vendor\\laravel\\framework\\src\\Illuminate\\Database\\Eloquent\\Builder.php(1396): App\\Modules\\Admin\\Menu\\Models\\Menu->App\\Modules\\Admin\\Menu\\Models\\{closure}()
#3 C:\\Users\\hask777\\Desktop\\projects\\PHP\\laravel10-api-passport\\vendor\\laravel\\framework\\src\\Illuminate\\Database\\Eloquent\\Concerns\\QueriesRelationships.php(61): Illuminate\\Database\\Eloquent\\Builder->callScope()
#4 C:\\Users\\hask777\\Desktop\\projects\\PHP\\laravel10-api-passport\\vendor\\laravel\\framework\\src\\Illuminate\\Database\\Eloquent\\Concerns\\QueriesRelationships.php(152): Illuminate\\Database\\Eloquent\\Builder->has()
#5 C:\\Users\\hask777\\Desktop\\projects\\PHP\\laravel10-api-passport\\app\\Modules\\Admin\\Menu\\Models\\Menu.php(27): Illuminate\\Database\\Eloquent\\Builder->whereHas()
#6 C:\\Users\\hask777\\Desktop\\projects\\PHP\\laravel10-api-passport\\vendor\\laravel\\framework\\src\\Illuminate\\Database\\Eloquent\\Model.php(1627): App\\Modules\\Admin\\Menu\\Models\\Menu->scopeFrontMenu()
#7 C:\\Users\\hask777\\Desktop\\projects\\PHP\\laravel10-api-passport\\vendor\\laravel\\framework\\src\\Illuminate\\Database\\Eloquent\\Builder.php(1415): Illuminate\\Database\\Eloquent\\Model->callNamedScope()
#8 C:\\Users\\hask777\\Desktop\\projects\\PHP\\laravel10-api-passport\\vendor\\laravel\\framework\\src\\Illuminate\\Database\\Eloquent\\Builder.php(1396): Illuminate\\Database\\Eloquent\\Builder->Illuminate\\Database\\Eloquent\\{closure}()
#9 C:\\Users\\hask777\\Desktop\\projects\\PHP\\laravel10-api-passport\\vendor\\laravel\\framework\\src\\Illuminate\\Database\\Eloquent\\Builder.php(1414): Illuminate\\Database\\Eloquent\\Builder->callScope()
#10 C:\\Users\\hask777\\Desktop\\projects\\PHP\\laravel10-api-passport\\vendor\\laravel\\framework\\src\\Illuminate\\Database\\Eloquent\\Builder.php(1978): Illuminate\\Database\\Eloquent\\Builder->callNamedScope()
#11 C:\\Users\\hask777\\Desktop\\projects\\PHP\\laravel10-api-passport\\vendor\\laravel\\framework\\src\\Illuminate\\Support\\Traits\\ForwardsCalls.php(23): Illuminate\\Database\\Eloquent\\Builder->__call()
#12 C:\\Users\\hask777\\Desktop\\projects\\PHP\\laravel10-api-passport\\vendor\\laravel\\framework\\src\\Illuminate\\Database\\Eloquent\\Model.php(2335): Illuminate\\Database\\Eloquent\\Model->forwardCallTo()
#13 C:\\Users\\hask777\\Desktop\\projects\\PHP\\laravel10-api-passport\\vendor\\laravel\\framework\\src\\Illuminate\\Database\\Eloquent\\Model.php(2347): Illuminate\\Database\\Eloquent\\Model->__call()
#14 C:\\Users\\hask777\\Desktop\\projects\\PHP\\laravel10-api-passport\\app\\Modules\\Admin\\Menu\\Controllers\\Api\\MenuController.php(23): Illuminate\\Database\\Eloquent\\Model::__callStatic()
#15 C:\\Users\\hask777\\Desktop\\projects\\PHP\\laravel10-api-passport\\vendor\\laravel\\framework\\src\\Illuminate\\Routing\\Controller.php(54): App\\Modules\\Admin\\Menu\\Controllers\\Api\\MenuController->index()
#16 C:\\Users\\hask777\\Desktop\\projects\\PHP\\laravel10-api-passport\\vendor\\laravel\\framework\\src\\Illuminate\\Routing\\ControllerDispatcher.php(43): Illuminate\\Routing\\Controller->callAction()
#17 C:\\Users\\hask777\\Desktop\\projects\\PHP\\laravel10-api-passport\\vendor\\laravel\\framework\\src\\Illuminate\\Routing\\Route.php(259): Illuminate\\Routing\\ControllerDispatcher->dispatch()
#18 C:\\Users\\hask777\\Desktop\\projects\\PHP\\laravel10-api-passport\\vendor\\laravel\\framework\\src\\Illuminate\\Routing\\Route.php(205): Illuminate\\Routing\\Route->runController()
#19 C:\\Users\\hask777\\Desktop\\projects\\PHP\\laravel10-api-passport\\vendor\\laravel\\framework\\src\\Illuminate\\Routing\\Router.php(806): Illuminate\\Routing\\Route->run()
#20 C:\\Users\\hask777\\Desktop\\projects\\PHP\\laravel10-api-passport\\vendor\\laravel\\framework\\src\\Illuminate\\Pipeline\\Pipeline.php(144): Illuminate\\Routing\\Router->Illuminate\\Routing\\{closure}()
#21 C:\\Users\\hask777\\Desktop\\projects\\PHP\\laravel10-api-passport\\vendor\\laravel\\framework\\src\\Illuminate\\Routing\\Middleware\\SubstituteBindings.php(50): Illuminate\\Pipeline\\Pipeline->Illuminate\\Pipeline\\{closure}()
#22 C:\\Users\\hask777\\Desktop\\projects\\PHP\\laravel10-api-passport\\vendor\\laravel\\framework\\src\\Illuminate\\Pipeline\\Pipeline.php(183): Illuminate\\Routing\\Middleware\\SubstituteBindings->handle()
#23 C:\\Users\\hask777\\Desktop\\projects\\PHP\\laravel10-api-passport\\vendor\\laravel\\framework\\src\\Illuminate\\Routing\\Middleware\\ThrottleRequests.php(159): Illuminate\\Pipeline\\Pipeline->Illuminate\\Pipeline\\{closure}()
#24 C:\\Users\\hask777\\Desktop\\projects\\PHP\\laravel10-api-passport\\vendor\\laravel\\framework\\src\\Illuminate\\Routing\\Middleware\\ThrottleRequests.php(125): Illuminate\\Routing\\Middleware\\ThrottleRequests->handleRequest()
#25 C:\\Users\\hask777\\Desktop\\projects\\PHP\\laravel10-api-passport\\vendor\\laravel\\framework\\src\\Illuminate\\Routing\\Middleware\\ThrottleRequests.php(87): Illuminate\\Routing\\Middleware\\ThrottleRequests->handleRequestUsingNamedLimiter()
#26 C:\\Users\\hask777\\Desktop\\projects\\PHP\\laravel10-api-passport\\vendor\\laravel\\framework\\src\\Illuminate\\Pipeline\\Pipeline.php(183): Illuminate\\Routing\\Middleware\\ThrottleRequests->handle()
#27 C:\\Users\\hask777\\Desktop\\projects\\PHP\\laravel10-api-passport\\vendor\\laravel\\framework\\src\\Illuminate\\Auth\\Middleware\\Authenticate.php(57): Illuminate\\Pipeline\\Pipeline->Illuminate\\Pipeline\\{closure}()
#28 C:\\Users\\hask777\\Desktop\\projects\\PHP\\laravel10-api-passport\\vendor\\laravel\\framework\\src\\Illuminate\\Pipeline\\Pipeline.php(183): Illuminate\\Auth\\Middleware\\Authenticate->handle()
#29 C:\\Users\\hask777\\Desktop\\projects\\PHP\\laravel10-api-passport\\vendor\\laravel\\framework\\src\\Illuminate\\Pipeline\\Pipeline.php(119): Illuminate\\Pipeline\\Pipeline->Illuminate\\Pipeline\\{closure}()
#30 C:\\Users\\hask777\\Desktop\\projects\\PHP\\laravel10-api-passport\\vendor\\laravel\\framework\\src\\Illuminate\\Routing\\Router.php(805): Illuminate\\Pipeline\\Pipeline->then()
#31 C:\\Users\\hask777\\Desktop\\projects\\PHP\\laravel10-api-passport\\vendor\\laravel\\framework\\src\\Illuminate\\Routing\\Router.php(784): Illuminate\\Routing\\Router->runRouteWithinStack()
#32 C:\\Users\\hask777\\Desktop\\projects\\PHP\\laravel10-api-passport\\vendor\\laravel\\framework\\src\\Illuminate\\Routing\\Router.php(748): Illuminate\\Routing\\Router->runRoute()
#33 C:\\Users\\hask777\\Desktop\\projects\\PHP\\laravel10-api-passport\\vendor\\laravel\\framework\\src\\Illuminate\\Routing\\Router.php(737): Illuminate\\Routing\\Router->dispatchToRoute()
#34 C:\\Users\\hask777\\Desktop\\projects\\PHP\\laravel10-api-passport\\vendor\\laravel\\framework\\src\\Illuminate\\Foundation\\Http\\Kernel.php(200): Illuminate\\Routing\\Router->dispatch()
#35 C:\\Users\\hask777\\Desktop\\projects\\PHP\\laravel10-api-passport\\vendor\\laravel\\framework\\src\\Illuminate\\Pipeline\\Pipeline.php(144): Illuminate\\Foundation\\Http\\Kernel->Illuminate\\Foundation\\Http\\{closure}()
#36 C:\\Users\\hask777\\Desktop\\projects\\PHP\\laravel10-api-passport\\vendor\\laravel\\framework\\src\\Illuminate\\Foundation\\Http\\Middleware\\TransformsRequest.php(21): Illuminate\\Pipeline\\Pipeline->Illuminate\\Pipeline\\{closure}()
#37 C:\\Users\\hask777\\Desktop\\projects\\PHP\\laravel10-api-passport\\vendor\\laravel\\framework\\src\\Illuminate\\Foundation\\Http\\Middleware\\ConvertEmptyStringsToNull.php(31): Illuminate\\Foundation\\Http\\Middleware\\TransformsRequest->handle()
#38 C:\\Users\\hask777\\Desktop\\projects\\PHP\\laravel10-api-passport\\vendor\\laravel\\framework\\src\\Illuminate\\Pipeline\\Pipeline.php(183): Illuminate\\Foundation\\Http\\Middleware\\ConvertEmptyStringsToNull->handle()
#39 C:\\Users\\hask777\\Desktop\\projects\\PHP\\laravel10-api-passport\\vendor\\laravel\\framework\\src\\Illuminate\\Foundation\\Http\\Middleware\\TransformsRequest.php(21): Illuminate\\Pipeline\\Pipeline->Illuminate\\Pipeline\\{closure}()
#40 C:\\Users\\hask777\\Desktop\\projects\\PHP\\laravel10-api-passport\\vendor\\laravel\\framework\\src\\Illuminate\\Foundation\\Http\\Middleware\\TrimStrings.php(40): Illuminate\\Foundation\\Http\\Middleware\\TransformsRequest->handle()
#41 C:\\Users\\hask777\\Desktop\\projects\\PHP\\laravel10-api-passport\\vendor\\laravel\\framework\\src\\Illuminate\\Pipeline\\Pipeline.php(183): Illuminate\\Foundation\\Http\\Middleware\\TrimStrings->handle()
#42 C:\\Users\\hask777\\Desktop\\projects\\PHP\\laravel10-api-passport\\vendor\\laravel\\framework\\src\\Illuminate\\Foundation\\Http\\Middleware\\ValidatePostSize.php(27): Illuminate\\Pipeline\\Pipeline->Illuminate\\Pipeline\\{closure}()
#43 C:\\Users\\hask777\\Desktop\\projects\\PHP\\laravel10-api-passport\\vendor\\laravel\\framework\\src\\Illuminate\\Pipeline\\Pipeline.php(183): Illuminate\\Foundation\\Http\\Middleware\\ValidatePostSize->handle()
#44 C:\\Users\\hask777\\Desktop\\projects\\PHP\\laravel10-api-passport\\vendor\\laravel\\framework\\src\\Illuminate\\Foundation\\Http\\Middleware\\PreventRequestsDuringMaintenance.php(99): Illuminate\\Pipeline\\Pipeline->Illuminate\\Pipeline\\{closure}()
#45 C:\\Users\\hask777\\Desktop\\projects\\PHP\\laravel10-api-passport\\vendor\\laravel\\framework\\src\\Illuminate\\Pipeline\\Pipeline.php(183): Illuminate\\Foundation\\Http\\Middleware\\PreventRequestsDuringMaintenance->handle()
#46 C:\\Users\\hask777\\Desktop\\projects\\PHP\\laravel10-api-passport\\vendor\\laravel\\framework\\src\\Illuminate\\Http\\Middleware\\HandleCors.php(62): Illuminate\\Pipeline\\Pipeline->Illuminate\\Pipeline\\{closure}()
#47 C:\\Users\\hask777\\Desktop\\projects\\PHP\\laravel10-api-passport\\vendor\\laravel\\framework\\src\\Illuminate\\Pipeline\\Pipeline.php(183): Illuminate\\Http\\Middleware\\HandleCors->handle()
#48 C:\\Users\\hask777\\Desktop\\projects\\PHP\\laravel10-api-passport\\vendor\\laravel\\framework\\src\\Illuminate\\Http\\Middleware\\TrustProxies.php(39): Illuminate\\Pipeline\\Pipeline->Illuminate\\Pipeline\\{closure}()
#49 C:\\Users\\hask777\\Desktop\\projects\\PHP\\laravel10-api-passport\\vendor\\laravel\\framework\\src\\Illuminate\\Pipeline\\Pipeline.php(183): Illuminate\\Http\\Middleware\\TrustProxies->handle()
#50 C:\\Users\\hask777\\Desktop\\projects\\PHP\\laravel10-api-passport\\vendor\\laravel\\framework\\src\\Illuminate\\Pipeline\\Pipeline.php(119): Illuminate\\Pipeline\\Pipeline->Illuminate\\Pipeline\\{closure}()
#51 C:\\Users\\hask777\\Desktop\\projects\\PHP\\laravel10-api-passport\\vendor\\laravel\\framework\\src\\Illuminate\\Foundation\\Http\\Kernel.php(175): Illuminate\\Pipeline\\Pipeline->then()
#52 C:\\Users\\hask777\\Desktop\\projects\\PHP\\laravel10-api-passport\\vendor\\laravel\\framework\\src\\Illuminate\\Foundation\\Http\\Kernel.php(144): Illuminate\\Foundation\\Http\\Kernel->sendRequestThroughRouter()
#53 C:\\Users\\hask777\\Desktop\\projects\\PHP\\laravel10-api-passport\\public\\index.php(51): Illuminate\\Foundation\\Http\\Kernel->handle()
#54 C:\\Users\\hask777\\Desktop\\projects\\PHP\\laravel10-api-passport\\vendor\\laravel\\framework\\src\\Illuminate\\Foundation\\resources\\server.php(16): require_once('...')
#55 {main}
"} 
[2025-03-16 16:56:04] local.ERROR: Typed property App\Modules\Admin\User\Models\User::$roles must not be accessed before initialization {"userId":1,"exception":"[object] (Error(code: 0): Typed property App\\Modules\\Admin\\User\\Models\\User::$roles must not be accessed before initialization at C:\\Users\\hask777\\Desktop\\projects\\PHP\\laravel10-api-passport\\app\\Modules\\Admin\\Role\\Models\\Traits\\UserRoles.php:76)
[stacktrace]
#0 C:\\Users\\hask777\\Desktop\\projects\\PHP\\laravel10-api-passport\\app\\Modules\\Admin\\Role\\Models\\Traits\\UserRoles.php(68): App\\Modules\\Admin\\User\\Models\\User->getRoles()
#1 C:\\Users\\hask777\\Desktop\\projects\\PHP\\laravel10-api-passport\\app\\Modules\\Admin\\Menu\\Models\\Menu.php(28): App\\Modules\\Admin\\User\\Models\\User->getMergedPermissions()
#2 C:\\Users\\hask777\\Desktop\\projects\\PHP\\laravel10-api-passport\\vendor\\laravel\\framework\\src\\Illuminate\\Database\\Eloquent\\Builder.php(1396): App\\Modules\\Admin\\Menu\\Models\\Menu->App\\Modules\\Admin\\Menu\\Models\\{closure}()
#3 C:\\Users\\hask777\\Desktop\\projects\\PHP\\laravel10-api-passport\\vendor\\laravel\\framework\\src\\Illuminate\\Database\\Eloquent\\Concerns\\QueriesRelationships.php(61): Illuminate\\Database\\Eloquent\\Builder->callScope()
#4 C:\\Users\\hask777\\Desktop\\projects\\PHP\\laravel10-api-passport\\vendor\\laravel\\framework\\src\\Illuminate\\Database\\Eloquent\\Concerns\\QueriesRelationships.php(152): Illuminate\\Database\\Eloquent\\Builder->has()
#5 C:\\Users\\hask777\\Desktop\\projects\\PHP\\laravel10-api-passport\\app\\Modules\\Admin\\Menu\\Models\\Menu.php(27): Illuminate\\Database\\Eloquent\\Builder->whereHas()
#6 C:\\Users\\hask777\\Desktop\\projects\\PHP\\laravel10-api-passport\\vendor\\laravel\\framework\\src\\Illuminate\\Database\\Eloquent\\Model.php(1627): App\\Modules\\Admin\\Menu\\Models\\Menu->scopeFrontMenu()
#7 C:\\Users\\hask777\\Desktop\\projects\\PHP\\laravel10-api-passport\\vendor\\laravel\\framework\\src\\Illuminate\\Database\\Eloquent\\Builder.php(1415): Illuminate\\Database\\Eloquent\\Model->callNamedScope()
#8 C:\\Users\\hask777\\Desktop\\projects\\PHP\\laravel10-api-passport\\vendor\\laravel\\framework\\src\\Illuminate\\Database\\Eloquent\\Builder.php(1396): Illuminate\\Database\\Eloquent\\Builder->Illuminate\\Database\\Eloquent\\{closure}()
#9 C:\\Users\\hask777\\Desktop\\projects\\PHP\\laravel10-api-passport\\vendor\\laravel\\framework\\src\\Illuminate\\Database\\Eloquent\\Builder.php(1414): Illuminate\\Database\\Eloquent\\Builder->callScope()
#10 C:\\Users\\hask777\\Desktop\\projects\\PHP\\laravel10-api-passport\\vendor\\laravel\\framework\\src\\Illuminate\\Database\\Eloquent\\Builder.php(1978): Illuminate\\Database\\Eloquent\\Builder->callNamedScope()
#11 C:\\Users\\hask777\\Desktop\\projects\\PHP\\laravel10-api-passport\\vendor\\laravel\\framework\\src\\Illuminate\\Support\\Traits\\ForwardsCalls.php(23): Illuminate\\Database\\Eloquent\\Builder->__call()
#12 C:\\Users\\hask777\\Desktop\\projects\\PHP\\laravel10-api-passport\\vendor\\laravel\\framework\\src\\Illuminate\\Database\\Eloquent\\Model.php(2335): Illuminate\\Database\\Eloquent\\Model->forwardCallTo()
#13 C:\\Users\\hask777\\Desktop\\projects\\PHP\\laravel10-api-passport\\vendor\\laravel\\framework\\src\\Illuminate\\Database\\Eloquent\\Model.php(2347): Illuminate\\Database\\Eloquent\\Model->__call()
#14 C:\\Users\\hask777\\Desktop\\projects\\PHP\\laravel10-api-passport\\app\\Modules\\Admin\\Menu\\Controllers\\Api\\MenuController.php(23): Illuminate\\Database\\Eloquent\\Model::__callStatic()
#15 C:\\Users\\hask777\\Desktop\\projects\\PHP\\laravel10-api-passport\\vendor\\laravel\\framework\\src\\Illuminate\\Routing\\Controller.php(54): App\\Modules\\Admin\\Menu\\Controllers\\Api\\MenuController->index()
#16 C:\\Users\\hask777\\Desktop\\projects\\PHP\\laravel10-api-passport\\vendor\\laravel\\framework\\src\\Illuminate\\Routing\\ControllerDispatcher.php(43): Illuminate\\Routing\\Controller->callAction()
#17 C:\\Users\\hask777\\Desktop\\projects\\PHP\\laravel10-api-passport\\vendor\\laravel\\framework\\src\\Illuminate\\Routing\\Route.php(259): Illuminate\\Routing\\ControllerDispatcher->dispatch()
#18 C:\\Users\\hask777\\Desktop\\projects\\PHP\\laravel10-api-passport\\vendor\\laravel\\framework\\src\\Illuminate\\Routing\\Route.php(205): Illuminate\\Routing\\Route->runController()
#19 C:\\Users\\hask777\\Desktop\\projects\\PHP\\laravel10-api-passport\\vendor\\laravel\\framework\\src\\Illuminate\\Routing\\Router.php(806): Illuminate\\Routing\\Route->run()
#20 C:\\Users\\hask777\\Desktop\\projects\\PHP\\laravel10-api-passport\\vendor\\laravel\\framework\\src\\Illuminate\\Pipeline\\Pipeline.php(144): Illuminate\\Routing\\Router->Illuminate\\Routing\\{closure}()
#21 C:\\Users\\hask777\\Desktop\\projects\\PHP\\laravel10-api-passport\\vendor\\laravel\\framework\\src\\Illuminate\\Routing\\Middleware\\SubstituteBindings.php(50): Illuminate\\Pipeline\\Pipeline->Illuminate\\Pipeline\\{closure}()
#22 C:\\Users\\hask777\\Desktop\\projects\\PHP\\laravel10-api-passport\\vendor\\laravel\\framework\\src\\Illuminate\\Pipeline\\Pipeline.php(183): Illuminate\\Routing\\Middleware\\SubstituteBindings->handle()
#23 C:\\Users\\hask777\\Desktop\\projects\\PHP\\laravel10-api-passport\\vendor\\laravel\\framework\\src\\Illuminate\\Routing\\Middleware\\ThrottleRequests.php(159): Illuminate\\Pipeline\\Pipeline->Illuminate\\Pipeline\\{closure}()
#24 C:\\Users\\hask777\\Desktop\\projects\\PHP\\laravel10-api-passport\\vendor\\laravel\\framework\\src\\Illuminate\\Routing\\Middleware\\ThrottleRequests.php(125): Illuminate\\Routing\\Middleware\\ThrottleRequests->handleRequest()
#25 C:\\Users\\hask777\\Desktop\\projects\\PHP\\laravel10-api-passport\\vendor\\laravel\\framework\\src\\Illuminate\\Routing\\Middleware\\ThrottleRequests.php(87): Illuminate\\Routing\\Middleware\\ThrottleRequests->handleRequestUsingNamedLimiter()
#26 C:\\Users\\hask777\\Desktop\\projects\\PHP\\laravel10-api-passport\\vendor\\laravel\\framework\\src\\Illuminate\\Pipeline\\Pipeline.php(183): Illuminate\\Routing\\Middleware\\ThrottleRequests->handle()
#27 C:\\Users\\hask777\\Desktop\\projects\\PHP\\laravel10-api-passport\\vendor\\laravel\\framework\\src\\Illuminate\\Auth\\Middleware\\Authenticate.php(57): Illuminate\\Pipeline\\Pipeline->Illuminate\\Pipeline\\{closure}()
#28 C:\\Users\\hask777\\Desktop\\projects\\PHP\\laravel10-api-passport\\vendor\\laravel\\framework\\src\\Illuminate\\Pipeline\\Pipeline.php(183): Illuminate\\Auth\\Middleware\\Authenticate->handle()
#29 C:\\Users\\hask777\\Desktop\\projects\\PHP\\laravel10-api-passport\\vendor\\laravel\\framework\\src\\Illuminate\\Pipeline\\Pipeline.php(119): Illuminate\\Pipeline\\Pipeline->Illuminate\\Pipeline\\{closure}()
#30 C:\\Users\\hask777\\Desktop\\projects\\PHP\\laravel10-api-passport\\vendor\\laravel\\framework\\src\\Illuminate\\Routing\\Router.php(805): Illuminate\\Pipeline\\Pipeline->then()
#31 C:\\Users\\hask777\\Desktop\\projects\\PHP\\laravel10-api-passport\\vendor\\laravel\\framework\\src\\Illuminate\\Routing\\Router.php(784): Illuminate\\Routing\\Router->runRouteWithinStack()
#32 C:\\Users\\hask777\\Desktop\\projects\\PHP\\laravel10-api-passport\\vendor\\laravel\\framework\\src\\Illuminate\\Routing\\Router.php(748): Illuminate\\Routing\\Router->runRoute()
#33 C:\\Users\\hask777\\Desktop\\projects\\PHP\\laravel10-api-passport\\vendor\\laravel\\framework\\src\\Illuminate\\Routing\\Router.php(737): Illuminate\\Routing\\Router->dispatchToRoute()
#34 C:\\Users\\hask777\\Desktop\\projects\\PHP\\laravel10-api-passport\\vendor\\laravel\\framework\\src\\Illuminate\\Foundation\\Http\\Kernel.php(200): Illuminate\\Routing\\Router->dispatch()
#35 C:\\Users\\hask777\\Desktop\\projects\\PHP\\laravel10-api-passport\\vendor\\laravel\\framework\\src\\Illuminate\\Pipeline\\Pipeline.php(144): Illuminate\\Foundation\\Http\\Kernel->Illuminate\\Foundation\\Http\\{closure}()
#36 C:\\Users\\hask777\\Desktop\\projects\\PHP\\laravel10-api-passport\\vendor\\laravel\\framework\\src\\Illuminate\\Foundation\\Http\\Middleware\\TransformsRequest.php(21): Illuminate\\Pipeline\\Pipeline->Illuminate\\Pipeline\\{closure}()
#37 C:\\Users\\hask777\\Desktop\\projects\\PHP\\laravel10-api-passport\\vendor\\laravel\\framework\\src\\Illuminate\\Foundation\\Http\\Middleware\\ConvertEmptyStringsToNull.php(31): Illuminate\\Foundation\\Http\\Middleware\\TransformsRequest->handle()
#38 C:\\Users\\hask777\\Desktop\\projects\\PHP\\laravel10-api-passport\\vendor\\laravel\\framework\\src\\Illuminate\\Pipeline\\Pipeline.php(183): Illuminate\\Foundation\\Http\\Middleware\\ConvertEmptyStringsToNull->handle()
#39 C:\\Users\\hask777\\Desktop\\projects\\PHP\\laravel10-api-passport\\vendor\\laravel\\framework\\src\\Illuminate\\Foundation\\Http\\Middleware\\TransformsRequest.php(21): Illuminate\\Pipeline\\Pipeline->Illuminate\\Pipeline\\{closure}()
#40 C:\\Users\\hask777\\Desktop\\projects\\PHP\\laravel10-api-passport\\vendor\\laravel\\framework\\src\\Illuminate\\Foundation\\Http\\Middleware\\TrimStrings.php(40): Illuminate\\Foundation\\Http\\Middleware\\TransformsRequest->handle()
#41 C:\\Users\\hask777\\Desktop\\projects\\PHP\\laravel10-api-passport\\vendor\\laravel\\framework\\src\\Illuminate\\Pipeline\\Pipeline.php(183): Illuminate\\Foundation\\Http\\Middleware\\TrimStrings->handle()
#42 C:\\Users\\hask777\\Desktop\\projects\\PHP\\laravel10-api-passport\\vendor\\laravel\\framework\\src\\Illuminate\\Foundation\\Http\\Middleware\\ValidatePostSize.php(27): Illuminate\\Pipeline\\Pipeline->Illuminate\\Pipeline\\{closure}()
#43 C:\\Users\\hask777\\Desktop\\projects\\PHP\\laravel10-api-passport\\vendor\\laravel\\framework\\src\\Illuminate\\Pipeline\\Pipeline.php(183): Illuminate\\Foundation\\Http\\Middleware\\ValidatePostSize->handle()
#44 C:\\Users\\hask777\\Desktop\\projects\\PHP\\laravel10-api-passport\\vendor\\laravel\\framework\\src\\Illuminate\\Foundation\\Http\\Middleware\\PreventRequestsDuringMaintenance.php(99): Illuminate\\Pipeline\\Pipeline->Illuminate\\Pipeline\\{closure}()
#45 C:\\Users\\hask777\\Desktop\\projects\\PHP\\laravel10-api-passport\\vendor\\laravel\\framework\\src\\Illuminate\\Pipeline\\Pipeline.php(183): Illuminate\\Foundation\\Http\\Middleware\\PreventRequestsDuringMaintenance->handle()
#46 C:\\Users\\hask777\\Desktop\\projects\\PHP\\laravel10-api-passport\\vendor\\laravel\\framework\\src\\Illuminate\\Http\\Middleware\\HandleCors.php(62): Illuminate\\Pipeline\\Pipeline->Illuminate\\Pipeline\\{closure}()
#47 C:\\Users\\hask777\\Desktop\\projects\\PHP\\laravel10-api-passport\\vendor\\laravel\\framework\\src\\Illuminate\\Pipeline\\Pipeline.php(183): Illuminate\\Http\\Middleware\\HandleCors->handle()
#48 C:\\Users\\hask777\\Desktop\\projects\\PHP\\laravel10-api-passport\\vendor\\laravel\\framework\\src\\Illuminate\\Http\\Middleware\\TrustProxies.php(39): Illuminate\\Pipeline\\Pipeline->Illuminate\\Pipeline\\{closure}()
#49 C:\\Users\\hask777\\Desktop\\projects\\PHP\\laravel10-api-passport\\vendor\\laravel\\framework\\src\\Illuminate\\Pipeline\\Pipeline.php(183): Illuminate\\Http\\Middleware\\TrustProxies->handle()
#50 C:\\Users\\hask777\\Desktop\\projects\\PHP\\laravel10-api-passport\\vendor\\laravel\\framework\\src\\Illuminate\\Pipeline\\Pipeline.php(119): Illuminate\\Pipeline\\Pipeline->Illuminate\\Pipeline\\{closure}()
#51 C:\\Users\\hask777\\Desktop\\projects\\PHP\\laravel10-api-passport\\vendor\\laravel\\framework\\src\\Illuminate\\Foundation\\Http\\Kernel.php(175): Illuminate\\Pipeline\\Pipeline->then()
#52 C:\\Users\\hask777\\Desktop\\projects\\PHP\\laravel10-api-passport\\vendor\\laravel\\framework\\src\\Illuminate\\Foundation\\Http\\Kernel.php(144): Illuminate\\Foundation\\Http\\Kernel->sendRequestThroughRouter()
#53 C:\\Users\\hask777\\Desktop\\projects\\PHP\\laravel10-api-passport\\public\\index.php(51): Illuminate\\Foundation\\Http\\Kernel->handle()
#54 C:\\Users\\hask777\\Desktop\\projects\\PHP\\laravel10-api-passport\\vendor\\laravel\\framework\\src\\Illuminate\\Foundation\\resources\\server.php(16): require_once('...')
#55 {main}
"} 
[2025-03-16 16:56:49] local.ERROR: Typed property App\Modules\Admin\User\Models\User::$roles must not be accessed before initialization {"userId":1,"exception":"[object] (Error(code: 0): Typed property App\\Modules\\Admin\\User\\Models\\User::$roles must not be accessed before initialization at C:\\Users\\hask777\\Desktop\\projects\\PHP\\laravel10-api-passport\\app\\Modules\\Admin\\Role\\Models\\Traits\\UserRoles.php:65)
[stacktrace]
#0 C:\\Users\\hask777\\Desktop\\projects\\PHP\\laravel10-api-passport\\app\\Modules\\Admin\\Role\\Models\\Traits\\UserRoles.php(76): App\\Modules\\Admin\\User\\Models\\User->getRoles()
#1 C:\\Users\\hask777\\Desktop\\projects\\PHP\\laravel10-api-passport\\app\\Modules\\Admin\\Menu\\Models\\Menu.php(28): App\\Modules\\Admin\\User\\Models\\User->getMergedPermissions()
#2 C:\\Users\\hask777\\Desktop\\projects\\PHP\\laravel10-api-passport\\vendor\\laravel\\framework\\src\\Illuminate\\Database\\Eloquent\\Builder.php(1396): App\\Modules\\Admin\\Menu\\Models\\Menu->App\\Modules\\Admin\\Menu\\Models\\{closure}()
#3 C:\\Users\\hask777\\Desktop\\projects\\PHP\\laravel10-api-passport\\vendor\\laravel\\framework\\src\\Illuminate\\Database\\Eloquent\\Concerns\\QueriesRelationships.php(61): Illuminate\\Database\\Eloquent\\Builder->callScope()
#4 C:\\Users\\hask777\\Desktop\\projects\\PHP\\laravel10-api-passport\\vendor\\laravel\\framework\\src\\Illuminate\\Database\\Eloquent\\Concerns\\QueriesRelationships.php(152): Illuminate\\Database\\Eloquent\\Builder->has()
#5 C:\\Users\\hask777\\Desktop\\projects\\PHP\\laravel10-api-passport\\app\\Modules\\Admin\\Menu\\Models\\Menu.php(27): Illuminate\\Database\\Eloquent\\Builder->whereHas()
#6 C:\\Users\\hask777\\Desktop\\projects\\PHP\\laravel10-api-passport\\vendor\\laravel\\framework\\src\\Illuminate\\Database\\Eloquent\\Model.php(1627): App\\Modules\\Admin\\Menu\\Models\\Menu->scopeFrontMenu()
#7 C:\\Users\\hask777\\Desktop\\projects\\PHP\\laravel10-api-passport\\vendor\\laravel\\framework\\src\\Illuminate\\Database\\Eloquent\\Builder.php(1415): Illuminate\\Database\\Eloquent\\Model->callNamedScope()
#8 C:\\Users\\hask777\\Desktop\\projects\\PHP\\laravel10-api-passport\\vendor\\laravel\\framework\\src\\Illuminate\\Database\\Eloquent\\Builder.php(1396): Illuminate\\Database\\Eloquent\\Builder->Illuminate\\Database\\Eloquent\\{closure}()
#9 C:\\Users\\hask777\\Desktop\\projects\\PHP\\laravel10-api-passport\\vendor\\laravel\\framework\\src\\Illuminate\\Database\\Eloquent\\Builder.php(1414): Illuminate\\Database\\Eloquent\\Builder->callScope()
#10 C:\\Users\\hask777\\Desktop\\projects\\PHP\\laravel10-api-passport\\vendor\\laravel\\framework\\src\\Illuminate\\Database\\Eloquent\\Builder.php(1978): Illuminate\\Database\\Eloquent\\Builder->callNamedScope()
#11 C:\\Users\\hask777\\Desktop\\projects\\PHP\\laravel10-api-passport\\vendor\\laravel\\framework\\src\\Illuminate\\Support\\Traits\\ForwardsCalls.php(23): Illuminate\\Database\\Eloquent\\Builder->__call()
#12 C:\\Users\\hask777\\Desktop\\projects\\PHP\\laravel10-api-passport\\vendor\\laravel\\framework\\src\\Illuminate\\Database\\Eloquent\\Model.php(2335): Illuminate\\Database\\Eloquent\\Model->forwardCallTo()
#13 C:\\Users\\hask777\\Desktop\\projects\\PHP\\laravel10-api-passport\\vendor\\laravel\\framework\\src\\Illuminate\\Database\\Eloquent\\Model.php(2347): Illuminate\\Database\\Eloquent\\Model->__call()
#14 C:\\Users\\hask777\\Desktop\\projects\\PHP\\laravel10-api-passport\\app\\Modules\\Admin\\Menu\\Controllers\\Api\\MenuController.php(23): Illuminate\\Database\\Eloquent\\Model::__callStatic()
#15 C:\\Users\\hask777\\Desktop\\projects\\PHP\\laravel10-api-passport\\vendor\\laravel\\framework\\src\\Illuminate\\Routing\\Controller.php(54): App\\Modules\\Admin\\Menu\\Controllers\\Api\\MenuController->index()
#16 C:\\Users\\hask777\\Desktop\\projects\\PHP\\laravel10-api-passport\\vendor\\laravel\\framework\\src\\Illuminate\\Routing\\ControllerDispatcher.php(43): Illuminate\\Routing\\Controller->callAction()
#17 C:\\Users\\hask777\\Desktop\\projects\\PHP\\laravel10-api-passport\\vendor\\laravel\\framework\\src\\Illuminate\\Routing\\Route.php(259): Illuminate\\Routing\\ControllerDispatcher->dispatch()
#18 C:\\Users\\hask777\\Desktop\\projects\\PHP\\laravel10-api-passport\\vendor\\laravel\\framework\\src\\Illuminate\\Routing\\Route.php(205): Illuminate\\Routing\\Route->runController()
#19 C:\\Users\\hask777\\Desktop\\projects\\PHP\\laravel10-api-passport\\vendor\\laravel\\framework\\src\\Illuminate\\Routing\\Router.php(806): Illuminate\\Routing\\Route->run()
#20 C:\\Users\\hask777\\Desktop\\projects\\PHP\\laravel10-api-passport\\vendor\\laravel\\framework\\src\\Illuminate\\Pipeline\\Pipeline.php(144): Illuminate\\Routing\\Router->Illuminate\\Routing\\{closure}()
#21 C:\\Users\\hask777\\Desktop\\projects\\PHP\\laravel10-api-passport\\vendor\\laravel\\framework\\src\\Illuminate\\Routing\\Middleware\\SubstituteBindings.php(50): Illuminate\\Pipeline\\Pipeline->Illuminate\\Pipeline\\{closure}()
#22 C:\\Users\\hask777\\Desktop\\projects\\PHP\\laravel10-api-passport\\vendor\\laravel\\framework\\src\\Illuminate\\Pipeline\\Pipeline.php(183): Illuminate\\Routing\\Middleware\\SubstituteBindings->handle()
#23 C:\\Users\\hask777\\Desktop\\projects\\PHP\\laravel10-api-passport\\vendor\\laravel\\framework\\src\\Illuminate\\Routing\\Middleware\\ThrottleRequests.php(159): Illuminate\\Pipeline\\Pipeline->Illuminate\\Pipeline\\{closure}()
#24 C:\\Users\\hask777\\Desktop\\projects\\PHP\\laravel10-api-passport\\vendor\\laravel\\framework\\src\\Illuminate\\Routing\\Middleware\\ThrottleRequests.php(125): Illuminate\\Routing\\Middleware\\ThrottleRequests->handleRequest()
#25 C:\\Users\\hask777\\Desktop\\projects\\PHP\\laravel10-api-passport\\vendor\\laravel\\framework\\src\\Illuminate\\Routing\\Middleware\\ThrottleRequests.php(87): Illuminate\\Routing\\Middleware\\ThrottleRequests->handleRequestUsingNamedLimiter()
#26 C:\\Users\\hask777\\Desktop\\projects\\PHP\\laravel10-api-passport\\vendor\\laravel\\framework\\src\\Illuminate\\Pipeline\\Pipeline.php(183): Illuminate\\Routing\\Middleware\\ThrottleRequests->handle()
#27 C:\\Users\\hask777\\Desktop\\projects\\PHP\\laravel10-api-passport\\vendor\\laravel\\framework\\src\\Illuminate\\Auth\\Middleware\\Authenticate.php(57): Illuminate\\Pipeline\\Pipeline->Illuminate\\Pipeline\\{closure}()
#28 C:\\Users\\hask777\\Desktop\\projects\\PHP\\laravel10-api-passport\\vendor\\laravel\\framework\\src\\Illuminate\\Pipeline\\Pipeline.php(183): Illuminate\\Auth\\Middleware\\Authenticate->handle()
#29 C:\\Users\\hask777\\Desktop\\projects\\PHP\\laravel10-api-passport\\vendor\\laravel\\framework\\src\\Illuminate\\Pipeline\\Pipeline.php(119): Illuminate\\Pipeline\\Pipeline->Illuminate\\Pipeline\\{closure}()
#30 C:\\Users\\hask777\\Desktop\\projects\\PHP\\laravel10-api-passport\\vendor\\laravel\\framework\\src\\Illuminate\\Routing\\Router.php(805): Illuminate\\Pipeline\\Pipeline->then()
#31 C:\\Users\\hask777\\Desktop\\projects\\PHP\\laravel10-api-passport\\vendor\\laravel\\framework\\src\\Illuminate\\Routing\\Router.php(784): Illuminate\\Routing\\Router->runRouteWithinStack()
#32 C:\\Users\\hask777\\Desktop\\projects\\PHP\\laravel10-api-passport\\vendor\\laravel\\framework\\src\\Illuminate\\Routing\\Router.php(748): Illuminate\\Routing\\Router->runRoute()
#33 C:\\Users\\hask777\\Desktop\\projects\\PHP\\laravel10-api-passport\\vendor\\laravel\\framework\\src\\Illuminate\\Routing\\Router.php(737): Illuminate\\Routing\\Router->dispatchToRoute()
#34 C:\\Users\\hask777\\Desktop\\projects\\PHP\\laravel10-api-passport\\vendor\\laravel\\framework\\src\\Illuminate\\Foundation\\Http\\Kernel.php(200): Illuminate\\Routing\\Router->dispatch()
#35 C:\\Users\\hask777\\Desktop\\projects\\PHP\\laravel10-api-passport\\vendor\\laravel\\framework\\src\\Illuminate\\Pipeline\\Pipeline.php(144): Illuminate\\Foundation\\Http\\Kernel->Illuminate\\Foundation\\Http\\{closure}()
#36 C:\\Users\\hask777\\Desktop\\projects\\PHP\\laravel10-api-passport\\vendor\\laravel\\framework\\src\\Illuminate\\Foundation\\Http\\Middleware\\TransformsRequest.php(21): Illuminate\\Pipeline\\Pipeline->Illuminate\\Pipeline\\{closure}()
#37 C:\\Users\\hask777\\Desktop\\projects\\PHP\\laravel10-api-passport\\vendor\\laravel\\framework\\src\\Illuminate\\Foundation\\Http\\Middleware\\ConvertEmptyStringsToNull.php(31): Illuminate\\Foundation\\Http\\Middleware\\TransformsRequest->handle()
#38 C:\\Users\\hask777\\Desktop\\projects\\PHP\\laravel10-api-passport\\vendor\\laravel\\framework\\src\\Illuminate\\Pipeline\\Pipeline.php(183): Illuminate\\Foundation\\Http\\Middleware\\ConvertEmptyStringsToNull->handle()
#39 C:\\Users\\hask777\\Desktop\\projects\\PHP\\laravel10-api-passport\\vendor\\laravel\\framework\\src\\Illuminate\\Foundation\\Http\\Middleware\\TransformsRequest.php(21): Illuminate\\Pipeline\\Pipeline->Illuminate\\Pipeline\\{closure}()
#40 C:\\Users\\hask777\\Desktop\\projects\\PHP\\laravel10-api-passport\\vendor\\laravel\\framework\\src\\Illuminate\\Foundation\\Http\\Middleware\\TrimStrings.php(40): Illuminate\\Foundation\\Http\\Middleware\\TransformsRequest->handle()
#41 C:\\Users\\hask777\\Desktop\\projects\\PHP\\laravel10-api-passport\\vendor\\laravel\\framework\\src\\Illuminate\\Pipeline\\Pipeline.php(183): Illuminate\\Foundation\\Http\\Middleware\\TrimStrings->handle()
#42 C:\\Users\\hask777\\Desktop\\projects\\PHP\\laravel10-api-passport\\vendor\\laravel\\framework\\src\\Illuminate\\Foundation\\Http\\Middleware\\ValidatePostSize.php(27): Illuminate\\Pipeline\\Pipeline->Illuminate\\Pipeline\\{closure}()
#43 C:\\Users\\hask777\\Desktop\\projects\\PHP\\laravel10-api-passport\\vendor\\laravel\\framework\\src\\Illuminate\\Pipeline\\Pipeline.php(183): Illuminate\\Foundation\\Http\\Middleware\\ValidatePostSize->handle()
#44 C:\\Users\\hask777\\Desktop\\projects\\PHP\\laravel10-api-passport\\vendor\\laravel\\framework\\src\\Illuminate\\Foundation\\Http\\Middleware\\PreventRequestsDuringMaintenance.php(99): Illuminate\\Pipeline\\Pipeline->Illuminate\\Pipeline\\{closure}()
#45 C:\\Users\\hask777\\Desktop\\projects\\PHP\\laravel10-api-passport\\vendor\\laravel\\framework\\src\\Illuminate\\Pipeline\\Pipeline.php(183): Illuminate\\Foundation\\Http\\Middleware\\PreventRequestsDuringMaintenance->handle()
#46 C:\\Users\\hask777\\Desktop\\projects\\PHP\\laravel10-api-passport\\vendor\\laravel\\framework\\src\\Illuminate\\Http\\Middleware\\HandleCors.php(62): Illuminate\\Pipeline\\Pipeline->Illuminate\\Pipeline\\{closure}()
#47 C:\\Users\\hask777\\Desktop\\projects\\PHP\\laravel10-api-passport\\vendor\\laravel\\framework\\src\\Illuminate\\Pipeline\\Pipeline.php(183): Illuminate\\Http\\Middleware\\HandleCors->handle()
#48 C:\\Users\\hask777\\Desktop\\projects\\PHP\\laravel10-api-passport\\vendor\\laravel\\framework\\src\\Illuminate\\Http\\Middleware\\TrustProxies.php(39): Illuminate\\Pipeline\\Pipeline->Illuminate\\Pipeline\\{closure}()
#49 C:\\Users\\hask777\\Desktop\\projects\\PHP\\laravel10-api-passport\\vendor\\laravel\\framework\\src\\Illuminate\\Pipeline\\Pipeline.php(183): Illuminate\\Http\\Middleware\\TrustProxies->handle()
#50 C:\\Users\\hask777\\Desktop\\projects\\PHP\\laravel10-api-passport\\vendor\\laravel\\framework\\src\\Illuminate\\Pipeline\\Pipeline.php(119): Illuminate\\Pipeline\\Pipeline->Illuminate\\Pipeline\\{closure}()
#51 C:\\Users\\hask777\\Desktop\\projects\\PHP\\laravel10-api-passport\\vendor\\laravel\\framework\\src\\Illuminate\\Foundation\\Http\\Kernel.php(175): Illuminate\\Pipeline\\Pipeline->then()
#52 C:\\Users\\hask777\\Desktop\\projects\\PHP\\laravel10-api-passport\\vendor\\laravel\\framework\\src\\Illuminate\\Foundation\\Http\\Kernel.php(144): Illuminate\\Foundation\\Http\\Kernel->sendRequestThroughRouter()
#53 C:\\Users\\hask777\\Desktop\\projects\\PHP\\laravel10-api-passport\\public\\index.php(51): Illuminate\\Foundation\\Http\\Kernel->handle()
#54 C:\\Users\\hask777\\Desktop\\projects\\PHP\\laravel10-api-passport\\vendor\\laravel\\framework\\src\\Illuminate\\Foundation\\resources\\server.php(16): require_once('...')
#55 {main}
"} 
[2025-03-16 17:07:37] local.ERROR: Call to a member function toArray() on null {"userId":1,"exception":"[object] (Error(code: 0): Call to a member function toArray() on null at C:\\Users\\hask777\\Desktop\\projects\\PHP\\laravel10-api-passport\\app\\Modules\\Admin\\Role\\Models\\Traits\\UserRoles.php:77)
[stacktrace]
#0 C:\\Users\\hask777\\Desktop\\projects\\PHP\\laravel10-api-passport\\app\\Modules\\Admin\\Menu\\Models\\Menu.php(29): App\\Modules\\Admin\\User\\Models\\User->getMergedPermissions()
#1 C:\\Users\\hask777\\Desktop\\projects\\PHP\\laravel10-api-passport\\vendor\\laravel\\framework\\src\\Illuminate\\Database\\Eloquent\\Builder.php(1396): App\\Modules\\Admin\\Menu\\Models\\Menu->App\\Modules\\Admin\\Menu\\Models\\{closure}()
#2 C:\\Users\\hask777\\Desktop\\projects\\PHP\\laravel10-api-passport\\vendor\\laravel\\framework\\src\\Illuminate\\Database\\Eloquent\\Concerns\\QueriesRelationships.php(61): Illuminate\\Database\\Eloquent\\Builder->callScope()
#3 C:\\Users\\hask777\\Desktop\\projects\\PHP\\laravel10-api-passport\\vendor\\laravel\\framework\\src\\Illuminate\\Database\\Eloquent\\Concerns\\QueriesRelationships.php(152): Illuminate\\Database\\Eloquent\\Builder->has()
#4 C:\\Users\\hask777\\Desktop\\projects\\PHP\\laravel10-api-passport\\app\\Modules\\Admin\\Menu\\Models\\Menu.php(28): Illuminate\\Database\\Eloquent\\Builder->whereHas()
#5 C:\\Users\\hask777\\Desktop\\projects\\PHP\\laravel10-api-passport\\vendor\\laravel\\framework\\src\\Illuminate\\Database\\Eloquent\\Model.php(1627): App\\Modules\\Admin\\Menu\\Models\\Menu->scopeFrontMenu()
#6 C:\\Users\\hask777\\Desktop\\projects\\PHP\\laravel10-api-passport\\vendor\\laravel\\framework\\src\\Illuminate\\Database\\Eloquent\\Builder.php(1415): Illuminate\\Database\\Eloquent\\Model->callNamedScope()
#7 C:\\Users\\hask777\\Desktop\\projects\\PHP\\laravel10-api-passport\\vendor\\laravel\\framework\\src\\Illuminate\\Database\\Eloquent\\Builder.php(1396): Illuminate\\Database\\Eloquent\\Builder->Illuminate\\Database\\Eloquent\\{closure}()
#8 C:\\Users\\hask777\\Desktop\\projects\\PHP\\laravel10-api-passport\\vendor\\laravel\\framework\\src\\Illuminate\\Database\\Eloquent\\Builder.php(1414): Illuminate\\Database\\Eloquent\\Builder->callScope()
#9 C:\\Users\\hask777\\Desktop\\projects\\PHP\\laravel10-api-passport\\vendor\\laravel\\framework\\src\\Illuminate\\Database\\Eloquent\\Builder.php(1978): Illuminate\\Database\\Eloquent\\Builder->callNamedScope()
#10 C:\\Users\\hask777\\Desktop\\projects\\PHP\\laravel10-api-passport\\vendor\\laravel\\framework\\src\\Illuminate\\Support\\Traits\\ForwardsCalls.php(23): Illuminate\\Database\\Eloquent\\Builder->__call()
#11 C:\\Users\\hask777\\Desktop\\projects\\PHP\\laravel10-api-passport\\vendor\\laravel\\framework\\src\\Illuminate\\Database\\Eloquent\\Model.php(2335): Illuminate\\Database\\Eloquent\\Model->forwardCallTo()
#12 C:\\Users\\hask777\\Desktop\\projects\\PHP\\laravel10-api-passport\\vendor\\laravel\\framework\\src\\Illuminate\\Database\\Eloquent\\Model.php(2347): Illuminate\\Database\\Eloquent\\Model->__call()
#13 C:\\Users\\hask777\\Desktop\\projects\\PHP\\laravel10-api-passport\\app\\Modules\\Admin\\Menu\\Controllers\\Api\\MenuController.php(23): Illuminate\\Database\\Eloquent\\Model::__callStatic()
#14 C:\\Users\\hask777\\Desktop\\projects\\PHP\\laravel10-api-passport\\vendor\\laravel\\framework\\src\\Illuminate\\Routing\\Controller.php(54): App\\Modules\\Admin\\Menu\\Controllers\\Api\\MenuController->index()
#15 C:\\Users\\hask777\\Desktop\\projects\\PHP\\laravel10-api-passport\\vendor\\laravel\\framework\\src\\Illuminate\\Routing\\ControllerDispatcher.php(43): Illuminate\\Routing\\Controller->callAction()
#16 C:\\Users\\hask777\\Desktop\\projects\\PHP\\laravel10-api-passport\\vendor\\laravel\\framework\\src\\Illuminate\\Routing\\Route.php(259): Illuminate\\Routing\\ControllerDispatcher->dispatch()
#17 C:\\Users\\hask777\\Desktop\\projects\\PHP\\laravel10-api-passport\\vendor\\laravel\\framework\\src\\Illuminate\\Routing\\Route.php(205): Illuminate\\Routing\\Route->runController()
#18 C:\\Users\\hask777\\Desktop\\projects\\PHP\\laravel10-api-passport\\vendor\\laravel\\framework\\src\\Illuminate\\Routing\\Router.php(806): Illuminate\\Routing\\Route->run()
#19 C:\\Users\\hask777\\Desktop\\projects\\PHP\\laravel10-api-passport\\vendor\\laravel\\framework\\src\\Illuminate\\Pipeline\\Pipeline.php(144): Illuminate\\Routing\\Router->Illuminate\\Routing\\{closure}()
#20 C:\\Users\\hask777\\Desktop\\projects\\PHP\\laravel10-api-passport\\vendor\\laravel\\framework\\src\\Illuminate\\Routing\\Middleware\\SubstituteBindings.php(50): Illuminate\\Pipeline\\Pipeline->Illuminate\\Pipeline\\{closure}()
#21 C:\\Users\\hask777\\Desktop\\projects\\PHP\\laravel10-api-passport\\vendor\\laravel\\framework\\src\\Illuminate\\Pipeline\\Pipeline.php(183): Illuminate\\Routing\\Middleware\\SubstituteBindings->handle()
#22 C:\\Users\\hask777\\Desktop\\projects\\PHP\\laravel10-api-passport\\vendor\\laravel\\framework\\src\\Illuminate\\Routing\\Middleware\\ThrottleRequests.php(159): Illuminate\\Pipeline\\Pipeline->Illuminate\\Pipeline\\{closure}()
#23 C:\\Users\\hask777\\Desktop\\projects\\PHP\\laravel10-api-passport\\vendor\\laravel\\framework\\src\\Illuminate\\Routing\\Middleware\\ThrottleRequests.php(125): Illuminate\\Routing\\Middleware\\ThrottleRequests->handleRequest()
#24 C:\\Users\\hask777\\Desktop\\projects\\PHP\\laravel10-api-passport\\vendor\\laravel\\framework\\src\\Illuminate\\Routing\\Middleware\\ThrottleRequests.php(87): Illuminate\\Routing\\Middleware\\ThrottleRequests->handleRequestUsingNamedLimiter()
#25 C:\\Users\\hask777\\Desktop\\projects\\PHP\\laravel10-api-passport\\vendor\\laravel\\framework\\src\\Illuminate\\Pipeline\\Pipeline.php(183): Illuminate\\Routing\\Middleware\\ThrottleRequests->handle()
#26 C:\\Users\\hask777\\Desktop\\projects\\PHP\\laravel10-api-passport\\vendor\\laravel\\framework\\src\\Illuminate\\Auth\\Middleware\\Authenticate.php(57): Illuminate\\Pipeline\\Pipeline->Illuminate\\Pipeline\\{closure}()
#27 C:\\Users\\hask777\\Desktop\\projects\\PHP\\laravel10-api-passport\\vendor\\laravel\\framework\\src\\Illuminate\\Pipeline\\Pipeline.php(183): Illuminate\\Auth\\Middleware\\Authenticate->handle()
#28 C:\\Users\\hask777\\Desktop\\projects\\PHP\\laravel10-api-passport\\vendor\\laravel\\framework\\src\\Illuminate\\Pipeline\\Pipeline.php(119): Illuminate\\Pipeline\\Pipeline->Illuminate\\Pipeline\\{closure}()
#29 C:\\Users\\hask777\\Desktop\\projects\\PHP\\laravel10-api-passport\\vendor\\laravel\\framework\\src\\Illuminate\\Routing\\Router.php(805): Illuminate\\Pipeline\\Pipeline->then()
#30 C:\\Users\\hask777\\Desktop\\projects\\PHP\\laravel10-api-passport\\vendor\\laravel\\framework\\src\\Illuminate\\Routing\\Router.php(784): Illuminate\\Routing\\Router->runRouteWithinStack()
#31 C:\\Users\\hask777\\Desktop\\projects\\PHP\\laravel10-api-passport\\vendor\\laravel\\framework\\src\\Illuminate\\Routing\\Router.php(748): Illuminate\\Routing\\Router->runRoute()
#32 C:\\Users\\hask777\\Desktop\\projects\\PHP\\laravel10-api-passport\\vendor\\laravel\\framework\\src\\Illuminate\\Routing\\Router.php(737): Illuminate\\Routing\\Router->dispatchToRoute()
#33 C:\\Users\\hask777\\Desktop\\projects\\PHP\\laravel10-api-passport\\vendor\\laravel\\framework\\src\\Illuminate\\Foundation\\Http\\Kernel.php(200): Illuminate\\Routing\\Router->dispatch()
#34 C:\\Users\\hask777\\Desktop\\projects\\PHP\\laravel10-api-passport\\vendor\\laravel\\framework\\src\\Illuminate\\Pipeline\\Pipeline.php(144): Illuminate\\Foundation\\Http\\Kernel->Illuminate\\Foundation\\Http\\{closure}()
#35 C:\\Users\\hask777\\Desktop\\projects\\PHP\\laravel10-api-passport\\vendor\\laravel\\framework\\src\\Illuminate\\Foundation\\Http\\Middleware\\TransformsRequest.php(21): Illuminate\\Pipeline\\Pipeline->Illuminate\\Pipeline\\{closure}()
#36 C:\\Users\\hask777\\Desktop\\projects\\PHP\\laravel10-api-passport\\vendor\\laravel\\framework\\src\\Illuminate\\Foundation\\Http\\Middleware\\ConvertEmptyStringsToNull.php(31): Illuminate\\Foundation\\Http\\Middleware\\TransformsRequest->handle()
#37 C:\\Users\\hask777\\Desktop\\projects\\PHP\\laravel10-api-passport\\vendor\\laravel\\framework\\src\\Illuminate\\Pipeline\\Pipeline.php(183): Illuminate\\Foundation\\Http\\Middleware\\ConvertEmptyStringsToNull->handle()
#38 C:\\Users\\hask777\\Desktop\\projects\\PHP\\laravel10-api-passport\\vendor\\laravel\\framework\\src\\Illuminate\\Foundation\\Http\\Middleware\\TransformsRequest.php(21): Illuminate\\Pipeline\\Pipeline->Illuminate\\Pipeline\\{closure}()
#39 C:\\Users\\hask777\\Desktop\\projects\\PHP\\laravel10-api-passport\\vendor\\laravel\\framework\\src\\Illuminate\\Foundation\\Http\\Middleware\\TrimStrings.php(40): Illuminate\\Foundation\\Http\\Middleware\\TransformsRequest->handle()
#40 C:\\Users\\hask777\\Desktop\\projects\\PHP\\laravel10-api-passport\\vendor\\laravel\\framework\\src\\Illuminate\\Pipeline\\Pipeline.php(183): Illuminate\\Foundation\\Http\\Middleware\\TrimStrings->handle()
#41 C:\\Users\\hask777\\Desktop\\projects\\PHP\\laravel10-api-passport\\vendor\\laravel\\framework\\src\\Illuminate\\Foundation\\Http\\Middleware\\ValidatePostSize.php(27): Illuminate\\Pipeline\\Pipeline->Illuminate\\Pipeline\\{closure}()
#42 C:\\Users\\hask777\\Desktop\\projects\\PHP\\laravel10-api-passport\\vendor\\laravel\\framework\\src\\Illuminate\\Pipeline\\Pipeline.php(183): Illuminate\\Foundation\\Http\\Middleware\\ValidatePostSize->handle()
#43 C:\\Users\\hask777\\Desktop\\projects\\PHP\\laravel10-api-passport\\vendor\\laravel\\framework\\src\\Illuminate\\Foundation\\Http\\Middleware\\PreventRequestsDuringMaintenance.php(99): Illuminate\\Pipeline\\Pipeline->Illuminate\\Pipeline\\{closure}()
#44 C:\\Users\\hask777\\Desktop\\projects\\PHP\\laravel10-api-passport\\vendor\\laravel\\framework\\src\\Illuminate\\Pipeline\\Pipeline.php(183): Illuminate\\Foundation\\Http\\Middleware\\PreventRequestsDuringMaintenance->handle()
#45 C:\\Users\\hask777\\Desktop\\projects\\PHP\\laravel10-api-passport\\vendor\\laravel\\framework\\src\\Illuminate\\Http\\Middleware\\HandleCors.php(62): Illuminate\\Pipeline\\Pipeline->Illuminate\\Pipeline\\{closure}()
#46 C:\\Users\\hask777\\Desktop\\projects\\PHP\\laravel10-api-passport\\vendor\\laravel\\framework\\src\\Illuminate\\Pipeline\\Pipeline.php(183): Illuminate\\Http\\Middleware\\HandleCors->handle()
#47 C:\\Users\\hask777\\Desktop\\projects\\PHP\\laravel10-api-passport\\vendor\\laravel\\framework\\src\\Illuminate\\Http\\Middleware\\TrustProxies.php(39): Illuminate\\Pipeline\\Pipeline->Illuminate\\Pipeline\\{closure}()
#48 C:\\Users\\hask777\\Desktop\\projects\\PHP\\laravel10-api-passport\\vendor\\laravel\\framework\\src\\Illuminate\\Pipeline\\Pipeline.php(183): Illuminate\\Http\\Middleware\\TrustProxies->handle()
#49 C:\\Users\\hask777\\Desktop\\projects\\PHP\\laravel10-api-passport\\vendor\\laravel\\framework\\src\\Illuminate\\Pipeline\\Pipeline.php(119): Illuminate\\Pipeline\\Pipeline->Illuminate\\Pipeline\\{closure}()
#50 C:\\Users\\hask777\\Desktop\\projects\\PHP\\laravel10-api-passport\\vendor\\laravel\\framework\\src\\Illuminate\\Foundation\\Http\\Kernel.php(175): Illuminate\\Pipeline\\Pipeline->then()
#51 C:\\Users\\hask777\\Desktop\\projects\\PHP\\laravel10-api-passport\\vendor\\laravel\\framework\\src\\Illuminate\\Foundation\\Http\\Kernel.php(144): Illuminate\\Foundation\\Http\\Kernel->sendRequestThroughRouter()
#52 C:\\Users\\hask777\\Desktop\\projects\\PHP\\laravel10-api-passport\\public\\index.php(51): Illuminate\\Foundation\\Http\\Kernel->handle()
#53 C:\\Users\\hask777\\Desktop\\projects\\PHP\\laravel10-api-passport\\vendor\\laravel\\framework\\src\\Illuminate\\Foundation\\resources\\server.php(16): require_once('...')
#54 {main}
"} 
[2025-03-16 17:09:06] local.ERROR: Call to a member function toArray() on null {"userId":1,"exception":"[object] (Error(code: 0): Call to a member function toArray() on null at C:\\Users\\hask777\\Desktop\\projects\\PHP\\laravel10-api-passport\\app\\Modules\\Admin\\Role\\Models\\Traits\\UserRoles.php:77)
[stacktrace]
#0 C:\\Users\\hask777\\Desktop\\projects\\PHP\\laravel10-api-passport\\app\\Modules\\Admin\\Menu\\Models\\Menu.php(29): App\\Modules\\Admin\\User\\Models\\User->getMergedPermissions()
#1 C:\\Users\\hask777\\Desktop\\projects\\PHP\\laravel10-api-passport\\vendor\\laravel\\framework\\src\\Illuminate\\Database\\Eloquent\\Builder.php(1396): App\\Modules\\Admin\\Menu\\Models\\Menu->App\\Modules\\Admin\\Menu\\Models\\{closure}()
#2 C:\\Users\\hask777\\Desktop\\projects\\PHP\\laravel10-api-passport\\vendor\\laravel\\framework\\src\\Illuminate\\Database\\Eloquent\\Concerns\\QueriesRelationships.php(61): Illuminate\\Database\\Eloquent\\Builder->callScope()
#3 C:\\Users\\hask777\\Desktop\\projects\\PHP\\laravel10-api-passport\\vendor\\laravel\\framework\\src\\Illuminate\\Database\\Eloquent\\Concerns\\QueriesRelationships.php(152): Illuminate\\Database\\Eloquent\\Builder->has()
#4 C:\\Users\\hask777\\Desktop\\projects\\PHP\\laravel10-api-passport\\app\\Modules\\Admin\\Menu\\Models\\Menu.php(28): Illuminate\\Database\\Eloquent\\Builder->whereHas()
#5 C:\\Users\\hask777\\Desktop\\projects\\PHP\\laravel10-api-passport\\vendor\\laravel\\framework\\src\\Illuminate\\Database\\Eloquent\\Model.php(1627): App\\Modules\\Admin\\Menu\\Models\\Menu->scopeFrontMenu()
#6 C:\\Users\\hask777\\Desktop\\projects\\PHP\\laravel10-api-passport\\vendor\\laravel\\framework\\src\\Illuminate\\Database\\Eloquent\\Builder.php(1415): Illuminate\\Database\\Eloquent\\Model->callNamedScope()
#7 C:\\Users\\hask777\\Desktop\\projects\\PHP\\laravel10-api-passport\\vendor\\laravel\\framework\\src\\Illuminate\\Database\\Eloquent\\Builder.php(1396): Illuminate\\Database\\Eloquent\\Builder->Illuminate\\Database\\Eloquent\\{closure}()
#8 C:\\Users\\hask777\\Desktop\\projects\\PHP\\laravel10-api-passport\\vendor\\laravel\\framework\\src\\Illuminate\\Database\\Eloquent\\Builder.php(1414): Illuminate\\Database\\Eloquent\\Builder->callScope()
#9 C:\\Users\\hask777\\Desktop\\projects\\PHP\\laravel10-api-passport\\vendor\\laravel\\framework\\src\\Illuminate\\Database\\Eloquent\\Builder.php(1978): Illuminate\\Database\\Eloquent\\Builder->callNamedScope()
#10 C:\\Users\\hask777\\Desktop\\projects\\PHP\\laravel10-api-passport\\vendor\\laravel\\framework\\src\\Illuminate\\Support\\Traits\\ForwardsCalls.php(23): Illuminate\\Database\\Eloquent\\Builder->__call()
#11 C:\\Users\\hask777\\Desktop\\projects\\PHP\\laravel10-api-passport\\vendor\\laravel\\framework\\src\\Illuminate\\Database\\Eloquent\\Model.php(2335): Illuminate\\Database\\Eloquent\\Model->forwardCallTo()
#12 C:\\Users\\hask777\\Desktop\\projects\\PHP\\laravel10-api-passport\\vendor\\laravel\\framework\\src\\Illuminate\\Database\\Eloquent\\Model.php(2347): Illuminate\\Database\\Eloquent\\Model->__call()
#13 C:\\Users\\hask777\\Desktop\\projects\\PHP\\laravel10-api-passport\\app\\Modules\\Admin\\Menu\\Controllers\\Api\\MenuController.php(23): Illuminate\\Database\\Eloquent\\Model::__callStatic()
#14 C:\\Users\\hask777\\Desktop\\projects\\PHP\\laravel10-api-passport\\vendor\\laravel\\framework\\src\\Illuminate\\Routing\\Controller.php(54): App\\Modules\\Admin\\Menu\\Controllers\\Api\\MenuController->index()
#15 C:\\Users\\hask777\\Desktop\\projects\\PHP\\laravel10-api-passport\\vendor\\laravel\\framework\\src\\Illuminate\\Routing\\ControllerDispatcher.php(43): Illuminate\\Routing\\Controller->callAction()
#16 C:\\Users\\hask777\\Desktop\\projects\\PHP\\laravel10-api-passport\\vendor\\laravel\\framework\\src\\Illuminate\\Routing\\Route.php(259): Illuminate\\Routing\\ControllerDispatcher->dispatch()
#17 C:\\Users\\hask777\\Desktop\\projects\\PHP\\laravel10-api-passport\\vendor\\laravel\\framework\\src\\Illuminate\\Routing\\Route.php(205): Illuminate\\Routing\\Route->runController()
#18 C:\\Users\\hask777\\Desktop\\projects\\PHP\\laravel10-api-passport\\vendor\\laravel\\framework\\src\\Illuminate\\Routing\\Router.php(806): Illuminate\\Routing\\Route->run()
#19 C:\\Users\\hask777\\Desktop\\projects\\PHP\\laravel10-api-passport\\vendor\\laravel\\framework\\src\\Illuminate\\Pipeline\\Pipeline.php(144): Illuminate\\Routing\\Router->Illuminate\\Routing\\{closure}()
#20 C:\\Users\\hask777\\Desktop\\projects\\PHP\\laravel10-api-passport\\vendor\\laravel\\framework\\src\\Illuminate\\Routing\\Middleware\\SubstituteBindings.php(50): Illuminate\\Pipeline\\Pipeline->Illuminate\\Pipeline\\{closure}()
#21 C:\\Users\\hask777\\Desktop\\projects\\PHP\\laravel10-api-passport\\vendor\\laravel\\framework\\src\\Illuminate\\Pipeline\\Pipeline.php(183): Illuminate\\Routing\\Middleware\\SubstituteBindings->handle()
#22 C:\\Users\\hask777\\Desktop\\projects\\PHP\\laravel10-api-passport\\vendor\\laravel\\framework\\src\\Illuminate\\Routing\\Middleware\\ThrottleRequests.php(159): Illuminate\\Pipeline\\Pipeline->Illuminate\\Pipeline\\{closure}()
#23 C:\\Users\\hask777\\Desktop\\projects\\PHP\\laravel10-api-passport\\vendor\\laravel\\framework\\src\\Illuminate\\Routing\\Middleware\\ThrottleRequests.php(125): Illuminate\\Routing\\Middleware\\ThrottleRequests->handleRequest()
#24 C:\\Users\\hask777\\Desktop\\projects\\PHP\\laravel10-api-passport\\vendor\\laravel\\framework\\src\\Illuminate\\Routing\\Middleware\\ThrottleRequests.php(87): Illuminate\\Routing\\Middleware\\ThrottleRequests->handleRequestUsingNamedLimiter()
#25 C:\\Users\\hask777\\Desktop\\projects\\PHP\\laravel10-api-passport\\vendor\\laravel\\framework\\src\\Illuminate\\Pipeline\\Pipeline.php(183): Illuminate\\Routing\\Middleware\\ThrottleRequests->handle()
#26 C:\\Users\\hask777\\Desktop\\projects\\PHP\\laravel10-api-passport\\vendor\\laravel\\framework\\src\\Illuminate\\Auth\\Middleware\\Authenticate.php(57): Illuminate\\Pipeline\\Pipeline->Illuminate\\Pipeline\\{closure}()
#27 C:\\Users\\hask777\\Desktop\\projects\\PHP\\laravel10-api-passport\\vendor\\laravel\\framework\\src\\Illuminate\\Pipeline\\Pipeline.php(183): Illuminate\\Auth\\Middleware\\Authenticate->handle()
#28 C:\\Users\\hask777\\Desktop\\projects\\PHP\\laravel10-api-passport\\vendor\\laravel\\framework\\src\\Illuminate\\Pipeline\\Pipeline.php(119): Illuminate\\Pipeline\\Pipeline->Illuminate\\Pipeline\\{closure}()
#29 C:\\Users\\hask777\\Desktop\\projects\\PHP\\laravel10-api-passport\\vendor\\laravel\\framework\\src\\Illuminate\\Routing\\Router.php(805): Illuminate\\Pipeline\\Pipeline->then()
#30 C:\\Users\\hask777\\Desktop\\projects\\PHP\\laravel10-api-passport\\vendor\\laravel\\framework\\src\\Illuminate\\Routing\\Router.php(784): Illuminate\\Routing\\Router->runRouteWithinStack()
#31 C:\\Users\\hask777\\Desktop\\projects\\PHP\\laravel10-api-passport\\vendor\\laravel\\framework\\src\\Illuminate\\Routing\\Router.php(748): Illuminate\\Routing\\Router->runRoute()
#32 C:\\Users\\hask777\\Desktop\\projects\\PHP\\laravel10-api-passport\\vendor\\laravel\\framework\\src\\Illuminate\\Routing\\Router.php(737): Illuminate\\Routing\\Router->dispatchToRoute()
#33 C:\\Users\\hask777\\Desktop\\projects\\PHP\\laravel10-api-passport\\vendor\\laravel\\framework\\src\\Illuminate\\Foundation\\Http\\Kernel.php(200): Illuminate\\Routing\\Router->dispatch()
#34 C:\\Users\\hask777\\Desktop\\projects\\PHP\\laravel10-api-passport\\vendor\\laravel\\framework\\src\\Illuminate\\Pipeline\\Pipeline.php(144): Illuminate\\Foundation\\Http\\Kernel->Illuminate\\Foundation\\Http\\{closure}()
#35 C:\\Users\\hask777\\Desktop\\projects\\PHP\\laravel10-api-passport\\vendor\\laravel\\framework\\src\\Illuminate\\Foundation\\Http\\Middleware\\TransformsRequest.php(21): Illuminate\\Pipeline\\Pipeline->Illuminate\\Pipeline\\{closure}()
#36 C:\\Users\\hask777\\Desktop\\projects\\PHP\\laravel10-api-passport\\vendor\\laravel\\framework\\src\\Illuminate\\Foundation\\Http\\Middleware\\ConvertEmptyStringsToNull.php(31): Illuminate\\Foundation\\Http\\Middleware\\TransformsRequest->handle()
#37 C:\\Users\\hask777\\Desktop\\projects\\PHP\\laravel10-api-passport\\vendor\\laravel\\framework\\src\\Illuminate\\Pipeline\\Pipeline.php(183): Illuminate\\Foundation\\Http\\Middleware\\ConvertEmptyStringsToNull->handle()
#38 C:\\Users\\hask777\\Desktop\\projects\\PHP\\laravel10-api-passport\\vendor\\laravel\\framework\\src\\Illuminate\\Foundation\\Http\\Middleware\\TransformsRequest.php(21): Illuminate\\Pipeline\\Pipeline->Illuminate\\Pipeline\\{closure}()
#39 C:\\Users\\hask777\\Desktop\\projects\\PHP\\laravel10-api-passport\\vendor\\laravel\\framework\\src\\Illuminate\\Foundation\\Http\\Middleware\\TrimStrings.php(40): Illuminate\\Foundation\\Http\\Middleware\\TransformsRequest->handle()
#40 C:\\Users\\hask777\\Desktop\\projects\\PHP\\laravel10-api-passport\\vendor\\laravel\\framework\\src\\Illuminate\\Pipeline\\Pipeline.php(183): Illuminate\\Foundation\\Http\\Middleware\\TrimStrings->handle()
#41 C:\\Users\\hask777\\Desktop\\projects\\PHP\\laravel10-api-passport\\vendor\\laravel\\framework\\src\\Illuminate\\Foundation\\Http\\Middleware\\ValidatePostSize.php(27): Illuminate\\Pipeline\\Pipeline->Illuminate\\Pipeline\\{closure}()
#42 C:\\Users\\hask777\\Desktop\\projects\\PHP\\laravel10-api-passport\\vendor\\laravel\\framework\\src\\Illuminate\\Pipeline\\Pipeline.php(183): Illuminate\\Foundation\\Http\\Middleware\\ValidatePostSize->handle()
#43 C:\\Users\\hask777\\Desktop\\projects\\PHP\\laravel10-api-passport\\vendor\\laravel\\framework\\src\\Illuminate\\Foundation\\Http\\Middleware\\PreventRequestsDuringMaintenance.php(99): Illuminate\\Pipeline\\Pipeline->Illuminate\\Pipeline\\{closure}()
#44 C:\\Users\\hask777\\Desktop\\projects\\PHP\\laravel10-api-passport\\vendor\\laravel\\framework\\src\\Illuminate\\Pipeline\\Pipeline.php(183): Illuminate\\Foundation\\Http\\Middleware\\PreventRequestsDuringMaintenance->handle()
#45 C:\\Users\\hask777\\Desktop\\projects\\PHP\\laravel10-api-passport\\vendor\\laravel\\framework\\src\\Illuminate\\Http\\Middleware\\HandleCors.php(62): Illuminate\\Pipeline\\Pipeline->Illuminate\\Pipeline\\{closure}()
#46 C:\\Users\\hask777\\Desktop\\projects\\PHP\\laravel10-api-passport\\vendor\\laravel\\framework\\src\\Illuminate\\Pipeline\\Pipeline.php(183): Illuminate\\Http\\Middleware\\HandleCors->handle()
#47 C:\\Users\\hask777\\Desktop\\projects\\PHP\\laravel10-api-passport\\vendor\\laravel\\framework\\src\\Illuminate\\Http\\Middleware\\TrustProxies.php(39): Illuminate\\Pipeline\\Pipeline->Illuminate\\Pipeline\\{closure}()
#48 C:\\Users\\hask777\\Desktop\\projects\\PHP\\laravel10-api-passport\\vendor\\laravel\\framework\\src\\Illuminate\\Pipeline\\Pipeline.php(183): Illuminate\\Http\\Middleware\\TrustProxies->handle()
#49 C:\\Users\\hask777\\Desktop\\projects\\PHP\\laravel10-api-passport\\vendor\\laravel\\framework\\src\\Illuminate\\Pipeline\\Pipeline.php(119): Illuminate\\Pipeline\\Pipeline->Illuminate\\Pipeline\\{closure}()
#50 C:\\Users\\hask777\\Desktop\\projects\\PHP\\laravel10-api-passport\\vendor\\laravel\\framework\\src\\Illuminate\\Foundation\\Http\\Kernel.php(175): Illuminate\\Pipeline\\Pipeline->then()
#51 C:\\Users\\hask777\\Desktop\\projects\\PHP\\laravel10-api-passport\\vendor\\laravel\\framework\\src\\Illuminate\\Foundation\\Http\\Kernel.php(144): Illuminate\\Foundation\\Http\\Kernel->sendRequestThroughRouter()
#52 C:\\Users\\hask777\\Desktop\\projects\\PHP\\laravel10-api-passport\\public\\index.php(51): Illuminate\\Foundation\\Http\\Kernel->handle()
#53 C:\\Users\\hask777\\Desktop\\projects\\PHP\\laravel10-api-passport\\vendor\\laravel\\framework\\src\\Illuminate\\Foundation\\resources\\server.php(16): require_once('...')
#54 {main}
"} 
[2025-03-16 17:09:53] local.ERROR: Call to a member function toArray() on null {"userId":1,"exception":"[object] (Error(code: 0): Call to a member function toArray() on null at C:\\Users\\hask777\\Desktop\\projects\\PHP\\laravel10-api-passport\\app\\Modules\\Admin\\Role\\Models\\Traits\\UserRoles.php:71)
[stacktrace]
#0 C:\\Users\\hask777\\Desktop\\projects\\PHP\\laravel10-api-passport\\app\\Modules\\Admin\\Menu\\Models\\Menu.php(29): App\\Modules\\Admin\\User\\Models\\User->getMergedPermissions()
#1 C:\\Users\\hask777\\Desktop\\projects\\PHP\\laravel10-api-passport\\vendor\\laravel\\framework\\src\\Illuminate\\Database\\Eloquent\\Builder.php(1396): App\\Modules\\Admin\\Menu\\Models\\Menu->App\\Modules\\Admin\\Menu\\Models\\{closure}()
#2 C:\\Users\\hask777\\Desktop\\projects\\PHP\\laravel10-api-passport\\vendor\\laravel\\framework\\src\\Illuminate\\Database\\Eloquent\\Concerns\\QueriesRelationships.php(61): Illuminate\\Database\\Eloquent\\Builder->callScope()
#3 C:\\Users\\hask777\\Desktop\\projects\\PHP\\laravel10-api-passport\\vendor\\laravel\\framework\\src\\Illuminate\\Database\\Eloquent\\Concerns\\QueriesRelationships.php(152): Illuminate\\Database\\Eloquent\\Builder->has()
#4 C:\\Users\\hask777\\Desktop\\projects\\PHP\\laravel10-api-passport\\app\\Modules\\Admin\\Menu\\Models\\Menu.php(28): Illuminate\\Database\\Eloquent\\Builder->whereHas()
#5 C:\\Users\\hask777\\Desktop\\projects\\PHP\\laravel10-api-passport\\vendor\\laravel\\framework\\src\\Illuminate\\Database\\Eloquent\\Model.php(1627): App\\Modules\\Admin\\Menu\\Models\\Menu->scopeFrontMenu()
#6 C:\\Users\\hask777\\Desktop\\projects\\PHP\\laravel10-api-passport\\vendor\\laravel\\framework\\src\\Illuminate\\Database\\Eloquent\\Builder.php(1415): Illuminate\\Database\\Eloquent\\Model->callNamedScope()
#7 C:\\Users\\hask777\\Desktop\\projects\\PHP\\laravel10-api-passport\\vendor\\laravel\\framework\\src\\Illuminate\\Database\\Eloquent\\Builder.php(1396): Illuminate\\Database\\Eloquent\\Builder->Illuminate\\Database\\Eloquent\\{closure}()
#8 C:\\Users\\hask777\\Desktop\\projects\\PHP\\laravel10-api-passport\\vendor\\laravel\\framework\\src\\Illuminate\\Database\\Eloquent\\Builder.php(1414): Illuminate\\Database\\Eloquent\\Builder->callScope()
#9 C:\\Users\\hask777\\Desktop\\projects\\PHP\\laravel10-api-passport\\vendor\\laravel\\framework\\src\\Illuminate\\Database\\Eloquent\\Builder.php(1978): Illuminate\\Database\\Eloquent\\Builder->callNamedScope()
#10 C:\\Users\\hask777\\Desktop\\projects\\PHP\\laravel10-api-passport\\vendor\\laravel\\framework\\src\\Illuminate\\Support\\Traits\\ForwardsCalls.php(23): Illuminate\\Database\\Eloquent\\Builder->__call()
#11 C:\\Users\\hask777\\Desktop\\projects\\PHP\\laravel10-api-passport\\vendor\\laravel\\framework\\src\\Illuminate\\Database\\Eloquent\\Model.php(2335): Illuminate\\Database\\Eloquent\\Model->forwardCallTo()
#12 C:\\Users\\hask777\\Desktop\\projects\\PHP\\laravel10-api-passport\\vendor\\laravel\\framework\\src\\Illuminate\\Database\\Eloquent\\Model.php(2347): Illuminate\\Database\\Eloquent\\Model->__call()
#13 C:\\Users\\hask777\\Desktop\\projects\\PHP\\laravel10-api-passport\\app\\Modules\\Admin\\Menu\\Controllers\\Api\\MenuController.php(23): Illuminate\\Database\\Eloquent\\Model::__callStatic()
#14 C:\\Users\\hask777\\Desktop\\projects\\PHP\\laravel10-api-passport\\vendor\\laravel\\framework\\src\\Illuminate\\Routing\\Controller.php(54): App\\Modules\\Admin\\Menu\\Controllers\\Api\\MenuController->index()
#15 C:\\Users\\hask777\\Desktop\\projects\\PHP\\laravel10-api-passport\\vendor\\laravel\\framework\\src\\Illuminate\\Routing\\ControllerDispatcher.php(43): Illuminate\\Routing\\Controller->callAction()
#16 C:\\Users\\hask777\\Desktop\\projects\\PHP\\laravel10-api-passport\\vendor\\laravel\\framework\\src\\Illuminate\\Routing\\Route.php(259): Illuminate\\Routing\\ControllerDispatcher->dispatch()
#17 C:\\Users\\hask777\\Desktop\\projects\\PHP\\laravel10-api-passport\\vendor\\laravel\\framework\\src\\Illuminate\\Routing\\Route.php(205): Illuminate\\Routing\\Route->runController()
#18 C:\\Users\\hask777\\Desktop\\projects\\PHP\\laravel10-api-passport\\vendor\\laravel\\framework\\src\\Illuminate\\Routing\\Router.php(806): Illuminate\\Routing\\Route->run()
#19 C:\\Users\\hask777\\Desktop\\projects\\PHP\\laravel10-api-passport\\vendor\\laravel\\framework\\src\\Illuminate\\Pipeline\\Pipeline.php(144): Illuminate\\Routing\\Router->Illuminate\\Routing\\{closure}()
#20 C:\\Users\\hask777\\Desktop\\projects\\PHP\\laravel10-api-passport\\vendor\\laravel\\framework\\src\\Illuminate\\Routing\\Middleware\\SubstituteBindings.php(50): Illuminate\\Pipeline\\Pipeline->Illuminate\\Pipeline\\{closure}()
#21 C:\\Users\\hask777\\Desktop\\projects\\PHP\\laravel10-api-passport\\vendor\\laravel\\framework\\src\\Illuminate\\Pipeline\\Pipeline.php(183): Illuminate\\Routing\\Middleware\\SubstituteBindings->handle()
#22 C:\\Users\\hask777\\Desktop\\projects\\PHP\\laravel10-api-passport\\vendor\\laravel\\framework\\src\\Illuminate\\Routing\\Middleware\\ThrottleRequests.php(159): Illuminate\\Pipeline\\Pipeline->Illuminate\\Pipeline\\{closure}()
#23 C:\\Users\\hask777\\Desktop\\projects\\PHP\\laravel10-api-passport\\vendor\\laravel\\framework\\src\\Illuminate\\Routing\\Middleware\\ThrottleRequests.php(125): Illuminate\\Routing\\Middleware\\ThrottleRequests->handleRequest()
#24 C:\\Users\\hask777\\Desktop\\projects\\PHP\\laravel10-api-passport\\vendor\\laravel\\framework\\src\\Illuminate\\Routing\\Middleware\\ThrottleRequests.php(87): Illuminate\\Routing\\Middleware\\ThrottleRequests->handleRequestUsingNamedLimiter()
#25 C:\\Users\\hask777\\Desktop\\projects\\PHP\\laravel10-api-passport\\vendor\\laravel\\framework\\src\\Illuminate\\Pipeline\\Pipeline.php(183): Illuminate\\Routing\\Middleware\\ThrottleRequests->handle()
#26 C:\\Users\\hask777\\Desktop\\projects\\PHP\\laravel10-api-passport\\vendor\\laravel\\framework\\src\\Illuminate\\Auth\\Middleware\\Authenticate.php(57): Illuminate\\Pipeline\\Pipeline->Illuminate\\Pipeline\\{closure}()
#27 C:\\Users\\hask777\\Desktop\\projects\\PHP\\laravel10-api-passport\\vendor\\laravel\\framework\\src\\Illuminate\\Pipeline\\Pipeline.php(183): Illuminate\\Auth\\Middleware\\Authenticate->handle()
#28 C:\\Users\\hask777\\Desktop\\projects\\PHP\\laravel10-api-passport\\vendor\\laravel\\framework\\src\\Illuminate\\Pipeline\\Pipeline.php(119): Illuminate\\Pipeline\\Pipeline->Illuminate\\Pipeline\\{closure}()
#29 C:\\Users\\hask777\\Desktop\\projects\\PHP\\laravel10-api-passport\\vendor\\laravel\\framework\\src\\Illuminate\\Routing\\Router.php(805): Illuminate\\Pipeline\\Pipeline->then()
#30 C:\\Users\\hask777\\Desktop\\projects\\PHP\\laravel10-api-passport\\vendor\\laravel\\framework\\src\\Illuminate\\Routing\\Router.php(784): Illuminate\\Routing\\Router->runRouteWithinStack()
#31 C:\\Users\\hask777\\Desktop\\projects\\PHP\\laravel10-api-passport\\vendor\\laravel\\framework\\src\\Illuminate\\Routing\\Router.php(748): Illuminate\\Routing\\Router->runRoute()
#32 C:\\Users\\hask777\\Desktop\\projects\\PHP\\laravel10-api-passport\\vendor\\laravel\\framework\\src\\Illuminate\\Routing\\Router.php(737): Illuminate\\Routing\\Router->dispatchToRoute()
#33 C:\\Users\\hask777\\Desktop\\projects\\PHP\\laravel10-api-passport\\vendor\\laravel\\framework\\src\\Illuminate\\Foundation\\Http\\Kernel.php(200): Illuminate\\Routing\\Router->dispatch()
#34 C:\\Users\\hask777\\Desktop\\projects\\PHP\\laravel10-api-passport\\vendor\\laravel\\framework\\src\\Illuminate\\Pipeline\\Pipeline.php(144): Illuminate\\Foundation\\Http\\Kernel->Illuminate\\Foundation\\Http\\{closure}()
#35 C:\\Users\\hask777\\Desktop\\projects\\PHP\\laravel10-api-passport\\vendor\\laravel\\framework\\src\\Illuminate\\Foundation\\Http\\Middleware\\TransformsRequest.php(21): Illuminate\\Pipeline\\Pipeline->Illuminate\\Pipeline\\{closure}()
#36 C:\\Users\\hask777\\Desktop\\projects\\PHP\\laravel10-api-passport\\vendor\\laravel\\framework\\src\\Illuminate\\Foundation\\Http\\Middleware\\ConvertEmptyStringsToNull.php(31): Illuminate\\Foundation\\Http\\Middleware\\TransformsRequest->handle()
#37 C:\\Users\\hask777\\Desktop\\projects\\PHP\\laravel10-api-passport\\vendor\\laravel\\framework\\src\\Illuminate\\Pipeline\\Pipeline.php(183): Illuminate\\Foundation\\Http\\Middleware\\ConvertEmptyStringsToNull->handle()
#38 C:\\Users\\hask777\\Desktop\\projects\\PHP\\laravel10-api-passport\\vendor\\laravel\\framework\\src\\Illuminate\\Foundation\\Http\\Middleware\\TransformsRequest.php(21): Illuminate\\Pipeline\\Pipeline->Illuminate\\Pipeline\\{closure}()
#39 C:\\Users\\hask777\\Desktop\\projects\\PHP\\laravel10-api-passport\\vendor\\laravel\\framework\\src\\Illuminate\\Foundation\\Http\\Middleware\\TrimStrings.php(40): Illuminate\\Foundation\\Http\\Middleware\\TransformsRequest->handle()
#40 C:\\Users\\hask777\\Desktop\\projects\\PHP\\laravel10-api-passport\\vendor\\laravel\\framework\\src\\Illuminate\\Pipeline\\Pipeline.php(183): Illuminate\\Foundation\\Http\\Middleware\\TrimStrings->handle()
#41 C:\\Users\\hask777\\Desktop\\projects\\PHP\\laravel10-api-passport\\vendor\\laravel\\framework\\src\\Illuminate\\Foundation\\Http\\Middleware\\ValidatePostSize.php(27): Illuminate\\Pipeline\\Pipeline->Illuminate\\Pipeline\\{closure}()
#42 C:\\Users\\hask777\\Desktop\\projects\\PHP\\laravel10-api-passport\\vendor\\laravel\\framework\\src\\Illuminate\\Pipeline\\Pipeline.php(183): Illuminate\\Foundation\\Http\\Middleware\\ValidatePostSize->handle()
#43 C:\\Users\\hask777\\Desktop\\projects\\PHP\\laravel10-api-passport\\vendor\\laravel\\framework\\src\\Illuminate\\Foundation\\Http\\Middleware\\PreventRequestsDuringMaintenance.php(99): Illuminate\\Pipeline\\Pipeline->Illuminate\\Pipeline\\{closure}()
#44 C:\\Users\\hask777\\Desktop\\projects\\PHP\\laravel10-api-passport\\vendor\\laravel\\framework\\src\\Illuminate\\Pipeline\\Pipeline.php(183): Illuminate\\Foundation\\Http\\Middleware\\PreventRequestsDuringMaintenance->handle()
#45 C:\\Users\\hask777\\Desktop\\projects\\PHP\\laravel10-api-passport\\vendor\\laravel\\framework\\src\\Illuminate\\Http\\Middleware\\HandleCors.php(62): Illuminate\\Pipeline\\Pipeline->Illuminate\\Pipeline\\{closure}()
#46 C:\\Users\\hask777\\Desktop\\projects\\PHP\\laravel10-api-passport\\vendor\\laravel\\framework\\src\\Illuminate\\Pipeline\\Pipeline.php(183): Illuminate\\Http\\Middleware\\HandleCors->handle()
#47 C:\\Users\\hask777\\Desktop\\projects\\PHP\\laravel10-api-passport\\vendor\\laravel\\framework\\src\\Illuminate\\Http\\Middleware\\TrustProxies.php(39): Illuminate\\Pipeline\\Pipeline->Illuminate\\Pipeline\\{closure}()
#48 C:\\Users\\hask777\\Desktop\\projects\\PHP\\laravel10-api-passport\\vendor\\laravel\\framework\\src\\Illuminate\\Pipeline\\Pipeline.php(183): Illuminate\\Http\\Middleware\\TrustProxies->handle()
#49 C:\\Users\\hask777\\Desktop\\projects\\PHP\\laravel10-api-passport\\vendor\\laravel\\framework\\src\\Illuminate\\Pipeline\\Pipeline.php(119): Illuminate\\Pipeline\\Pipeline->Illuminate\\Pipeline\\{closure}()
#50 C:\\Users\\hask777\\Desktop\\projects\\PHP\\laravel10-api-passport\\vendor\\laravel\\framework\\src\\Illuminate\\Foundation\\Http\\Kernel.php(175): Illuminate\\Pipeline\\Pipeline->then()
#51 C:\\Users\\hask777\\Desktop\\projects\\PHP\\laravel10-api-passport\\vendor\\laravel\\framework\\src\\Illuminate\\Foundation\\Http\\Kernel.php(144): Illuminate\\Foundation\\Http\\Kernel->sendRequestThroughRouter()
#52 C:\\Users\\hask777\\Desktop\\projects\\PHP\\laravel10-api-passport\\public\\index.php(51): Illuminate\\Foundation\\Http\\Kernel->handle()
#53 C:\\Users\\hask777\\Desktop\\projects\\PHP\\laravel10-api-passport\\vendor\\laravel\\framework\\src\\Illuminate\\Foundation\\resources\\server.php(16): require_once('...')
#54 {main}
"} 
[2025-03-16 17:10:14] local.ERROR: Call to a member function toArray() on null {"userId":1,"exception":"[object] (Error(code: 0): Call to a member function toArray() on null at C:\\Users\\hask777\\Desktop\\projects\\PHP\\laravel10-api-passport\\app\\Modules\\Admin\\Role\\Models\\Traits\\UserRoles.php:71)
[stacktrace]
#0 C:\\Users\\hask777\\Desktop\\projects\\PHP\\laravel10-api-passport\\app\\Modules\\Admin\\Menu\\Models\\Menu.php(29): App\\Modules\\Admin\\User\\Models\\User->getMergedPermissions()
#1 C:\\Users\\hask777\\Desktop\\projects\\PHP\\laravel10-api-passport\\vendor\\laravel\\framework\\src\\Illuminate\\Database\\Eloquent\\Builder.php(1396): App\\Modules\\Admin\\Menu\\Models\\Menu->App\\Modules\\Admin\\Menu\\Models\\{closure}()
#2 C:\\Users\\hask777\\Desktop\\projects\\PHP\\laravel10-api-passport\\vendor\\laravel\\framework\\src\\Illuminate\\Database\\Eloquent\\Concerns\\QueriesRelationships.php(61): Illuminate\\Database\\Eloquent\\Builder->callScope()
#3 C:\\Users\\hask777\\Desktop\\projects\\PHP\\laravel10-api-passport\\vendor\\laravel\\framework\\src\\Illuminate\\Database\\Eloquent\\Concerns\\QueriesRelationships.php(152): Illuminate\\Database\\Eloquent\\Builder->has()
#4 C:\\Users\\hask777\\Desktop\\projects\\PHP\\laravel10-api-passport\\app\\Modules\\Admin\\Menu\\Models\\Menu.php(28): Illuminate\\Database\\Eloquent\\Builder->whereHas()
#5 C:\\Users\\hask777\\Desktop\\projects\\PHP\\laravel10-api-passport\\vendor\\laravel\\framework\\src\\Illuminate\\Database\\Eloquent\\Model.php(1627): App\\Modules\\Admin\\Menu\\Models\\Menu->scopeFrontMenu()
#6 C:\\Users\\hask777\\Desktop\\projects\\PHP\\laravel10-api-passport\\vendor\\laravel\\framework\\src\\Illuminate\\Database\\Eloquent\\Builder.php(1415): Illuminate\\Database\\Eloquent\\Model->callNamedScope()
#7 C:\\Users\\hask777\\Desktop\\projects\\PHP\\laravel10-api-passport\\vendor\\laravel\\framework\\src\\Illuminate\\Database\\Eloquent\\Builder.php(1396): Illuminate\\Database\\Eloquent\\Builder->Illuminate\\Database\\Eloquent\\{closure}()
#8 C:\\Users\\hask777\\Desktop\\projects\\PHP\\laravel10-api-passport\\vendor\\laravel\\framework\\src\\Illuminate\\Database\\Eloquent\\Builder.php(1414): Illuminate\\Database\\Eloquent\\Builder->callScope()
#9 C:\\Users\\hask777\\Desktop\\projects\\PHP\\laravel10-api-passport\\vendor\\laravel\\framework\\src\\Illuminate\\Database\\Eloquent\\Builder.php(1978): Illuminate\\Database\\Eloquent\\Builder->callNamedScope()
#10 C:\\Users\\hask777\\Desktop\\projects\\PHP\\laravel10-api-passport\\vendor\\laravel\\framework\\src\\Illuminate\\Support\\Traits\\ForwardsCalls.php(23): Illuminate\\Database\\Eloquent\\Builder->__call()
#11 C:\\Users\\hask777\\Desktop\\projects\\PHP\\laravel10-api-passport\\vendor\\laravel\\framework\\src\\Illuminate\\Database\\Eloquent\\Model.php(2335): Illuminate\\Database\\Eloquent\\Model->forwardCallTo()
#12 C:\\Users\\hask777\\Desktop\\projects\\PHP\\laravel10-api-passport\\vendor\\laravel\\framework\\src\\Illuminate\\Database\\Eloquent\\Model.php(2347): Illuminate\\Database\\Eloquent\\Model->__call()
#13 C:\\Users\\hask777\\Desktop\\projects\\PHP\\laravel10-api-passport\\app\\Modules\\Admin\\Menu\\Controllers\\Api\\MenuController.php(23): Illuminate\\Database\\Eloquent\\Model::__callStatic()
#14 C:\\Users\\hask777\\Desktop\\projects\\PHP\\laravel10-api-passport\\vendor\\laravel\\framework\\src\\Illuminate\\Routing\\Controller.php(54): App\\Modules\\Admin\\Menu\\Controllers\\Api\\MenuController->index()
#15 C:\\Users\\hask777\\Desktop\\projects\\PHP\\laravel10-api-passport\\vendor\\laravel\\framework\\src\\Illuminate\\Routing\\ControllerDispatcher.php(43): Illuminate\\Routing\\Controller->callAction()
#16 C:\\Users\\hask777\\Desktop\\projects\\PHP\\laravel10-api-passport\\vendor\\laravel\\framework\\src\\Illuminate\\Routing\\Route.php(259): Illuminate\\Routing\\ControllerDispatcher->dispatch()
#17 C:\\Users\\hask777\\Desktop\\projects\\PHP\\laravel10-api-passport\\vendor\\laravel\\framework\\src\\Illuminate\\Routing\\Route.php(205): Illuminate\\Routing\\Route->runController()
#18 C:\\Users\\hask777\\Desktop\\projects\\PHP\\laravel10-api-passport\\vendor\\laravel\\framework\\src\\Illuminate\\Routing\\Router.php(806): Illuminate\\Routing\\Route->run()
#19 C:\\Users\\hask777\\Desktop\\projects\\PHP\\laravel10-api-passport\\vendor\\laravel\\framework\\src\\Illuminate\\Pipeline\\Pipeline.php(144): Illuminate\\Routing\\Router->Illuminate\\Routing\\{closure}()
#20 C:\\Users\\hask777\\Desktop\\projects\\PHP\\laravel10-api-passport\\vendor\\laravel\\framework\\src\\Illuminate\\Routing\\Middleware\\SubstituteBindings.php(50): Illuminate\\Pipeline\\Pipeline->Illuminate\\Pipeline\\{closure}()
#21 C:\\Users\\hask777\\Desktop\\projects\\PHP\\laravel10-api-passport\\vendor\\laravel\\framework\\src\\Illuminate\\Pipeline\\Pipeline.php(183): Illuminate\\Routing\\Middleware\\SubstituteBindings->handle()
#22 C:\\Users\\hask777\\Desktop\\projects\\PHP\\laravel10-api-passport\\vendor\\laravel\\framework\\src\\Illuminate\\Routing\\Middleware\\ThrottleRequests.php(159): Illuminate\\Pipeline\\Pipeline->Illuminate\\Pipeline\\{closure}()
#23 C:\\Users\\hask777\\Desktop\\projects\\PHP\\laravel10-api-passport\\vendor\\laravel\\framework\\src\\Illuminate\\Routing\\Middleware\\ThrottleRequests.php(125): Illuminate\\Routing\\Middleware\\ThrottleRequests->handleRequest()
#24 C:\\Users\\hask777\\Desktop\\projects\\PHP\\laravel10-api-passport\\vendor\\laravel\\framework\\src\\Illuminate\\Routing\\Middleware\\ThrottleRequests.php(87): Illuminate\\Routing\\Middleware\\ThrottleRequests->handleRequestUsingNamedLimiter()
#25 C:\\Users\\hask777\\Desktop\\projects\\PHP\\laravel10-api-passport\\vendor\\laravel\\framework\\src\\Illuminate\\Pipeline\\Pipeline.php(183): Illuminate\\Routing\\Middleware\\ThrottleRequests->handle()
#26 C:\\Users\\hask777\\Desktop\\projects\\PHP\\laravel10-api-passport\\vendor\\laravel\\framework\\src\\Illuminate\\Auth\\Middleware\\Authenticate.php(57): Illuminate\\Pipeline\\Pipeline->Illuminate\\Pipeline\\{closure}()
#27 C:\\Users\\hask777\\Desktop\\projects\\PHP\\laravel10-api-passport\\vendor\\laravel\\framework\\src\\Illuminate\\Pipeline\\Pipeline.php(183): Illuminate\\Auth\\Middleware\\Authenticate->handle()
#28 C:\\Users\\hask777\\Desktop\\projects\\PHP\\laravel10-api-passport\\vendor\\laravel\\framework\\src\\Illuminate\\Pipeline\\Pipeline.php(119): Illuminate\\Pipeline\\Pipeline->Illuminate\\Pipeline\\{closure}()
#29 C:\\Users\\hask777\\Desktop\\projects\\PHP\\laravel10-api-passport\\vendor\\laravel\\framework\\src\\Illuminate\\Routing\\Router.php(805): Illuminate\\Pipeline\\Pipeline->then()
#30 C:\\Users\\hask777\\Desktop\\projects\\PHP\\laravel10-api-passport\\vendor\\laravel\\framework\\src\\Illuminate\\Routing\\Router.php(784): Illuminate\\Routing\\Router->runRouteWithinStack()
#31 C:\\Users\\hask777\\Desktop\\projects\\PHP\\laravel10-api-passport\\vendor\\laravel\\framework\\src\\Illuminate\\Routing\\Router.php(748): Illuminate\\Routing\\Router->runRoute()
#32 C:\\Users\\hask777\\Desktop\\projects\\PHP\\laravel10-api-passport\\vendor\\laravel\\framework\\src\\Illuminate\\Routing\\Router.php(737): Illuminate\\Routing\\Router->dispatchToRoute()
#33 C:\\Users\\hask777\\Desktop\\projects\\PHP\\laravel10-api-passport\\vendor\\laravel\\framework\\src\\Illuminate\\Foundation\\Http\\Kernel.php(200): Illuminate\\Routing\\Router->dispatch()
#34 C:\\Users\\hask777\\Desktop\\projects\\PHP\\laravel10-api-passport\\vendor\\laravel\\framework\\src\\Illuminate\\Pipeline\\Pipeline.php(144): Illuminate\\Foundation\\Http\\Kernel->Illuminate\\Foundation\\Http\\{closure}()
#35 C:\\Users\\hask777\\Desktop\\projects\\PHP\\laravel10-api-passport\\vendor\\laravel\\framework\\src\\Illuminate\\Foundation\\Http\\Middleware\\TransformsRequest.php(21): Illuminate\\Pipeline\\Pipeline->Illuminate\\Pipeline\\{closure}()
#36 C:\\Users\\hask777\\Desktop\\projects\\PHP\\laravel10-api-passport\\vendor\\laravel\\framework\\src\\Illuminate\\Foundation\\Http\\Middleware\\ConvertEmptyStringsToNull.php(31): Illuminate\\Foundation\\Http\\Middleware\\TransformsRequest->handle()
#37 C:\\Users\\hask777\\Desktop\\projects\\PHP\\laravel10-api-passport\\vendor\\laravel\\framework\\src\\Illuminate\\Pipeline\\Pipeline.php(183): Illuminate\\Foundation\\Http\\Middleware\\ConvertEmptyStringsToNull->handle()
#38 C:\\Users\\hask777\\Desktop\\projects\\PHP\\laravel10-api-passport\\vendor\\laravel\\framework\\src\\Illuminate\\Foundation\\Http\\Middleware\\TransformsRequest.php(21): Illuminate\\Pipeline\\Pipeline->Illuminate\\Pipeline\\{closure}()
#39 C:\\Users\\hask777\\Desktop\\projects\\PHP\\laravel10-api-passport\\vendor\\laravel\\framework\\src\\Illuminate\\Foundation\\Http\\Middleware\\TrimStrings.php(40): Illuminate\\Foundation\\Http\\Middleware\\TransformsRequest->handle()
#40 C:\\Users\\hask777\\Desktop\\projects\\PHP\\laravel10-api-passport\\vendor\\laravel\\framework\\src\\Illuminate\\Pipeline\\Pipeline.php(183): Illuminate\\Foundation\\Http\\Middleware\\TrimStrings->handle()
#41 C:\\Users\\hask777\\Desktop\\projects\\PHP\\laravel10-api-passport\\vendor\\laravel\\framework\\src\\Illuminate\\Foundation\\Http\\Middleware\\ValidatePostSize.php(27): Illuminate\\Pipeline\\Pipeline->Illuminate\\Pipeline\\{closure}()
#42 C:\\Users\\hask777\\Desktop\\projects\\PHP\\laravel10-api-passport\\vendor\\laravel\\framework\\src\\Illuminate\\Pipeline\\Pipeline.php(183): Illuminate\\Foundation\\Http\\Middleware\\ValidatePostSize->handle()
#43 C:\\Users\\hask777\\Desktop\\projects\\PHP\\laravel10-api-passport\\vendor\\laravel\\framework\\src\\Illuminate\\Foundation\\Http\\Middleware\\PreventRequestsDuringMaintenance.php(99): Illuminate\\Pipeline\\Pipeline->Illuminate\\Pipeline\\{closure}()
#44 C:\\Users\\hask777\\Desktop\\projects\\PHP\\laravel10-api-passport\\vendor\\laravel\\framework\\src\\Illuminate\\Pipeline\\Pipeline.php(183): Illuminate\\Foundation\\Http\\Middleware\\PreventRequestsDuringMaintenance->handle()
#45 C:\\Users\\hask777\\Desktop\\projects\\PHP\\laravel10-api-passport\\vendor\\laravel\\framework\\src\\Illuminate\\Http\\Middleware\\HandleCors.php(62): Illuminate\\Pipeline\\Pipeline->Illuminate\\Pipeline\\{closure}()
#46 C:\\Users\\hask777\\Desktop\\projects\\PHP\\laravel10-api-passport\\vendor\\laravel\\framework\\src\\Illuminate\\Pipeline\\Pipeline.php(183): Illuminate\\Http\\Middleware\\HandleCors->handle()
#47 C:\\Users\\hask777\\Desktop\\projects\\PHP\\laravel10-api-passport\\vendor\\laravel\\framework\\src\\Illuminate\\Http\\Middleware\\TrustProxies.php(39): Illuminate\\Pipeline\\Pipeline->Illuminate\\Pipeline\\{closure}()
#48 C:\\Users\\hask777\\Desktop\\projects\\PHP\\laravel10-api-passport\\vendor\\laravel\\framework\\src\\Illuminate\\Pipeline\\Pipeline.php(183): Illuminate\\Http\\Middleware\\TrustProxies->handle()
#49 C:\\Users\\hask777\\Desktop\\projects\\PHP\\laravel10-api-passport\\vendor\\laravel\\framework\\src\\Illuminate\\Pipeline\\Pipeline.php(119): Illuminate\\Pipeline\\Pipeline->Illuminate\\Pipeline\\{closure}()
#50 C:\\Users\\hask777\\Desktop\\projects\\PHP\\laravel10-api-passport\\vendor\\laravel\\framework\\src\\Illuminate\\Foundation\\Http\\Kernel.php(175): Illuminate\\Pipeline\\Pipeline->then()
#51 C:\\Users\\hask777\\Desktop\\projects\\PHP\\laravel10-api-passport\\vendor\\laravel\\framework\\src\\Illuminate\\Foundation\\Http\\Kernel.php(144): Illuminate\\Foundation\\Http\\Kernel->sendRequestThroughRouter()
#52 C:\\Users\\hask777\\Desktop\\projects\\PHP\\laravel10-api-passport\\public\\index.php(51): Illuminate\\Foundation\\Http\\Kernel->handle()
#53 C:\\Users\\hask777\\Desktop\\projects\\PHP\\laravel10-api-passport\\vendor\\laravel\\framework\\src\\Illuminate\\Foundation\\resources\\server.php(16): require_once('...')
#54 {main}
"} 
[2025-03-16 17:10:43] local.ERROR: array_merge(): Argument #2 must be of type array, null given {"userId":1,"exception":"[object] (TypeError(code: 0): array_merge(): Argument #2 must be of type array, null given at C:\\Users\\hask777\\Desktop\\projects\\PHP\\laravel10-api-passport\\app\\Modules\\Admin\\Role\\Models\\Traits\\UserRoles.php:71)
[stacktrace]
#0 C:\\Users\\hask777\\Desktop\\projects\\PHP\\laravel10-api-passport\\app\\Modules\\Admin\\Role\\Models\\Traits\\UserRoles.php(71): array_merge()
#1 C:\\Users\\hask777\\Desktop\\projects\\PHP\\laravel10-api-passport\\app\\Modules\\Admin\\Menu\\Models\\Menu.php(29): App\\Modules\\Admin\\User\\Models\\User->getMergedPermissions()
#2 C:\\Users\\hask777\\Desktop\\projects\\PHP\\laravel10-api-passport\\vendor\\laravel\\framework\\src\\Illuminate\\Database\\Eloquent\\Builder.php(1396): App\\Modules\\Admin\\Menu\\Models\\Menu->App\\Modules\\Admin\\Menu\\Models\\{closure}()
#3 C:\\Users\\hask777\\Desktop\\projects\\PHP\\laravel10-api-passport\\vendor\\laravel\\framework\\src\\Illuminate\\Database\\Eloquent\\Concerns\\QueriesRelationships.php(61): Illuminate\\Database\\Eloquent\\Builder->callScope()
#4 C:\\Users\\hask777\\Desktop\\projects\\PHP\\laravel10-api-passport\\vendor\\laravel\\framework\\src\\Illuminate\\Database\\Eloquent\\Concerns\\QueriesRelationships.php(152): Illuminate\\Database\\Eloquent\\Builder->has()
#5 C:\\Users\\hask777\\Desktop\\projects\\PHP\\laravel10-api-passport\\app\\Modules\\Admin\\Menu\\Models\\Menu.php(28): Illuminate\\Database\\Eloquent\\Builder->whereHas()
#6 C:\\Users\\hask777\\Desktop\\projects\\PHP\\laravel10-api-passport\\vendor\\laravel\\framework\\src\\Illuminate\\Database\\Eloquent\\Model.php(1627): App\\Modules\\Admin\\Menu\\Models\\Menu->scopeFrontMenu()
#7 C:\\Users\\hask777\\Desktop\\projects\\PHP\\laravel10-api-passport\\vendor\\laravel\\framework\\src\\Illuminate\\Database\\Eloquent\\Builder.php(1415): Illuminate\\Database\\Eloquent\\Model->callNamedScope()
#8 C:\\Users\\hask777\\Desktop\\projects\\PHP\\laravel10-api-passport\\vendor\\laravel\\framework\\src\\Illuminate\\Database\\Eloquent\\Builder.php(1396): Illuminate\\Database\\Eloquent\\Builder->Illuminate\\Database\\Eloquent\\{closure}()
#9 C:\\Users\\hask777\\Desktop\\projects\\PHP\\laravel10-api-passport\\vendor\\laravel\\framework\\src\\Illuminate\\Database\\Eloquent\\Builder.php(1414): Illuminate\\Database\\Eloquent\\Builder->callScope()
#10 C:\\Users\\hask777\\Desktop\\projects\\PHP\\laravel10-api-passport\\vendor\\laravel\\framework\\src\\Illuminate\\Database\\Eloquent\\Builder.php(1978): Illuminate\\Database\\Eloquent\\Builder->callNamedScope()
#11 C:\\Users\\hask777\\Desktop\\projects\\PHP\\laravel10-api-passport\\vendor\\laravel\\framework\\src\\Illuminate\\Support\\Traits\\ForwardsCalls.php(23): Illuminate\\Database\\Eloquent\\Builder->__call()
#12 C:\\Users\\hask777\\Desktop\\projects\\PHP\\laravel10-api-passport\\vendor\\laravel\\framework\\src\\Illuminate\\Database\\Eloquent\\Model.php(2335): Illuminate\\Database\\Eloquent\\Model->forwardCallTo()
#13 C:\\Users\\hask777\\Desktop\\projects\\PHP\\laravel10-api-passport\\vendor\\laravel\\framework\\src\\Illuminate\\Database\\Eloquent\\Model.php(2347): Illuminate\\Database\\Eloquent\\Model->__call()
#14 C:\\Users\\hask777\\Desktop\\projects\\PHP\\laravel10-api-passport\\app\\Modules\\Admin\\Menu\\Controllers\\Api\\MenuController.php(23): Illuminate\\Database\\Eloquent\\Model::__callStatic()
#15 C:\\Users\\hask777\\Desktop\\projects\\PHP\\laravel10-api-passport\\vendor\\laravel\\framework\\src\\Illuminate\\Routing\\Controller.php(54): App\\Modules\\Admin\\Menu\\Controllers\\Api\\MenuController->index()
#16 C:\\Users\\hask777\\Desktop\\projects\\PHP\\laravel10-api-passport\\vendor\\laravel\\framework\\src\\Illuminate\\Routing\\ControllerDispatcher.php(43): Illuminate\\Routing\\Controller->callAction()
#17 C:\\Users\\hask777\\Desktop\\projects\\PHP\\laravel10-api-passport\\vendor\\laravel\\framework\\src\\Illuminate\\Routing\\Route.php(259): Illuminate\\Routing\\ControllerDispatcher->dispatch()
#18 C:\\Users\\hask777\\Desktop\\projects\\PHP\\laravel10-api-passport\\vendor\\laravel\\framework\\src\\Illuminate\\Routing\\Route.php(205): Illuminate\\Routing\\Route->runController()
#19 C:\\Users\\hask777\\Desktop\\projects\\PHP\\laravel10-api-passport\\vendor\\laravel\\framework\\src\\Illuminate\\Routing\\Router.php(806): Illuminate\\Routing\\Route->run()
#20 C:\\Users\\hask777\\Desktop\\projects\\PHP\\laravel10-api-passport\\vendor\\laravel\\framework\\src\\Illuminate\\Pipeline\\Pipeline.php(144): Illuminate\\Routing\\Router->Illuminate\\Routing\\{closure}()
#21 C:\\Users\\hask777\\Desktop\\projects\\PHP\\laravel10-api-passport\\vendor\\laravel\\framework\\src\\Illuminate\\Routing\\Middleware\\SubstituteBindings.php(50): Illuminate\\Pipeline\\Pipeline->Illuminate\\Pipeline\\{closure}()
#22 C:\\Users\\hask777\\Desktop\\projects\\PHP\\laravel10-api-passport\\vendor\\laravel\\framework\\src\\Illuminate\\Pipeline\\Pipeline.php(183): Illuminate\\Routing\\Middleware\\SubstituteBindings->handle()
#23 C:\\Users\\hask777\\Desktop\\projects\\PHP\\laravel10-api-passport\\vendor\\laravel\\framework\\src\\Illuminate\\Routing\\Middleware\\ThrottleRequests.php(159): Illuminate\\Pipeline\\Pipeline->Illuminate\\Pipeline\\{closure}()
#24 C:\\Users\\hask777\\Desktop\\projects\\PHP\\laravel10-api-passport\\vendor\\laravel\\framework\\src\\Illuminate\\Routing\\Middleware\\ThrottleRequests.php(125): Illuminate\\Routing\\Middleware\\ThrottleRequests->handleRequest()
#25 C:\\Users\\hask777\\Desktop\\projects\\PHP\\laravel10-api-passport\\vendor\\laravel\\framework\\src\\Illuminate\\Routing\\Middleware\\ThrottleRequests.php(87): Illuminate\\Routing\\Middleware\\ThrottleRequests->handleRequestUsingNamedLimiter()
#26 C:\\Users\\hask777\\Desktop\\projects\\PHP\\laravel10-api-passport\\vendor\\laravel\\framework\\src\\Illuminate\\Pipeline\\Pipeline.php(183): Illuminate\\Routing\\Middleware\\ThrottleRequests->handle()
#27 C:\\Users\\hask777\\Desktop\\projects\\PHP\\laravel10-api-passport\\vendor\\laravel\\framework\\src\\Illuminate\\Auth\\Middleware\\Authenticate.php(57): Illuminate\\Pipeline\\Pipeline->Illuminate\\Pipeline\\{closure}()
#28 C:\\Users\\hask777\\Desktop\\projects\\PHP\\laravel10-api-passport\\vendor\\laravel\\framework\\src\\Illuminate\\Pipeline\\Pipeline.php(183): Illuminate\\Auth\\Middleware\\Authenticate->handle()
#29 C:\\Users\\hask777\\Desktop\\projects\\PHP\\laravel10-api-passport\\vendor\\laravel\\framework\\src\\Illuminate\\Pipeline\\Pipeline.php(119): Illuminate\\Pipeline\\Pipeline->Illuminate\\Pipeline\\{closure}()
#30 C:\\Users\\hask777\\Desktop\\projects\\PHP\\laravel10-api-passport\\vendor\\laravel\\framework\\src\\Illuminate\\Routing\\Router.php(805): Illuminate\\Pipeline\\Pipeline->then()
#31 C:\\Users\\hask777\\Desktop\\projects\\PHP\\laravel10-api-passport\\vendor\\laravel\\framework\\src\\Illuminate\\Routing\\Router.php(784): Illuminate\\Routing\\Router->runRouteWithinStack()
#32 C:\\Users\\hask777\\Desktop\\projects\\PHP\\laravel10-api-passport\\vendor\\laravel\\framework\\src\\Illuminate\\Routing\\Router.php(748): Illuminate\\Routing\\Router->runRoute()
#33 C:\\Users\\hask777\\Desktop\\projects\\PHP\\laravel10-api-passport\\vendor\\laravel\\framework\\src\\Illuminate\\Routing\\Router.php(737): Illuminate\\Routing\\Router->dispatchToRoute()
#34 C:\\Users\\hask777\\Desktop\\projects\\PHP\\laravel10-api-passport\\vendor\\laravel\\framework\\src\\Illuminate\\Foundation\\Http\\Kernel.php(200): Illuminate\\Routing\\Router->dispatch()
#35 C:\\Users\\hask777\\Desktop\\projects\\PHP\\laravel10-api-passport\\vendor\\laravel\\framework\\src\\Illuminate\\Pipeline\\Pipeline.php(144): Illuminate\\Foundation\\Http\\Kernel->Illuminate\\Foundation\\Http\\{closure}()
#36 C:\\Users\\hask777\\Desktop\\projects\\PHP\\laravel10-api-passport\\vendor\\laravel\\framework\\src\\Illuminate\\Foundation\\Http\\Middleware\\TransformsRequest.php(21): Illuminate\\Pipeline\\Pipeline->Illuminate\\Pipeline\\{closure}()
#37 C:\\Users\\hask777\\Desktop\\projects\\PHP\\laravel10-api-passport\\vendor\\laravel\\framework\\src\\Illuminate\\Foundation\\Http\\Middleware\\ConvertEmptyStringsToNull.php(31): Illuminate\\Foundation\\Http\\Middleware\\TransformsRequest->handle()
#38 C:\\Users\\hask777\\Desktop\\projects\\PHP\\laravel10-api-passport\\vendor\\laravel\\framework\\src\\Illuminate\\Pipeline\\Pipeline.php(183): Illuminate\\Foundation\\Http\\Middleware\\ConvertEmptyStringsToNull->handle()
#39 C:\\Users\\hask777\\Desktop\\projects\\PHP\\laravel10-api-passport\\vendor\\laravel\\framework\\src\\Illuminate\\Foundation\\Http\\Middleware\\TransformsRequest.php(21): Illuminate\\Pipeline\\Pipeline->Illuminate\\Pipeline\\{closure}()
#40 C:\\Users\\hask777\\Desktop\\projects\\PHP\\laravel10-api-passport\\vendor\\laravel\\framework\\src\\Illuminate\\Foundation\\Http\\Middleware\\TrimStrings.php(40): Illuminate\\Foundation\\Http\\Middleware\\TransformsRequest->handle()
#41 C:\\Users\\hask777\\Desktop\\projects\\PHP\\laravel10-api-passport\\vendor\\laravel\\framework\\src\\Illuminate\\Pipeline\\Pipeline.php(183): Illuminate\\Foundation\\Http\\Middleware\\TrimStrings->handle()
#42 C:\\Users\\hask777\\Desktop\\projects\\PHP\\laravel10-api-passport\\vendor\\laravel\\framework\\src\\Illuminate\\Foundation\\Http\\Middleware\\ValidatePostSize.php(27): Illuminate\\Pipeline\\Pipeline->Illuminate\\Pipeline\\{closure}()
#43 C:\\Users\\hask777\\Desktop\\projects\\PHP\\laravel10-api-passport\\vendor\\laravel\\framework\\src\\Illuminate\\Pipeline\\Pipeline.php(183): Illuminate\\Foundation\\Http\\Middleware\\ValidatePostSize->handle()
#44 C:\\Users\\hask777\\Desktop\\projects\\PHP\\laravel10-api-passport\\vendor\\laravel\\framework\\src\\Illuminate\\Foundation\\Http\\Middleware\\PreventRequestsDuringMaintenance.php(99): Illuminate\\Pipeline\\Pipeline->Illuminate\\Pipeline\\{closure}()
#45 C:\\Users\\hask777\\Desktop\\projects\\PHP\\laravel10-api-passport\\vendor\\laravel\\framework\\src\\Illuminate\\Pipeline\\Pipeline.php(183): Illuminate\\Foundation\\Http\\Middleware\\PreventRequestsDuringMaintenance->handle()
#46 C:\\Users\\hask777\\Desktop\\projects\\PHP\\laravel10-api-passport\\vendor\\laravel\\framework\\src\\Illuminate\\Http\\Middleware\\HandleCors.php(62): Illuminate\\Pipeline\\Pipeline->Illuminate\\Pipeline\\{closure}()
#47 C:\\Users\\hask777\\Desktop\\projects\\PHP\\laravel10-api-passport\\vendor\\laravel\\framework\\src\\Illuminate\\Pipeline\\Pipeline.php(183): Illuminate\\Http\\Middleware\\HandleCors->handle()
#48 C:\\Users\\hask777\\Desktop\\projects\\PHP\\laravel10-api-passport\\vendor\\laravel\\framework\\src\\Illuminate\\Http\\Middleware\\TrustProxies.php(39): Illuminate\\Pipeline\\Pipeline->Illuminate\\Pipeline\\{closure}()
#49 C:\\Users\\hask777\\Desktop\\projects\\PHP\\laravel10-api-passport\\vendor\\laravel\\framework\\src\\Illuminate\\Pipeline\\Pipeline.php(183): Illuminate\\Http\\Middleware\\TrustProxies->handle()
#50 C:\\Users\\hask777\\Desktop\\projects\\PHP\\laravel10-api-passport\\vendor\\laravel\\framework\\src\\Illuminate\\Pipeline\\Pipeline.php(119): Illuminate\\Pipeline\\Pipeline->Illuminate\\Pipeline\\{closure}()
#51 C:\\Users\\hask777\\Desktop\\projects\\PHP\\laravel10-api-passport\\vendor\\laravel\\framework\\src\\Illuminate\\Foundation\\Http\\Kernel.php(175): Illuminate\\Pipeline\\Pipeline->then()
#52 C:\\Users\\hask777\\Desktop\\projects\\PHP\\laravel10-api-passport\\vendor\\laravel\\framework\\src\\Illuminate\\Foundation\\Http\\Kernel.php(144): Illuminate\\Foundation\\Http\\Kernel->sendRequestThroughRouter()
#53 C:\\Users\\hask777\\Desktop\\projects\\PHP\\laravel10-api-passport\\public\\index.php(51): Illuminate\\Foundation\\Http\\Kernel->handle()
#54 C:\\Users\\hask777\\Desktop\\projects\\PHP\\laravel10-api-passport\\vendor\\laravel\\framework\\src\\Illuminate\\Foundation\\resources\\server.php(16): require_once('...')
#55 {main}
"} 
[2025-03-16 17:11:04] local.ERROR: Call to a member function toArray() on null {"userId":1,"exception":"[object] (Error(code: 0): Call to a member function toArray() on null at C:\\Users\\hask777\\Desktop\\projects\\PHP\\laravel10-api-passport\\app\\Modules\\Admin\\Role\\Models\\Traits\\UserRoles.php:70)
[stacktrace]
#0 C:\\Users\\hask777\\Desktop\\projects\\PHP\\laravel10-api-passport\\app\\Modules\\Admin\\Menu\\Models\\Menu.php(29): App\\Modules\\Admin\\User\\Models\\User->getMergedPermissions()
#1 C:\\Users\\hask777\\Desktop\\projects\\PHP\\laravel10-api-passport\\vendor\\laravel\\framework\\src\\Illuminate\\Database\\Eloquent\\Builder.php(1396): App\\Modules\\Admin\\Menu\\Models\\Menu->App\\Modules\\Admin\\Menu\\Models\\{closure}()
#2 C:\\Users\\hask777\\Desktop\\projects\\PHP\\laravel10-api-passport\\vendor\\laravel\\framework\\src\\Illuminate\\Database\\Eloquent\\Concerns\\QueriesRelationships.php(61): Illuminate\\Database\\Eloquent\\Builder->callScope()
#3 C:\\Users\\hask777\\Desktop\\projects\\PHP\\laravel10-api-passport\\vendor\\laravel\\framework\\src\\Illuminate\\Database\\Eloquent\\Concerns\\QueriesRelationships.php(152): Illuminate\\Database\\Eloquent\\Builder->has()
#4 C:\\Users\\hask777\\Desktop\\projects\\PHP\\laravel10-api-passport\\app\\Modules\\Admin\\Menu\\Models\\Menu.php(28): Illuminate\\Database\\Eloquent\\Builder->whereHas()
#5 C:\\Users\\hask777\\Desktop\\projects\\PHP\\laravel10-api-passport\\vendor\\laravel\\framework\\src\\Illuminate\\Database\\Eloquent\\Model.php(1627): App\\Modules\\Admin\\Menu\\Models\\Menu->scopeFrontMenu()
#6 C:\\Users\\hask777\\Desktop\\projects\\PHP\\laravel10-api-passport\\vendor\\laravel\\framework\\src\\Illuminate\\Database\\Eloquent\\Builder.php(1415): Illuminate\\Database\\Eloquent\\Model->callNamedScope()
#7 C:\\Users\\hask777\\Desktop\\projects\\PHP\\laravel10-api-passport\\vendor\\laravel\\framework\\src\\Illuminate\\Database\\Eloquent\\Builder.php(1396): Illuminate\\Database\\Eloquent\\Builder->Illuminate\\Database\\Eloquent\\{closure}()
#8 C:\\Users\\hask777\\Desktop\\projects\\PHP\\laravel10-api-passport\\vendor\\laravel\\framework\\src\\Illuminate\\Database\\Eloquent\\Builder.php(1414): Illuminate\\Database\\Eloquent\\Builder->callScope()
#9 C:\\Users\\hask777\\Desktop\\projects\\PHP\\laravel10-api-passport\\vendor\\laravel\\framework\\src\\Illuminate\\Database\\Eloquent\\Builder.php(1978): Illuminate\\Database\\Eloquent\\Builder->callNamedScope()
#10 C:\\Users\\hask777\\Desktop\\projects\\PHP\\laravel10-api-passport\\vendor\\laravel\\framework\\src\\Illuminate\\Support\\Traits\\ForwardsCalls.php(23): Illuminate\\Database\\Eloquent\\Builder->__call()
#11 C:\\Users\\hask777\\Desktop\\projects\\PHP\\laravel10-api-passport\\vendor\\laravel\\framework\\src\\Illuminate\\Database\\Eloquent\\Model.php(2335): Illuminate\\Database\\Eloquent\\Model->forwardCallTo()
#12 C:\\Users\\hask777\\Desktop\\projects\\PHP\\laravel10-api-passport\\vendor\\laravel\\framework\\src\\Illuminate\\Database\\Eloquent\\Model.php(2347): Illuminate\\Database\\Eloquent\\Model->__call()
#13 C:\\Users\\hask777\\Desktop\\projects\\PHP\\laravel10-api-passport\\app\\Modules\\Admin\\Menu\\Controllers\\Api\\MenuController.php(23): Illuminate\\Database\\Eloquent\\Model::__callStatic()
#14 C:\\Users\\hask777\\Desktop\\projects\\PHP\\laravel10-api-passport\\vendor\\laravel\\framework\\src\\Illuminate\\Routing\\Controller.php(54): App\\Modules\\Admin\\Menu\\Controllers\\Api\\MenuController->index()
#15 C:\\Users\\hask777\\Desktop\\projects\\PHP\\laravel10-api-passport\\vendor\\laravel\\framework\\src\\Illuminate\\Routing\\ControllerDispatcher.php(43): Illuminate\\Routing\\Controller->callAction()
#16 C:\\Users\\hask777\\Desktop\\projects\\PHP\\laravel10-api-passport\\vendor\\laravel\\framework\\src\\Illuminate\\Routing\\Route.php(259): Illuminate\\Routing\\ControllerDispatcher->dispatch()
#17 C:\\Users\\hask777\\Desktop\\projects\\PHP\\laravel10-api-passport\\vendor\\laravel\\framework\\src\\Illuminate\\Routing\\Route.php(205): Illuminate\\Routing\\Route->runController()
#18 C:\\Users\\hask777\\Desktop\\projects\\PHP\\laravel10-api-passport\\vendor\\laravel\\framework\\src\\Illuminate\\Routing\\Router.php(806): Illuminate\\Routing\\Route->run()
#19 C:\\Users\\hask777\\Desktop\\projects\\PHP\\laravel10-api-passport\\vendor\\laravel\\framework\\src\\Illuminate\\Pipeline\\Pipeline.php(144): Illuminate\\Routing\\Router->Illuminate\\Routing\\{closure}()
#20 C:\\Users\\hask777\\Desktop\\projects\\PHP\\laravel10-api-passport\\vendor\\laravel\\framework\\src\\Illuminate\\Routing\\Middleware\\SubstituteBindings.php(50): Illuminate\\Pipeline\\Pipeline->Illuminate\\Pipeline\\{closure}()
#21 C:\\Users\\hask777\\Desktop\\projects\\PHP\\laravel10-api-passport\\vendor\\laravel\\framework\\src\\Illuminate\\Pipeline\\Pipeline.php(183): Illuminate\\Routing\\Middleware\\SubstituteBindings->handle()
#22 C:\\Users\\hask777\\Desktop\\projects\\PHP\\laravel10-api-passport\\vendor\\laravel\\framework\\src\\Illuminate\\Routing\\Middleware\\ThrottleRequests.php(159): Illuminate\\Pipeline\\Pipeline->Illuminate\\Pipeline\\{closure}()
#23 C:\\Users\\hask777\\Desktop\\projects\\PHP\\laravel10-api-passport\\vendor\\laravel\\framework\\src\\Illuminate\\Routing\\Middleware\\ThrottleRequests.php(125): Illuminate\\Routing\\Middleware\\ThrottleRequests->handleRequest()
#24 C:\\Users\\hask777\\Desktop\\projects\\PHP\\laravel10-api-passport\\vendor\\laravel\\framework\\src\\Illuminate\\Routing\\Middleware\\ThrottleRequests.php(87): Illuminate\\Routing\\Middleware\\ThrottleRequests->handleRequestUsingNamedLimiter()
#25 C:\\Users\\hask777\\Desktop\\projects\\PHP\\laravel10-api-passport\\vendor\\laravel\\framework\\src\\Illuminate\\Pipeline\\Pipeline.php(183): Illuminate\\Routing\\Middleware\\ThrottleRequests->handle()
#26 C:\\Users\\hask777\\Desktop\\projects\\PHP\\laravel10-api-passport\\vendor\\laravel\\framework\\src\\Illuminate\\Auth\\Middleware\\Authenticate.php(57): Illuminate\\Pipeline\\Pipeline->Illuminate\\Pipeline\\{closure}()
#27 C:\\Users\\hask777\\Desktop\\projects\\PHP\\laravel10-api-passport\\vendor\\laravel\\framework\\src\\Illuminate\\Pipeline\\Pipeline.php(183): Illuminate\\Auth\\Middleware\\Authenticate->handle()
#28 C:\\Users\\hask777\\Desktop\\projects\\PHP\\laravel10-api-passport\\vendor\\laravel\\framework\\src\\Illuminate\\Pipeline\\Pipeline.php(119): Illuminate\\Pipeline\\Pipeline->Illuminate\\Pipeline\\{closure}()
#29 C:\\Users\\hask777\\Desktop\\projects\\PHP\\laravel10-api-passport\\vendor\\laravel\\framework\\src\\Illuminate\\Routing\\Router.php(805): Illuminate\\Pipeline\\Pipeline->then()
#30 C:\\Users\\hask777\\Desktop\\projects\\PHP\\laravel10-api-passport\\vendor\\laravel\\framework\\src\\Illuminate\\Routing\\Router.php(784): Illuminate\\Routing\\Router->runRouteWithinStack()
#31 C:\\Users\\hask777\\Desktop\\projects\\PHP\\laravel10-api-passport\\vendor\\laravel\\framework\\src\\Illuminate\\Routing\\Router.php(748): Illuminate\\Routing\\Router->runRoute()
#32 C:\\Users\\hask777\\Desktop\\projects\\PHP\\laravel10-api-passport\\vendor\\laravel\\framework\\src\\Illuminate\\Routing\\Router.php(737): Illuminate\\Routing\\Router->dispatchToRoute()
#33 C:\\Users\\hask777\\Desktop\\projects\\PHP\\laravel10-api-passport\\vendor\\laravel\\framework\\src\\Illuminate\\Foundation\\Http\\Kernel.php(200): Illuminate\\Routing\\Router->dispatch()
#34 C:\\Users\\hask777\\Desktop\\projects\\PHP\\laravel10-api-passport\\vendor\\laravel\\framework\\src\\Illuminate\\Pipeline\\Pipeline.php(144): Illuminate\\Foundation\\Http\\Kernel->Illuminate\\Foundation\\Http\\{closure}()
#35 C:\\Users\\hask777\\Desktop\\projects\\PHP\\laravel10-api-passport\\vendor\\laravel\\framework\\src\\Illuminate\\Foundation\\Http\\Middleware\\TransformsRequest.php(21): Illuminate\\Pipeline\\Pipeline->Illuminate\\Pipeline\\{closure}()
#36 C:\\Users\\hask777\\Desktop\\projects\\PHP\\laravel10-api-passport\\vendor\\laravel\\framework\\src\\Illuminate\\Foundation\\Http\\Middleware\\ConvertEmptyStringsToNull.php(31): Illuminate\\Foundation\\Http\\Middleware\\TransformsRequest->handle()
#37 C:\\Users\\hask777\\Desktop\\projects\\PHP\\laravel10-api-passport\\vendor\\laravel\\framework\\src\\Illuminate\\Pipeline\\Pipeline.php(183): Illuminate\\Foundation\\Http\\Middleware\\ConvertEmptyStringsToNull->handle()
#38 C:\\Users\\hask777\\Desktop\\projects\\PHP\\laravel10-api-passport\\vendor\\laravel\\framework\\src\\Illuminate\\Foundation\\Http\\Middleware\\TransformsRequest.php(21): Illuminate\\Pipeline\\Pipeline->Illuminate\\Pipeline\\{closure}()
#39 C:\\Users\\hask777\\Desktop\\projects\\PHP\\laravel10-api-passport\\vendor\\laravel\\framework\\src\\Illuminate\\Foundation\\Http\\Middleware\\TrimStrings.php(40): Illuminate\\Foundation\\Http\\Middleware\\TransformsRequest->handle()
#40 C:\\Users\\hask777\\Desktop\\projects\\PHP\\laravel10-api-passport\\vendor\\laravel\\framework\\src\\Illuminate\\Pipeline\\Pipeline.php(183): Illuminate\\Foundation\\Http\\Middleware\\TrimStrings->handle()
#41 C:\\Users\\hask777\\Desktop\\projects\\PHP\\laravel10-api-passport\\vendor\\laravel\\framework\\src\\Illuminate\\Foundation\\Http\\Middleware\\ValidatePostSize.php(27): Illuminate\\Pipeline\\Pipeline->Illuminate\\Pipeline\\{closure}()
#42 C:\\Users\\hask777\\Desktop\\projects\\PHP\\laravel10-api-passport\\vendor\\laravel\\framework\\src\\Illuminate\\Pipeline\\Pipeline.php(183): Illuminate\\Foundation\\Http\\Middleware\\ValidatePostSize->handle()
#43 C:\\Users\\hask777\\Desktop\\projects\\PHP\\laravel10-api-passport\\vendor\\laravel\\framework\\src\\Illuminate\\Foundation\\Http\\Middleware\\PreventRequestsDuringMaintenance.php(99): Illuminate\\Pipeline\\Pipeline->Illuminate\\Pipeline\\{closure}()
#44 C:\\Users\\hask777\\Desktop\\projects\\PHP\\laravel10-api-passport\\vendor\\laravel\\framework\\src\\Illuminate\\Pipeline\\Pipeline.php(183): Illuminate\\Foundation\\Http\\Middleware\\PreventRequestsDuringMaintenance->handle()
#45 C:\\Users\\hask777\\Desktop\\projects\\PHP\\laravel10-api-passport\\vendor\\laravel\\framework\\src\\Illuminate\\Http\\Middleware\\HandleCors.php(62): Illuminate\\Pipeline\\Pipeline->Illuminate\\Pipeline\\{closure}()
#46 C:\\Users\\hask777\\Desktop\\projects\\PHP\\laravel10-api-passport\\vendor\\laravel\\framework\\src\\Illuminate\\Pipeline\\Pipeline.php(183): Illuminate\\Http\\Middleware\\HandleCors->handle()
#47 C:\\Users\\hask777\\Desktop\\projects\\PHP\\laravel10-api-passport\\vendor\\laravel\\framework\\src\\Illuminate\\Http\\Middleware\\TrustProxies.php(39): Illuminate\\Pipeline\\Pipeline->Illuminate\\Pipeline\\{closure}()
#48 C:\\Users\\hask777\\Desktop\\projects\\PHP\\laravel10-api-passport\\vendor\\laravel\\framework\\src\\Illuminate\\Pipeline\\Pipeline.php(183): Illuminate\\Http\\Middleware\\TrustProxies->handle()
#49 C:\\Users\\hask777\\Desktop\\projects\\PHP\\laravel10-api-passport\\vendor\\laravel\\framework\\src\\Illuminate\\Pipeline\\Pipeline.php(119): Illuminate\\Pipeline\\Pipeline->Illuminate\\Pipeline\\{closure}()
#50 C:\\Users\\hask777\\Desktop\\projects\\PHP\\laravel10-api-passport\\vendor\\laravel\\framework\\src\\Illuminate\\Foundation\\Http\\Kernel.php(175): Illuminate\\Pipeline\\Pipeline->then()
#51 C:\\Users\\hask777\\Desktop\\projects\\PHP\\laravel10-api-passport\\vendor\\laravel\\framework\\src\\Illuminate\\Foundation\\Http\\Kernel.php(144): Illuminate\\Foundation\\Http\\Kernel->sendRequestThroughRouter()
#52 C:\\Users\\hask777\\Desktop\\projects\\PHP\\laravel10-api-passport\\public\\index.php(51): Illuminate\\Foundation\\Http\\Kernel->handle()
#53 C:\\Users\\hask777\\Desktop\\projects\\PHP\\laravel10-api-passport\\vendor\\laravel\\framework\\src\\Illuminate\\Foundation\\resources\\server.php(16): require_once('...')
#54 {main}
"} 
[2025-03-16 17:16:04] local.ERROR: Call to a member function toArray() on null {"userId":1,"exception":"[object] (Error(code: 0): Call to a member function toArray() on null at C:\\Users\\hask777\\Desktop\\projects\\PHP\\laravel10-api-passport\\app\\Modules\\Admin\\Role\\Models\\Traits\\UserRoles.php:79)
[stacktrace]
#0 C:\\Users\\hask777\\Desktop\\projects\\PHP\\laravel10-api-passport\\app\\Modules\\Admin\\Menu\\Models\\Menu.php(29): App\\Modules\\Admin\\User\\Models\\User->getMergedPermissions()
#1 C:\\Users\\hask777\\Desktop\\projects\\PHP\\laravel10-api-passport\\vendor\\laravel\\framework\\src\\Illuminate\\Database\\Eloquent\\Builder.php(1396): App\\Modules\\Admin\\Menu\\Models\\Menu->App\\Modules\\Admin\\Menu\\Models\\{closure}()
#2 C:\\Users\\hask777\\Desktop\\projects\\PHP\\laravel10-api-passport\\vendor\\laravel\\framework\\src\\Illuminate\\Database\\Eloquent\\Concerns\\QueriesRelationships.php(61): Illuminate\\Database\\Eloquent\\Builder->callScope()
#3 C:\\Users\\hask777\\Desktop\\projects\\PHP\\laravel10-api-passport\\vendor\\laravel\\framework\\src\\Illuminate\\Database\\Eloquent\\Concerns\\QueriesRelationships.php(152): Illuminate\\Database\\Eloquent\\Builder->has()
#4 C:\\Users\\hask777\\Desktop\\projects\\PHP\\laravel10-api-passport\\app\\Modules\\Admin\\Menu\\Models\\Menu.php(28): Illuminate\\Database\\Eloquent\\Builder->whereHas()
#5 C:\\Users\\hask777\\Desktop\\projects\\PHP\\laravel10-api-passport\\vendor\\laravel\\framework\\src\\Illuminate\\Database\\Eloquent\\Model.php(1627): App\\Modules\\Admin\\Menu\\Models\\Menu->scopeFrontMenu()
#6 C:\\Users\\hask777\\Desktop\\projects\\PHP\\laravel10-api-passport\\vendor\\laravel\\framework\\src\\Illuminate\\Database\\Eloquent\\Builder.php(1415): Illuminate\\Database\\Eloquent\\Model->callNamedScope()
#7 C:\\Users\\hask777\\Desktop\\projects\\PHP\\laravel10-api-passport\\vendor\\laravel\\framework\\src\\Illuminate\\Database\\Eloquent\\Builder.php(1396): Illuminate\\Database\\Eloquent\\Builder->Illuminate\\Database\\Eloquent\\{closure}()
#8 C:\\Users\\hask777\\Desktop\\projects\\PHP\\laravel10-api-passport\\vendor\\laravel\\framework\\src\\Illuminate\\Database\\Eloquent\\Builder.php(1414): Illuminate\\Database\\Eloquent\\Builder->callScope()
#9 C:\\Users\\hask777\\Desktop\\projects\\PHP\\laravel10-api-passport\\vendor\\laravel\\framework\\src\\Illuminate\\Database\\Eloquent\\Builder.php(1978): Illuminate\\Database\\Eloquent\\Builder->callNamedScope()
#10 C:\\Users\\hask777\\Desktop\\projects\\PHP\\laravel10-api-passport\\vendor\\laravel\\framework\\src\\Illuminate\\Support\\Traits\\ForwardsCalls.php(23): Illuminate\\Database\\Eloquent\\Builder->__call()
#11 C:\\Users\\hask777\\Desktop\\projects\\PHP\\laravel10-api-passport\\vendor\\laravel\\framework\\src\\Illuminate\\Database\\Eloquent\\Model.php(2335): Illuminate\\Database\\Eloquent\\Model->forwardCallTo()
#12 C:\\Users\\hask777\\Desktop\\projects\\PHP\\laravel10-api-passport\\vendor\\laravel\\framework\\src\\Illuminate\\Database\\Eloquent\\Model.php(2347): Illuminate\\Database\\Eloquent\\Model->__call()
#13 C:\\Users\\hask777\\Desktop\\projects\\PHP\\laravel10-api-passport\\app\\Modules\\Admin\\Menu\\Controllers\\Api\\MenuController.php(23): Illuminate\\Database\\Eloquent\\Model::__callStatic()
#14 C:\\Users\\hask777\\Desktop\\projects\\PHP\\laravel10-api-passport\\vendor\\laravel\\framework\\src\\Illuminate\\Routing\\Controller.php(54): App\\Modules\\Admin\\Menu\\Controllers\\Api\\MenuController->index()
#15 C:\\Users\\hask777\\Desktop\\projects\\PHP\\laravel10-api-passport\\vendor\\laravel\\framework\\src\\Illuminate\\Routing\\ControllerDispatcher.php(43): Illuminate\\Routing\\Controller->callAction()
#16 C:\\Users\\hask777\\Desktop\\projects\\PHP\\laravel10-api-passport\\vendor\\laravel\\framework\\src\\Illuminate\\Routing\\Route.php(259): Illuminate\\Routing\\ControllerDispatcher->dispatch()
#17 C:\\Users\\hask777\\Desktop\\projects\\PHP\\laravel10-api-passport\\vendor\\laravel\\framework\\src\\Illuminate\\Routing\\Route.php(205): Illuminate\\Routing\\Route->runController()
#18 C:\\Users\\hask777\\Desktop\\projects\\PHP\\laravel10-api-passport\\vendor\\laravel\\framework\\src\\Illuminate\\Routing\\Router.php(806): Illuminate\\Routing\\Route->run()
#19 C:\\Users\\hask777\\Desktop\\projects\\PHP\\laravel10-api-passport\\vendor\\laravel\\framework\\src\\Illuminate\\Pipeline\\Pipeline.php(144): Illuminate\\Routing\\Router->Illuminate\\Routing\\{closure}()
#20 C:\\Users\\hask777\\Desktop\\projects\\PHP\\laravel10-api-passport\\vendor\\laravel\\framework\\src\\Illuminate\\Routing\\Middleware\\SubstituteBindings.php(50): Illuminate\\Pipeline\\Pipeline->Illuminate\\Pipeline\\{closure}()
#21 C:\\Users\\hask777\\Desktop\\projects\\PHP\\laravel10-api-passport\\vendor\\laravel\\framework\\src\\Illuminate\\Pipeline\\Pipeline.php(183): Illuminate\\Routing\\Middleware\\SubstituteBindings->handle()
#22 C:\\Users\\hask777\\Desktop\\projects\\PHP\\laravel10-api-passport\\vendor\\laravel\\framework\\src\\Illuminate\\Routing\\Middleware\\ThrottleRequests.php(159): Illuminate\\Pipeline\\Pipeline->Illuminate\\Pipeline\\{closure}()
#23 C:\\Users\\hask777\\Desktop\\projects\\PHP\\laravel10-api-passport\\vendor\\laravel\\framework\\src\\Illuminate\\Routing\\Middleware\\ThrottleRequests.php(125): Illuminate\\Routing\\Middleware\\ThrottleRequests->handleRequest()
#24 C:\\Users\\hask777\\Desktop\\projects\\PHP\\laravel10-api-passport\\vendor\\laravel\\framework\\src\\Illuminate\\Routing\\Middleware\\ThrottleRequests.php(87): Illuminate\\Routing\\Middleware\\ThrottleRequests->handleRequestUsingNamedLimiter()
#25 C:\\Users\\hask777\\Desktop\\projects\\PHP\\laravel10-api-passport\\vendor\\laravel\\framework\\src\\Illuminate\\Pipeline\\Pipeline.php(183): Illuminate\\Routing\\Middleware\\ThrottleRequests->handle()
#26 C:\\Users\\hask777\\Desktop\\projects\\PHP\\laravel10-api-passport\\vendor\\laravel\\framework\\src\\Illuminate\\Auth\\Middleware\\Authenticate.php(57): Illuminate\\Pipeline\\Pipeline->Illuminate\\Pipeline\\{closure}()
#27 C:\\Users\\hask777\\Desktop\\projects\\PHP\\laravel10-api-passport\\vendor\\laravel\\framework\\src\\Illuminate\\Pipeline\\Pipeline.php(183): Illuminate\\Auth\\Middleware\\Authenticate->handle()
#28 C:\\Users\\hask777\\Desktop\\projects\\PHP\\laravel10-api-passport\\vendor\\laravel\\framework\\src\\Illuminate\\Pipeline\\Pipeline.php(119): Illuminate\\Pipeline\\Pipeline->Illuminate\\Pipeline\\{closure}()
#29 C:\\Users\\hask777\\Desktop\\projects\\PHP\\laravel10-api-passport\\vendor\\laravel\\framework\\src\\Illuminate\\Routing\\Router.php(805): Illuminate\\Pipeline\\Pipeline->then()
#30 C:\\Users\\hask777\\Desktop\\projects\\PHP\\laravel10-api-passport\\vendor\\laravel\\framework\\src\\Illuminate\\Routing\\Router.php(784): Illuminate\\Routing\\Router->runRouteWithinStack()
#31 C:\\Users\\hask777\\Desktop\\projects\\PHP\\laravel10-api-passport\\vendor\\laravel\\framework\\src\\Illuminate\\Routing\\Router.php(748): Illuminate\\Routing\\Router->runRoute()
#32 C:\\Users\\hask777\\Desktop\\projects\\PHP\\laravel10-api-passport\\vendor\\laravel\\framework\\src\\Illuminate\\Routing\\Router.php(737): Illuminate\\Routing\\Router->dispatchToRoute()
#33 C:\\Users\\hask777\\Desktop\\projects\\PHP\\laravel10-api-passport\\vendor\\laravel\\framework\\src\\Illuminate\\Foundation\\Http\\Kernel.php(200): Illuminate\\Routing\\Router->dispatch()
#34 C:\\Users\\hask777\\Desktop\\projects\\PHP\\laravel10-api-passport\\vendor\\laravel\\framework\\src\\Illuminate\\Pipeline\\Pipeline.php(144): Illuminate\\Foundation\\Http\\Kernel->Illuminate\\Foundation\\Http\\{closure}()
#35 C:\\Users\\hask777\\Desktop\\projects\\PHP\\laravel10-api-passport\\vendor\\laravel\\framework\\src\\Illuminate\\Foundation\\Http\\Middleware\\TransformsRequest.php(21): Illuminate\\Pipeline\\Pipeline->Illuminate\\Pipeline\\{closure}()
#36 C:\\Users\\hask777\\Desktop\\projects\\PHP\\laravel10-api-passport\\vendor\\laravel\\framework\\src\\Illuminate\\Foundation\\Http\\Middleware\\ConvertEmptyStringsToNull.php(31): Illuminate\\Foundation\\Http\\Middleware\\TransformsRequest->handle()
#37 C:\\Users\\hask777\\Desktop\\projects\\PHP\\laravel10-api-passport\\vendor\\laravel\\framework\\src\\Illuminate\\Pipeline\\Pipeline.php(183): Illuminate\\Foundation\\Http\\Middleware\\ConvertEmptyStringsToNull->handle()
#38 C:\\Users\\hask777\\Desktop\\projects\\PHP\\laravel10-api-passport\\vendor\\laravel\\framework\\src\\Illuminate\\Foundation\\Http\\Middleware\\TransformsRequest.php(21): Illuminate\\Pipeline\\Pipeline->Illuminate\\Pipeline\\{closure}()
#39 C:\\Users\\hask777\\Desktop\\projects\\PHP\\laravel10-api-passport\\vendor\\laravel\\framework\\src\\Illuminate\\Foundation\\Http\\Middleware\\TrimStrings.php(40): Illuminate\\Foundation\\Http\\Middleware\\TransformsRequest->handle()
#40 C:\\Users\\hask777\\Desktop\\projects\\PHP\\laravel10-api-passport\\vendor\\laravel\\framework\\src\\Illuminate\\Pipeline\\Pipeline.php(183): Illuminate\\Foundation\\Http\\Middleware\\TrimStrings->handle()
#41 C:\\Users\\hask777\\Desktop\\projects\\PHP\\laravel10-api-passport\\vendor\\laravel\\framework\\src\\Illuminate\\Foundation\\Http\\Middleware\\ValidatePostSize.php(27): Illuminate\\Pipeline\\Pipeline->Illuminate\\Pipeline\\{closure}()
#42 C:\\Users\\hask777\\Desktop\\projects\\PHP\\laravel10-api-passport\\vendor\\laravel\\framework\\src\\Illuminate\\Pipeline\\Pipeline.php(183): Illuminate\\Foundation\\Http\\Middleware\\ValidatePostSize->handle()
#43 C:\\Users\\hask777\\Desktop\\projects\\PHP\\laravel10-api-passport\\vendor\\laravel\\framework\\src\\Illuminate\\Foundation\\Http\\Middleware\\PreventRequestsDuringMaintenance.php(99): Illuminate\\Pipeline\\Pipeline->Illuminate\\Pipeline\\{closure}()
#44 C:\\Users\\hask777\\Desktop\\projects\\PHP\\laravel10-api-passport\\vendor\\laravel\\framework\\src\\Illuminate\\Pipeline\\Pipeline.php(183): Illuminate\\Foundation\\Http\\Middleware\\PreventRequestsDuringMaintenance->handle()
#45 C:\\Users\\hask777\\Desktop\\projects\\PHP\\laravel10-api-passport\\vendor\\laravel\\framework\\src\\Illuminate\\Http\\Middleware\\HandleCors.php(62): Illuminate\\Pipeline\\Pipeline->Illuminate\\Pipeline\\{closure}()
#46 C:\\Users\\hask777\\Desktop\\projects\\PHP\\laravel10-api-passport\\vendor\\laravel\\framework\\src\\Illuminate\\Pipeline\\Pipeline.php(183): Illuminate\\Http\\Middleware\\HandleCors->handle()
#47 C:\\Users\\hask777\\Desktop\\projects\\PHP\\laravel10-api-passport\\vendor\\laravel\\framework\\src\\Illuminate\\Http\\Middleware\\TrustProxies.php(39): Illuminate\\Pipeline\\Pipeline->Illuminate\\Pipeline\\{closure}()
#48 C:\\Users\\hask777\\Desktop\\projects\\PHP\\laravel10-api-passport\\vendor\\laravel\\framework\\src\\Illuminate\\Pipeline\\Pipeline.php(183): Illuminate\\Http\\Middleware\\TrustProxies->handle()
#49 C:\\Users\\hask777\\Desktop\\projects\\PHP\\laravel10-api-passport\\vendor\\laravel\\framework\\src\\Illuminate\\Pipeline\\Pipeline.php(119): Illuminate\\Pipeline\\Pipeline->Illuminate\\Pipeline\\{closure}()
#50 C:\\Users\\hask777\\Desktop\\projects\\PHP\\laravel10-api-passport\\vendor\\laravel\\framework\\src\\Illuminate\\Foundation\\Http\\Kernel.php(175): Illuminate\\Pipeline\\Pipeline->then()
#51 C:\\Users\\hask777\\Desktop\\projects\\PHP\\laravel10-api-passport\\vendor\\laravel\\framework\\src\\Illuminate\\Foundation\\Http\\Kernel.php(144): Illuminate\\Foundation\\Http\\Kernel->sendRequestThroughRouter()
#52 C:\\Users\\hask777\\Desktop\\projects\\PHP\\laravel10-api-passport\\public\\index.php(51): Illuminate\\Foundation\\Http\\Kernel->handle()
#53 C:\\Users\\hask777\\Desktop\\projects\\PHP\\laravel10-api-passport\\vendor\\laravel\\framework\\src\\Illuminate\\Foundation\\resources\\server.php(16): require_once('...')
#54 {main}
"} 
[2025-03-16 17:16:30] local.ERROR: App\Modules\Admin\User\Models\User::getRoles must return a relationship instance. {"userId":1,"exception":"[object] (LogicException(code: 0): App\\Modules\\Admin\\User\\Models\\User::getRoles must return a relationship instance. at C:\\Users\\hask777\\Desktop\\projects\\PHP\\laravel10-api-passport\\vendor\\laravel\\framework\\src\\Illuminate\\Database\\Eloquent\\Concerns\\HasAttributes.php:586)
[stacktrace]
#0 C:\\Users\\hask777\\Desktop\\projects\\PHP\\laravel10-api-passport\\vendor\\laravel\\framework\\src\\Illuminate\\Database\\Eloquent\\Concerns\\HasAttributes.php(529): Illuminate\\Database\\Eloquent\\Model->getRelationshipFromMethod()
#1 C:\\Users\\hask777\\Desktop\\projects\\PHP\\laravel10-api-passport\\vendor\\laravel\\framework\\src\\Illuminate\\Database\\Eloquent\\Concerns\\HasAttributes.php(454): Illuminate\\Database\\Eloquent\\Model->getRelationValue()
#2 C:\\Users\\hask777\\Desktop\\projects\\PHP\\laravel10-api-passport\\vendor\\laravel\\framework\\src\\Illuminate\\Database\\Eloquent\\Model.php(2227): Illuminate\\Database\\Eloquent\\Model->getAttribute()
#3 C:\\Users\\hask777\\Desktop\\projects\\PHP\\laravel10-api-passport\\app\\Modules\\Admin\\Role\\Models\\Traits\\UserRoles.php(77): Illuminate\\Database\\Eloquent\\Model->__get()
#4 C:\\Users\\hask777\\Desktop\\projects\\PHP\\laravel10-api-passport\\app\\Modules\\Admin\\Menu\\Models\\Menu.php(29): App\\Modules\\Admin\\User\\Models\\User->getMergedPermissions()
#5 C:\\Users\\hask777\\Desktop\\projects\\PHP\\laravel10-api-passport\\vendor\\laravel\\framework\\src\\Illuminate\\Database\\Eloquent\\Builder.php(1396): App\\Modules\\Admin\\Menu\\Models\\Menu->App\\Modules\\Admin\\Menu\\Models\\{closure}()
#6 C:\\Users\\hask777\\Desktop\\projects\\PHP\\laravel10-api-passport\\vendor\\laravel\\framework\\src\\Illuminate\\Database\\Eloquent\\Concerns\\QueriesRelationships.php(61): Illuminate\\Database\\Eloquent\\Builder->callScope()
#7 C:\\Users\\hask777\\Desktop\\projects\\PHP\\laravel10-api-passport\\vendor\\laravel\\framework\\src\\Illuminate\\Database\\Eloquent\\Concerns\\QueriesRelationships.php(152): Illuminate\\Database\\Eloquent\\Builder->has()
#8 C:\\Users\\hask777\\Desktop\\projects\\PHP\\laravel10-api-passport\\app\\Modules\\Admin\\Menu\\Models\\Menu.php(28): Illuminate\\Database\\Eloquent\\Builder->whereHas()
#9 C:\\Users\\hask777\\Desktop\\projects\\PHP\\laravel10-api-passport\\vendor\\laravel\\framework\\src\\Illuminate\\Database\\Eloquent\\Model.php(1627): App\\Modules\\Admin\\Menu\\Models\\Menu->scopeFrontMenu()
#10 C:\\Users\\hask777\\Desktop\\projects\\PHP\\laravel10-api-passport\\vendor\\laravel\\framework\\src\\Illuminate\\Database\\Eloquent\\Builder.php(1415): Illuminate\\Database\\Eloquent\\Model->callNamedScope()
#11 C:\\Users\\hask777\\Desktop\\projects\\PHP\\laravel10-api-passport\\vendor\\laravel\\framework\\src\\Illuminate\\Database\\Eloquent\\Builder.php(1396): Illuminate\\Database\\Eloquent\\Builder->Illuminate\\Database\\Eloquent\\{closure}()
#12 C:\\Users\\hask777\\Desktop\\projects\\PHP\\laravel10-api-passport\\vendor\\laravel\\framework\\src\\Illuminate\\Database\\Eloquent\\Builder.php(1414): Illuminate\\Database\\Eloquent\\Builder->callScope()
#13 C:\\Users\\hask777\\Desktop\\projects\\PHP\\laravel10-api-passport\\vendor\\laravel\\framework\\src\\Illuminate\\Database\\Eloquent\\Builder.php(1978): Illuminate\\Database\\Eloquent\\Builder->callNamedScope()
#14 C:\\Users\\hask777\\Desktop\\projects\\PHP\\laravel10-api-passport\\vendor\\laravel\\framework\\src\\Illuminate\\Support\\Traits\\ForwardsCalls.php(23): Illuminate\\Database\\Eloquent\\Builder->__call()
#15 C:\\Users\\hask777\\Desktop\\projects\\PHP\\laravel10-api-passport\\vendor\\laravel\\framework\\src\\Illuminate\\Database\\Eloquent\\Model.php(2335): Illuminate\\Database\\Eloquent\\Model->forwardCallTo()
#16 C:\\Users\\hask777\\Desktop\\projects\\PHP\\laravel10-api-passport\\vendor\\laravel\\framework\\src\\Illuminate\\Database\\Eloquent\\Model.php(2347): Illuminate\\Database\\Eloquent\\Model->__call()
#17 C:\\Users\\hask777\\Desktop\\projects\\PHP\\laravel10-api-passport\\app\\Modules\\Admin\\Menu\\Controllers\\Api\\MenuController.php(23): Illuminate\\Database\\Eloquent\\Model::__callStatic()
#18 C:\\Users\\hask777\\Desktop\\projects\\PHP\\laravel10-api-passport\\vendor\\laravel\\framework\\src\\Illuminate\\Routing\\Controller.php(54): App\\Modules\\Admin\\Menu\\Controllers\\Api\\MenuController->index()
#19 C:\\Users\\hask777\\Desktop\\projects\\PHP\\laravel10-api-passport\\vendor\\laravel\\framework\\src\\Illuminate\\Routing\\ControllerDispatcher.php(43): Illuminate\\Routing\\Controller->callAction()
#20 C:\\Users\\hask777\\Desktop\\projects\\PHP\\laravel10-api-passport\\vendor\\laravel\\framework\\src\\Illuminate\\Routing\\Route.php(259): Illuminate\\Routing\\ControllerDispatcher->dispatch()
#21 C:\\Users\\hask777\\Desktop\\projects\\PHP\\laravel10-api-passport\\vendor\\laravel\\framework\\src\\Illuminate\\Routing\\Route.php(205): Illuminate\\Routing\\Route->runController()
#22 C:\\Users\\hask777\\Desktop\\projects\\PHP\\laravel10-api-passport\\vendor\\laravel\\framework\\src\\Illuminate\\Routing\\Router.php(806): Illuminate\\Routing\\Route->run()
#23 C:\\Users\\hask777\\Desktop\\projects\\PHP\\laravel10-api-passport\\vendor\\laravel\\framework\\src\\Illuminate\\Pipeline\\Pipeline.php(144): Illuminate\\Routing\\Router->Illuminate\\Routing\\{closure}()
#24 C:\\Users\\hask777\\Desktop\\projects\\PHP\\laravel10-api-passport\\vendor\\laravel\\framework\\src\\Illuminate\\Routing\\Middleware\\SubstituteBindings.php(50): Illuminate\\Pipeline\\Pipeline->Illuminate\\Pipeline\\{closure}()
#25 C:\\Users\\hask777\\Desktop\\projects\\PHP\\laravel10-api-passport\\vendor\\laravel\\framework\\src\\Illuminate\\Pipeline\\Pipeline.php(183): Illuminate\\Routing\\Middleware\\SubstituteBindings->handle()
#26 C:\\Users\\hask777\\Desktop\\projects\\PHP\\laravel10-api-passport\\vendor\\laravel\\framework\\src\\Illuminate\\Routing\\Middleware\\ThrottleRequests.php(159): Illuminate\\Pipeline\\Pipeline->Illuminate\\Pipeline\\{closure}()
#27 C:\\Users\\hask777\\Desktop\\projects\\PHP\\laravel10-api-passport\\vendor\\laravel\\framework\\src\\Illuminate\\Routing\\Middleware\\ThrottleRequests.php(125): Illuminate\\Routing\\Middleware\\ThrottleRequests->handleRequest()
#28 C:\\Users\\hask777\\Desktop\\projects\\PHP\\laravel10-api-passport\\vendor\\laravel\\framework\\src\\Illuminate\\Routing\\Middleware\\ThrottleRequests.php(87): Illuminate\\Routing\\Middleware\\ThrottleRequests->handleRequestUsingNamedLimiter()
#29 C:\\Users\\hask777\\Desktop\\projects\\PHP\\laravel10-api-passport\\vendor\\laravel\\framework\\src\\Illuminate\\Pipeline\\Pipeline.php(183): Illuminate\\Routing\\Middleware\\ThrottleRequests->handle()
#30 C:\\Users\\hask777\\Desktop\\projects\\PHP\\laravel10-api-passport\\vendor\\laravel\\framework\\src\\Illuminate\\Auth\\Middleware\\Authenticate.php(57): Illuminate\\Pipeline\\Pipeline->Illuminate\\Pipeline\\{closure}()
#31 C:\\Users\\hask777\\Desktop\\projects\\PHP\\laravel10-api-passport\\vendor\\laravel\\framework\\src\\Illuminate\\Pipeline\\Pipeline.php(183): Illuminate\\Auth\\Middleware\\Authenticate->handle()
#32 C:\\Users\\hask777\\Desktop\\projects\\PHP\\laravel10-api-passport\\vendor\\laravel\\framework\\src\\Illuminate\\Pipeline\\Pipeline.php(119): Illuminate\\Pipeline\\Pipeline->Illuminate\\Pipeline\\{closure}()
#33 C:\\Users\\hask777\\Desktop\\projects\\PHP\\laravel10-api-passport\\vendor\\laravel\\framework\\src\\Illuminate\\Routing\\Router.php(805): Illuminate\\Pipeline\\Pipeline->then()
#34 C:\\Users\\hask777\\Desktop\\projects\\PHP\\laravel10-api-passport\\vendor\\laravel\\framework\\src\\Illuminate\\Routing\\Router.php(784): Illuminate\\Routing\\Router->runRouteWithinStack()
#35 C:\\Users\\hask777\\Desktop\\projects\\PHP\\laravel10-api-passport\\vendor\\laravel\\framework\\src\\Illuminate\\Routing\\Router.php(748): Illuminate\\Routing\\Router->runRoute()
#36 C:\\Users\\hask777\\Desktop\\projects\\PHP\\laravel10-api-passport\\vendor\\laravel\\framework\\src\\Illuminate\\Routing\\Router.php(737): Illuminate\\Routing\\Router->dispatchToRoute()
#37 C:\\Users\\hask777\\Desktop\\projects\\PHP\\laravel10-api-passport\\vendor\\laravel\\framework\\src\\Illuminate\\Foundation\\Http\\Kernel.php(200): Illuminate\\Routing\\Router->dispatch()
#38 C:\\Users\\hask777\\Desktop\\projects\\PHP\\laravel10-api-passport\\vendor\\laravel\\framework\\src\\Illuminate\\Pipeline\\Pipeline.php(144): Illuminate\\Foundation\\Http\\Kernel->Illuminate\\Foundation\\Http\\{closure}()
#39 C:\\Users\\hask777\\Desktop\\projects\\PHP\\laravel10-api-passport\\vendor\\laravel\\framework\\src\\Illuminate\\Foundation\\Http\\Middleware\\TransformsRequest.php(21): Illuminate\\Pipeline\\Pipeline->Illuminate\\Pipeline\\{closure}()
#40 C:\\Users\\hask777\\Desktop\\projects\\PHP\\laravel10-api-passport\\vendor\\laravel\\framework\\src\\Illuminate\\Foundation\\Http\\Middleware\\ConvertEmptyStringsToNull.php(31): Illuminate\\Foundation\\Http\\Middleware\\TransformsRequest->handle()
#41 C:\\Users\\hask777\\Desktop\\projects\\PHP\\laravel10-api-passport\\vendor\\laravel\\framework\\src\\Illuminate\\Pipeline\\Pipeline.php(183): Illuminate\\Foundation\\Http\\Middleware\\ConvertEmptyStringsToNull->handle()
#42 C:\\Users\\hask777\\Desktop\\projects\\PHP\\laravel10-api-passport\\vendor\\laravel\\framework\\src\\Illuminate\\Foundation\\Http\\Middleware\\TransformsRequest.php(21): Illuminate\\Pipeline\\Pipeline->Illuminate\\Pipeline\\{closure}()
#43 C:\\Users\\hask777\\Desktop\\projects\\PHP\\laravel10-api-passport\\vendor\\laravel\\framework\\src\\Illuminate\\Foundation\\Http\\Middleware\\TrimStrings.php(40): Illuminate\\Foundation\\Http\\Middleware\\TransformsRequest->handle()
#44 C:\\Users\\hask777\\Desktop\\projects\\PHP\\laravel10-api-passport\\vendor\\laravel\\framework\\src\\Illuminate\\Pipeline\\Pipeline.php(183): Illuminate\\Foundation\\Http\\Middleware\\TrimStrings->handle()
#45 C:\\Users\\hask777\\Desktop\\projects\\PHP\\laravel10-api-passport\\vendor\\laravel\\framework\\src\\Illuminate\\Foundation\\Http\\Middleware\\ValidatePostSize.php(27): Illuminate\\Pipeline\\Pipeline->Illuminate\\Pipeline\\{closure}()
#46 C:\\Users\\hask777\\Desktop\\projects\\PHP\\laravel10-api-passport\\vendor\\laravel\\framework\\src\\Illuminate\\Pipeline\\Pipeline.php(183): Illuminate\\Foundation\\Http\\Middleware\\ValidatePostSize->handle()
#47 C:\\Users\\hask777\\Desktop\\projects\\PHP\\laravel10-api-passport\\vendor\\laravel\\framework\\src\\Illuminate\\Foundation\\Http\\Middleware\\PreventRequestsDuringMaintenance.php(99): Illuminate\\Pipeline\\Pipeline->Illuminate\\Pipeline\\{closure}()
#48 C:\\Users\\hask777\\Desktop\\projects\\PHP\\laravel10-api-passport\\vendor\\laravel\\framework\\src\\Illuminate\\Pipeline\\Pipeline.php(183): Illuminate\\Foundation\\Http\\Middleware\\PreventRequestsDuringMaintenance->handle()
#49 C:\\Users\\hask777\\Desktop\\projects\\PHP\\laravel10-api-passport\\vendor\\laravel\\framework\\src\\Illuminate\\Http\\Middleware\\HandleCors.php(62): Illuminate\\Pipeline\\Pipeline->Illuminate\\Pipeline\\{closure}()
#50 C:\\Users\\hask777\\Desktop\\projects\\PHP\\laravel10-api-passport\\vendor\\laravel\\framework\\src\\Illuminate\\Pipeline\\Pipeline.php(183): Illuminate\\Http\\Middleware\\HandleCors->handle()
#51 C:\\Users\\hask777\\Desktop\\projects\\PHP\\laravel10-api-passport\\vendor\\laravel\\framework\\src\\Illuminate\\Http\\Middleware\\TrustProxies.php(39): Illuminate\\Pipeline\\Pipeline->Illuminate\\Pipeline\\{closure}()
#52 C:\\Users\\hask777\\Desktop\\projects\\PHP\\laravel10-api-passport\\vendor\\laravel\\framework\\src\\Illuminate\\Pipeline\\Pipeline.php(183): Illuminate\\Http\\Middleware\\TrustProxies->handle()
#53 C:\\Users\\hask777\\Desktop\\projects\\PHP\\laravel10-api-passport\\vendor\\laravel\\framework\\src\\Illuminate\\Pipeline\\Pipeline.php(119): Illuminate\\Pipeline\\Pipeline->Illuminate\\Pipeline\\{closure}()
#54 C:\\Users\\hask777\\Desktop\\projects\\PHP\\laravel10-api-passport\\vendor\\laravel\\framework\\src\\Illuminate\\Foundation\\Http\\Kernel.php(175): Illuminate\\Pipeline\\Pipeline->then()
#55 C:\\Users\\hask777\\Desktop\\projects\\PHP\\laravel10-api-passport\\vendor\\laravel\\framework\\src\\Illuminate\\Foundation\\Http\\Kernel.php(144): Illuminate\\Foundation\\Http\\Kernel->sendRequestThroughRouter()
#56 C:\\Users\\hask777\\Desktop\\projects\\PHP\\laravel10-api-passport\\public\\index.php(51): Illuminate\\Foundation\\Http\\Kernel->handle()
#57 C:\\Users\\hask777\\Desktop\\projects\\PHP\\laravel10-api-passport\\vendor\\laravel\\framework\\src\\Illuminate\\Foundation\\resources\\server.php(16): require_once('...')
#58 {main}
"} 
[2025-03-16 17:17:10] local.ERROR: Call to a member function toArray() on null {"userId":1,"exception":"[object] (Error(code: 0): Call to a member function toArray() on null at C:\\Users\\hask777\\Desktop\\projects\\PHP\\laravel10-api-passport\\app\\Modules\\Admin\\Role\\Models\\Traits\\UserRoles.php:79)
[stacktrace]
#0 C:\\Users\\hask777\\Desktop\\projects\\PHP\\laravel10-api-passport\\app\\Modules\\Admin\\Menu\\Models\\Menu.php(29): App\\Modules\\Admin\\User\\Models\\User->getMergedPermissions()
#1 C:\\Users\\hask777\\Desktop\\projects\\PHP\\laravel10-api-passport\\vendor\\laravel\\framework\\src\\Illuminate\\Database\\Eloquent\\Builder.php(1396): App\\Modules\\Admin\\Menu\\Models\\Menu->App\\Modules\\Admin\\Menu\\Models\\{closure}()
#2 C:\\Users\\hask777\\Desktop\\projects\\PHP\\laravel10-api-passport\\vendor\\laravel\\framework\\src\\Illuminate\\Database\\Eloquent\\Concerns\\QueriesRelationships.php(61): Illuminate\\Database\\Eloquent\\Builder->callScope()
#3 C:\\Users\\hask777\\Desktop\\projects\\PHP\\laravel10-api-passport\\vendor\\laravel\\framework\\src\\Illuminate\\Database\\Eloquent\\Concerns\\QueriesRelationships.php(152): Illuminate\\Database\\Eloquent\\Builder->has()
#4 C:\\Users\\hask777\\Desktop\\projects\\PHP\\laravel10-api-passport\\app\\Modules\\Admin\\Menu\\Models\\Menu.php(28): Illuminate\\Database\\Eloquent\\Builder->whereHas()
#5 C:\\Users\\hask777\\Desktop\\projects\\PHP\\laravel10-api-passport\\vendor\\laravel\\framework\\src\\Illuminate\\Database\\Eloquent\\Model.php(1627): App\\Modules\\Admin\\Menu\\Models\\Menu->scopeFrontMenu()
#6 C:\\Users\\hask777\\Desktop\\projects\\PHP\\laravel10-api-passport\\vendor\\laravel\\framework\\src\\Illuminate\\Database\\Eloquent\\Builder.php(1415): Illuminate\\Database\\Eloquent\\Model->callNamedScope()
#7 C:\\Users\\hask777\\Desktop\\projects\\PHP\\laravel10-api-passport\\vendor\\laravel\\framework\\src\\Illuminate\\Database\\Eloquent\\Builder.php(1396): Illuminate\\Database\\Eloquent\\Builder->Illuminate\\Database\\Eloquent\\{closure}()
#8 C:\\Users\\hask777\\Desktop\\projects\\PHP\\laravel10-api-passport\\vendor\\laravel\\framework\\src\\Illuminate\\Database\\Eloquent\\Builder.php(1414): Illuminate\\Database\\Eloquent\\Builder->callScope()
#9 C:\\Users\\hask777\\Desktop\\projects\\PHP\\laravel10-api-passport\\vendor\\laravel\\framework\\src\\Illuminate\\Database\\Eloquent\\Builder.php(1978): Illuminate\\Database\\Eloquent\\Builder->callNamedScope()
#10 C:\\Users\\hask777\\Desktop\\projects\\PHP\\laravel10-api-passport\\vendor\\laravel\\framework\\src\\Illuminate\\Support\\Traits\\ForwardsCalls.php(23): Illuminate\\Database\\Eloquent\\Builder->__call()
#11 C:\\Users\\hask777\\Desktop\\projects\\PHP\\laravel10-api-passport\\vendor\\laravel\\framework\\src\\Illuminate\\Database\\Eloquent\\Model.php(2335): Illuminate\\Database\\Eloquent\\Model->forwardCallTo()
#12 C:\\Users\\hask777\\Desktop\\projects\\PHP\\laravel10-api-passport\\vendor\\laravel\\framework\\src\\Illuminate\\Database\\Eloquent\\Model.php(2347): Illuminate\\Database\\Eloquent\\Model->__call()
#13 C:\\Users\\hask777\\Desktop\\projects\\PHP\\laravel10-api-passport\\app\\Modules\\Admin\\Menu\\Controllers\\Api\\MenuController.php(23): Illuminate\\Database\\Eloquent\\Model::__callStatic()
#14 C:\\Users\\hask777\\Desktop\\projects\\PHP\\laravel10-api-passport\\vendor\\laravel\\framework\\src\\Illuminate\\Routing\\Controller.php(54): App\\Modules\\Admin\\Menu\\Controllers\\Api\\MenuController->index()
#15 C:\\Users\\hask777\\Desktop\\projects\\PHP\\laravel10-api-passport\\vendor\\laravel\\framework\\src\\Illuminate\\Routing\\ControllerDispatcher.php(43): Illuminate\\Routing\\Controller->callAction()
#16 C:\\Users\\hask777\\Desktop\\projects\\PHP\\laravel10-api-passport\\vendor\\laravel\\framework\\src\\Illuminate\\Routing\\Route.php(259): Illuminate\\Routing\\ControllerDispatcher->dispatch()
#17 C:\\Users\\hask777\\Desktop\\projects\\PHP\\laravel10-api-passport\\vendor\\laravel\\framework\\src\\Illuminate\\Routing\\Route.php(205): Illuminate\\Routing\\Route->runController()
#18 C:\\Users\\hask777\\Desktop\\projects\\PHP\\laravel10-api-passport\\vendor\\laravel\\framework\\src\\Illuminate\\Routing\\Router.php(806): Illuminate\\Routing\\Route->run()
#19 C:\\Users\\hask777\\Desktop\\projects\\PHP\\laravel10-api-passport\\vendor\\laravel\\framework\\src\\Illuminate\\Pipeline\\Pipeline.php(144): Illuminate\\Routing\\Router->Illuminate\\Routing\\{closure}()
#20 C:\\Users\\hask777\\Desktop\\projects\\PHP\\laravel10-api-passport\\vendor\\laravel\\framework\\src\\Illuminate\\Routing\\Middleware\\SubstituteBindings.php(50): Illuminate\\Pipeline\\Pipeline->Illuminate\\Pipeline\\{closure}()
#21 C:\\Users\\hask777\\Desktop\\projects\\PHP\\laravel10-api-passport\\vendor\\laravel\\framework\\src\\Illuminate\\Pipeline\\Pipeline.php(183): Illuminate\\Routing\\Middleware\\SubstituteBindings->handle()
#22 C:\\Users\\hask777\\Desktop\\projects\\PHP\\laravel10-api-passport\\vendor\\laravel\\framework\\src\\Illuminate\\Routing\\Middleware\\ThrottleRequests.php(159): Illuminate\\Pipeline\\Pipeline->Illuminate\\Pipeline\\{closure}()
#23 C:\\Users\\hask777\\Desktop\\projects\\PHP\\laravel10-api-passport\\vendor\\laravel\\framework\\src\\Illuminate\\Routing\\Middleware\\ThrottleRequests.php(125): Illuminate\\Routing\\Middleware\\ThrottleRequests->handleRequest()
#24 C:\\Users\\hask777\\Desktop\\projects\\PHP\\laravel10-api-passport\\vendor\\laravel\\framework\\src\\Illuminate\\Routing\\Middleware\\ThrottleRequests.php(87): Illuminate\\Routing\\Middleware\\ThrottleRequests->handleRequestUsingNamedLimiter()
#25 C:\\Users\\hask777\\Desktop\\projects\\PHP\\laravel10-api-passport\\vendor\\laravel\\framework\\src\\Illuminate\\Pipeline\\Pipeline.php(183): Illuminate\\Routing\\Middleware\\ThrottleRequests->handle()
#26 C:\\Users\\hask777\\Desktop\\projects\\PHP\\laravel10-api-passport\\vendor\\laravel\\framework\\src\\Illuminate\\Auth\\Middleware\\Authenticate.php(57): Illuminate\\Pipeline\\Pipeline->Illuminate\\Pipeline\\{closure}()
#27 C:\\Users\\hask777\\Desktop\\projects\\PHP\\laravel10-api-passport\\vendor\\laravel\\framework\\src\\Illuminate\\Pipeline\\Pipeline.php(183): Illuminate\\Auth\\Middleware\\Authenticate->handle()
#28 C:\\Users\\hask777\\Desktop\\projects\\PHP\\laravel10-api-passport\\vendor\\laravel\\framework\\src\\Illuminate\\Pipeline\\Pipeline.php(119): Illuminate\\Pipeline\\Pipeline->Illuminate\\Pipeline\\{closure}()
#29 C:\\Users\\hask777\\Desktop\\projects\\PHP\\laravel10-api-passport\\vendor\\laravel\\framework\\src\\Illuminate\\Routing\\Router.php(805): Illuminate\\Pipeline\\Pipeline->then()
#30 C:\\Users\\hask777\\Desktop\\projects\\PHP\\laravel10-api-passport\\vendor\\laravel\\framework\\src\\Illuminate\\Routing\\Router.php(784): Illuminate\\Routing\\Router->runRouteWithinStack()
#31 C:\\Users\\hask777\\Desktop\\projects\\PHP\\laravel10-api-passport\\vendor\\laravel\\framework\\src\\Illuminate\\Routing\\Router.php(748): Illuminate\\Routing\\Router->runRoute()
#32 C:\\Users\\hask777\\Desktop\\projects\\PHP\\laravel10-api-passport\\vendor\\laravel\\framework\\src\\Illuminate\\Routing\\Router.php(737): Illuminate\\Routing\\Router->dispatchToRoute()
#33 C:\\Users\\hask777\\Desktop\\projects\\PHP\\laravel10-api-passport\\vendor\\laravel\\framework\\src\\Illuminate\\Foundation\\Http\\Kernel.php(200): Illuminate\\Routing\\Router->dispatch()
#34 C:\\Users\\hask777\\Desktop\\projects\\PHP\\laravel10-api-passport\\vendor\\laravel\\framework\\src\\Illuminate\\Pipeline\\Pipeline.php(144): Illuminate\\Foundation\\Http\\Kernel->Illuminate\\Foundation\\Http\\{closure}()
#35 C:\\Users\\hask777\\Desktop\\projects\\PHP\\laravel10-api-passport\\vendor\\laravel\\framework\\src\\Illuminate\\Foundation\\Http\\Middleware\\TransformsRequest.php(21): Illuminate\\Pipeline\\Pipeline->Illuminate\\Pipeline\\{closure}()
#36 C:\\Users\\hask777\\Desktop\\projects\\PHP\\laravel10-api-passport\\vendor\\laravel\\framework\\src\\Illuminate\\Foundation\\Http\\Middleware\\ConvertEmptyStringsToNull.php(31): Illuminate\\Foundation\\Http\\Middleware\\TransformsRequest->handle()
#37 C:\\Users\\hask777\\Desktop\\projects\\PHP\\laravel10-api-passport\\vendor\\laravel\\framework\\src\\Illuminate\\Pipeline\\Pipeline.php(183): Illuminate\\Foundation\\Http\\Middleware\\ConvertEmptyStringsToNull->handle()
#38 C:\\Users\\hask777\\Desktop\\projects\\PHP\\laravel10-api-passport\\vendor\\laravel\\framework\\src\\Illuminate\\Foundation\\Http\\Middleware\\TransformsRequest.php(21): Illuminate\\Pipeline\\Pipeline->Illuminate\\Pipeline\\{closure}()
#39 C:\\Users\\hask777\\Desktop\\projects\\PHP\\laravel10-api-passport\\vendor\\laravel\\framework\\src\\Illuminate\\Foundation\\Http\\Middleware\\TrimStrings.php(40): Illuminate\\Foundation\\Http\\Middleware\\TransformsRequest->handle()
#40 C:\\Users\\hask777\\Desktop\\projects\\PHP\\laravel10-api-passport\\vendor\\laravel\\framework\\src\\Illuminate\\Pipeline\\Pipeline.php(183): Illuminate\\Foundation\\Http\\Middleware\\TrimStrings->handle()
#41 C:\\Users\\hask777\\Desktop\\projects\\PHP\\laravel10-api-passport\\vendor\\laravel\\framework\\src\\Illuminate\\Foundation\\Http\\Middleware\\ValidatePostSize.php(27): Illuminate\\Pipeline\\Pipeline->Illuminate\\Pipeline\\{closure}()
#42 C:\\Users\\hask777\\Desktop\\projects\\PHP\\laravel10-api-passport\\vendor\\laravel\\framework\\src\\Illuminate\\Pipeline\\Pipeline.php(183): Illuminate\\Foundation\\Http\\Middleware\\ValidatePostSize->handle()
#43 C:\\Users\\hask777\\Desktop\\projects\\PHP\\laravel10-api-passport\\vendor\\laravel\\framework\\src\\Illuminate\\Foundation\\Http\\Middleware\\PreventRequestsDuringMaintenance.php(99): Illuminate\\Pipeline\\Pipeline->Illuminate\\Pipeline\\{closure}()
#44 C:\\Users\\hask777\\Desktop\\projects\\PHP\\laravel10-api-passport\\vendor\\laravel\\framework\\src\\Illuminate\\Pipeline\\Pipeline.php(183): Illuminate\\Foundation\\Http\\Middleware\\PreventRequestsDuringMaintenance->handle()
#45 C:\\Users\\hask777\\Desktop\\projects\\PHP\\laravel10-api-passport\\vendor\\laravel\\framework\\src\\Illuminate\\Http\\Middleware\\HandleCors.php(62): Illuminate\\Pipeline\\Pipeline->Illuminate\\Pipeline\\{closure}()
#46 C:\\Users\\hask777\\Desktop\\projects\\PHP\\laravel10-api-passport\\vendor\\laravel\\framework\\src\\Illuminate\\Pipeline\\Pipeline.php(183): Illuminate\\Http\\Middleware\\HandleCors->handle()
#47 C:\\Users\\hask777\\Desktop\\projects\\PHP\\laravel10-api-passport\\vendor\\laravel\\framework\\src\\Illuminate\\Http\\Middleware\\TrustProxies.php(39): Illuminate\\Pipeline\\Pipeline->Illuminate\\Pipeline\\{closure}()
#48 C:\\Users\\hask777\\Desktop\\projects\\PHP\\laravel10-api-passport\\vendor\\laravel\\framework\\src\\Illuminate\\Pipeline\\Pipeline.php(183): Illuminate\\Http\\Middleware\\TrustProxies->handle()
#49 C:\\Users\\hask777\\Desktop\\projects\\PHP\\laravel10-api-passport\\vendor\\laravel\\framework\\src\\Illuminate\\Pipeline\\Pipeline.php(119): Illuminate\\Pipeline\\Pipeline->Illuminate\\Pipeline\\{closure}()
#50 C:\\Users\\hask777\\Desktop\\projects\\PHP\\laravel10-api-passport\\vendor\\laravel\\framework\\src\\Illuminate\\Foundation\\Http\\Kernel.php(175): Illuminate\\Pipeline\\Pipeline->then()
#51 C:\\Users\\hask777\\Desktop\\projects\\PHP\\laravel10-api-passport\\vendor\\laravel\\framework\\src\\Illuminate\\Foundation\\Http\\Kernel.php(144): Illuminate\\Foundation\\Http\\Kernel->sendRequestThroughRouter()
#52 C:\\Users\\hask777\\Desktop\\projects\\PHP\\laravel10-api-passport\\public\\index.php(51): Illuminate\\Foundation\\Http\\Kernel->handle()
#53 C:\\Users\\hask777\\Desktop\\projects\\PHP\\laravel10-api-passport\\vendor\\laravel\\framework\\src\\Illuminate\\Foundation\\resources\\server.php(16): require_once('...')
#54 {main}
"} 
[2025-03-16 17:18:38] local.ERROR: Attempt to read property "perms" on array {"userId":1,"exception":"[object] (ErrorException(code: 0): Attempt to read property \"perms\" on array at C:\\Users\\hask777\\Desktop\\projects\\PHP\\laravel10-api-passport\\app\\Modules\\Admin\\Role\\Models\\Traits\\UserRoles.php:80)
[stacktrace]
#0 C:\\Users\\hask777\\Desktop\\projects\\PHP\\laravel10-api-passport\\vendor\\laravel\\framework\\src\\Illuminate\\Foundation\\Bootstrap\\HandleExceptions.php(255): Illuminate\\Foundation\\Bootstrap\\HandleExceptions->handleError()
#1 C:\\Users\\hask777\\Desktop\\projects\\PHP\\laravel10-api-passport\\app\\Modules\\Admin\\Role\\Models\\Traits\\UserRoles.php(80): Illuminate\\Foundation\\Bootstrap\\HandleExceptions->Illuminate\\Foundation\\Bootstrap\\{closure}()
#2 C:\\Users\\hask777\\Desktop\\projects\\PHP\\laravel10-api-passport\\app\\Modules\\Admin\\Menu\\Models\\Menu.php(29): App\\Modules\\Admin\\User\\Models\\User->getMergedPermissions()
#3 C:\\Users\\hask777\\Desktop\\projects\\PHP\\laravel10-api-passport\\vendor\\laravel\\framework\\src\\Illuminate\\Database\\Eloquent\\Builder.php(1396): App\\Modules\\Admin\\Menu\\Models\\Menu->App\\Modules\\Admin\\Menu\\Models\\{closure}()
#4 C:\\Users\\hask777\\Desktop\\projects\\PHP\\laravel10-api-passport\\vendor\\laravel\\framework\\src\\Illuminate\\Database\\Eloquent\\Concerns\\QueriesRelationships.php(61): Illuminate\\Database\\Eloquent\\Builder->callScope()
#5 C:\\Users\\hask777\\Desktop\\projects\\PHP\\laravel10-api-passport\\vendor\\laravel\\framework\\src\\Illuminate\\Database\\Eloquent\\Concerns\\QueriesRelationships.php(152): Illuminate\\Database\\Eloquent\\Builder->has()
#6 C:\\Users\\hask777\\Desktop\\projects\\PHP\\laravel10-api-passport\\app\\Modules\\Admin\\Menu\\Models\\Menu.php(28): Illuminate\\Database\\Eloquent\\Builder->whereHas()
#7 C:\\Users\\hask777\\Desktop\\projects\\PHP\\laravel10-api-passport\\vendor\\laravel\\framework\\src\\Illuminate\\Database\\Eloquent\\Model.php(1627): App\\Modules\\Admin\\Menu\\Models\\Menu->scopeFrontMenu()
#8 C:\\Users\\hask777\\Desktop\\projects\\PHP\\laravel10-api-passport\\vendor\\laravel\\framework\\src\\Illuminate\\Database\\Eloquent\\Builder.php(1415): Illuminate\\Database\\Eloquent\\Model->callNamedScope()
#9 C:\\Users\\hask777\\Desktop\\projects\\PHP\\laravel10-api-passport\\vendor\\laravel\\framework\\src\\Illuminate\\Database\\Eloquent\\Builder.php(1396): Illuminate\\Database\\Eloquent\\Builder->Illuminate\\Database\\Eloquent\\{closure}()
#10 C:\\Users\\hask777\\Desktop\\projects\\PHP\\laravel10-api-passport\\vendor\\laravel\\framework\\src\\Illuminate\\Database\\Eloquent\\Builder.php(1414): Illuminate\\Database\\Eloquent\\Builder->callScope()
#11 C:\\Users\\hask777\\Desktop\\projects\\PHP\\laravel10-api-passport\\vendor\\laravel\\framework\\src\\Illuminate\\Database\\Eloquent\\Builder.php(1978): Illuminate\\Database\\Eloquent\\Builder->callNamedScope()
#12 C:\\Users\\hask777\\Desktop\\projects\\PHP\\laravel10-api-passport\\vendor\\laravel\\framework\\src\\Illuminate\\Support\\Traits\\ForwardsCalls.php(23): Illuminate\\Database\\Eloquent\\Builder->__call()
#13 C:\\Users\\hask777\\Desktop\\projects\\PHP\\laravel10-api-passport\\vendor\\laravel\\framework\\src\\Illuminate\\Database\\Eloquent\\Model.php(2335): Illuminate\\Database\\Eloquent\\Model->forwardCallTo()
#14 C:\\Users\\hask777\\Desktop\\projects\\PHP\\laravel10-api-passport\\vendor\\laravel\\framework\\src\\Illuminate\\Database\\Eloquent\\Model.php(2347): Illuminate\\Database\\Eloquent\\Model->__call()
#15 C:\\Users\\hask777\\Desktop\\projects\\PHP\\laravel10-api-passport\\app\\Modules\\Admin\\Menu\\Controllers\\Api\\MenuController.php(23): Illuminate\\Database\\Eloquent\\Model::__callStatic()
#16 C:\\Users\\hask777\\Desktop\\projects\\PHP\\laravel10-api-passport\\vendor\\laravel\\framework\\src\\Illuminate\\Routing\\Controller.php(54): App\\Modules\\Admin\\Menu\\Controllers\\Api\\MenuController->index()
#17 C:\\Users\\hask777\\Desktop\\projects\\PHP\\laravel10-api-passport\\vendor\\laravel\\framework\\src\\Illuminate\\Routing\\ControllerDispatcher.php(43): Illuminate\\Routing\\Controller->callAction()
#18 C:\\Users\\hask777\\Desktop\\projects\\PHP\\laravel10-api-passport\\vendor\\laravel\\framework\\src\\Illuminate\\Routing\\Route.php(259): Illuminate\\Routing\\ControllerDispatcher->dispatch()
#19 C:\\Users\\hask777\\Desktop\\projects\\PHP\\laravel10-api-passport\\vendor\\laravel\\framework\\src\\Illuminate\\Routing\\Route.php(205): Illuminate\\Routing\\Route->runController()
#20 C:\\Users\\hask777\\Desktop\\projects\\PHP\\laravel10-api-passport\\vendor\\laravel\\framework\\src\\Illuminate\\Routing\\Router.php(806): Illuminate\\Routing\\Route->run()
#21 C:\\Users\\hask777\\Desktop\\projects\\PHP\\laravel10-api-passport\\vendor\\laravel\\framework\\src\\Illuminate\\Pipeline\\Pipeline.php(144): Illuminate\\Routing\\Router->Illuminate\\Routing\\{closure}()
#22 C:\\Users\\hask777\\Desktop\\projects\\PHP\\laravel10-api-passport\\vendor\\laravel\\framework\\src\\Illuminate\\Routing\\Middleware\\SubstituteBindings.php(50): Illuminate\\Pipeline\\Pipeline->Illuminate\\Pipeline\\{closure}()
#23 C:\\Users\\hask777\\Desktop\\projects\\PHP\\laravel10-api-passport\\vendor\\laravel\\framework\\src\\Illuminate\\Pipeline\\Pipeline.php(183): Illuminate\\Routing\\Middleware\\SubstituteBindings->handle()
#24 C:\\Users\\hask777\\Desktop\\projects\\PHP\\laravel10-api-passport\\vendor\\laravel\\framework\\src\\Illuminate\\Routing\\Middleware\\ThrottleRequests.php(159): Illuminate\\Pipeline\\Pipeline->Illuminate\\Pipeline\\{closure}()
#25 C:\\Users\\hask777\\Desktop\\projects\\PHP\\laravel10-api-passport\\vendor\\laravel\\framework\\src\\Illuminate\\Routing\\Middleware\\ThrottleRequests.php(125): Illuminate\\Routing\\Middleware\\ThrottleRequests->handleRequest()
#26 C:\\Users\\hask777\\Desktop\\projects\\PHP\\laravel10-api-passport\\vendor\\laravel\\framework\\src\\Illuminate\\Routing\\Middleware\\ThrottleRequests.php(87): Illuminate\\Routing\\Middleware\\ThrottleRequests->handleRequestUsingNamedLimiter()
#27 C:\\Users\\hask777\\Desktop\\projects\\PHP\\laravel10-api-passport\\vendor\\laravel\\framework\\src\\Illuminate\\Pipeline\\Pipeline.php(183): Illuminate\\Routing\\Middleware\\ThrottleRequests->handle()
#28 C:\\Users\\hask777\\Desktop\\projects\\PHP\\laravel10-api-passport\\vendor\\laravel\\framework\\src\\Illuminate\\Auth\\Middleware\\Authenticate.php(57): Illuminate\\Pipeline\\Pipeline->Illuminate\\Pipeline\\{closure}()
#29 C:\\Users\\hask777\\Desktop\\projects\\PHP\\laravel10-api-passport\\vendor\\laravel\\framework\\src\\Illuminate\\Pipeline\\Pipeline.php(183): Illuminate\\Auth\\Middleware\\Authenticate->handle()
#30 C:\\Users\\hask777\\Desktop\\projects\\PHP\\laravel10-api-passport\\vendor\\laravel\\framework\\src\\Illuminate\\Pipeline\\Pipeline.php(119): Illuminate\\Pipeline\\Pipeline->Illuminate\\Pipeline\\{closure}()
#31 C:\\Users\\hask777\\Desktop\\projects\\PHP\\laravel10-api-passport\\vendor\\laravel\\framework\\src\\Illuminate\\Routing\\Router.php(805): Illuminate\\Pipeline\\Pipeline->then()
#32 C:\\Users\\hask777\\Desktop\\projects\\PHP\\laravel10-api-passport\\vendor\\laravel\\framework\\src\\Illuminate\\Routing\\Router.php(784): Illuminate\\Routing\\Router->runRouteWithinStack()
#33 C:\\Users\\hask777\\Desktop\\projects\\PHP\\laravel10-api-passport\\vendor\\laravel\\framework\\src\\Illuminate\\Routing\\Router.php(748): Illuminate\\Routing\\Router->runRoute()
#34 C:\\Users\\hask777\\Desktop\\projects\\PHP\\laravel10-api-passport\\vendor\\laravel\\framework\\src\\Illuminate\\Routing\\Router.php(737): Illuminate\\Routing\\Router->dispatchToRoute()
#35 C:\\Users\\hask777\\Desktop\\projects\\PHP\\laravel10-api-passport\\vendor\\laravel\\framework\\src\\Illuminate\\Foundation\\Http\\Kernel.php(200): Illuminate\\Routing\\Router->dispatch()
#36 C:\\Users\\hask777\\Desktop\\projects\\PHP\\laravel10-api-passport\\vendor\\laravel\\framework\\src\\Illuminate\\Pipeline\\Pipeline.php(144): Illuminate\\Foundation\\Http\\Kernel->Illuminate\\Foundation\\Http\\{closure}()
#37 C:\\Users\\hask777\\Desktop\\projects\\PHP\\laravel10-api-passport\\vendor\\laravel\\framework\\src\\Illuminate\\Foundation\\Http\\Middleware\\TransformsRequest.php(21): Illuminate\\Pipeline\\Pipeline->Illuminate\\Pipeline\\{closure}()
#38 C:\\Users\\hask777\\Desktop\\projects\\PHP\\laravel10-api-passport\\vendor\\laravel\\framework\\src\\Illuminate\\Foundation\\Http\\Middleware\\ConvertEmptyStringsToNull.php(31): Illuminate\\Foundation\\Http\\Middleware\\TransformsRequest->handle()
#39 C:\\Users\\hask777\\Desktop\\projects\\PHP\\laravel10-api-passport\\vendor\\laravel\\framework\\src\\Illuminate\\Pipeline\\Pipeline.php(183): Illuminate\\Foundation\\Http\\Middleware\\ConvertEmptyStringsToNull->handle()
#40 C:\\Users\\hask777\\Desktop\\projects\\PHP\\laravel10-api-passport\\vendor\\laravel\\framework\\src\\Illuminate\\Foundation\\Http\\Middleware\\TransformsRequest.php(21): Illuminate\\Pipeline\\Pipeline->Illuminate\\Pipeline\\{closure}()
#41 C:\\Users\\hask777\\Desktop\\projects\\PHP\\laravel10-api-passport\\vendor\\laravel\\framework\\src\\Illuminate\\Foundation\\Http\\Middleware\\TrimStrings.php(40): Illuminate\\Foundation\\Http\\Middleware\\TransformsRequest->handle()
#42 C:\\Users\\hask777\\Desktop\\projects\\PHP\\laravel10-api-passport\\vendor\\laravel\\framework\\src\\Illuminate\\Pipeline\\Pipeline.php(183): Illuminate\\Foundation\\Http\\Middleware\\TrimStrings->handle()
#43 C:\\Users\\hask777\\Desktop\\projects\\PHP\\laravel10-api-passport\\vendor\\laravel\\framework\\src\\Illuminate\\Foundation\\Http\\Middleware\\ValidatePostSize.php(27): Illuminate\\Pipeline\\Pipeline->Illuminate\\Pipeline\\{closure}()
#44 C:\\Users\\hask777\\Desktop\\projects\\PHP\\laravel10-api-passport\\vendor\\laravel\\framework\\src\\Illuminate\\Pipeline\\Pipeline.php(183): Illuminate\\Foundation\\Http\\Middleware\\ValidatePostSize->handle()
#45 C:\\Users\\hask777\\Desktop\\projects\\PHP\\laravel10-api-passport\\vendor\\laravel\\framework\\src\\Illuminate\\Foundation\\Http\\Middleware\\PreventRequestsDuringMaintenance.php(99): Illuminate\\Pipeline\\Pipeline->Illuminate\\Pipeline\\{closure}()
#46 C:\\Users\\hask777\\Desktop\\projects\\PHP\\laravel10-api-passport\\vendor\\laravel\\framework\\src\\Illuminate\\Pipeline\\Pipeline.php(183): Illuminate\\Foundation\\Http\\Middleware\\PreventRequestsDuringMaintenance->handle()
#47 C:\\Users\\hask777\\Desktop\\projects\\PHP\\laravel10-api-passport\\vendor\\laravel\\framework\\src\\Illuminate\\Http\\Middleware\\HandleCors.php(62): Illuminate\\Pipeline\\Pipeline->Illuminate\\Pipeline\\{closure}()
#48 C:\\Users\\hask777\\Desktop\\projects\\PHP\\laravel10-api-passport\\vendor\\laravel\\framework\\src\\Illuminate\\Pipeline\\Pipeline.php(183): Illuminate\\Http\\Middleware\\HandleCors->handle()
#49 C:\\Users\\hask777\\Desktop\\projects\\PHP\\laravel10-api-passport\\vendor\\laravel\\framework\\src\\Illuminate\\Http\\Middleware\\TrustProxies.php(39): Illuminate\\Pipeline\\Pipeline->Illuminate\\Pipeline\\{closure}()
#50 C:\\Users\\hask777\\Desktop\\projects\\PHP\\laravel10-api-passport\\vendor\\laravel\\framework\\src\\Illuminate\\Pipeline\\Pipeline.php(183): Illuminate\\Http\\Middleware\\TrustProxies->handle()
#51 C:\\Users\\hask777\\Desktop\\projects\\PHP\\laravel10-api-passport\\vendor\\laravel\\framework\\src\\Illuminate\\Pipeline\\Pipeline.php(119): Illuminate\\Pipeline\\Pipeline->Illuminate\\Pipeline\\{closure}()
#52 C:\\Users\\hask777\\Desktop\\projects\\PHP\\laravel10-api-passport\\vendor\\laravel\\framework\\src\\Illuminate\\Foundation\\Http\\Kernel.php(175): Illuminate\\Pipeline\\Pipeline->then()
#53 C:\\Users\\hask777\\Desktop\\projects\\PHP\\laravel10-api-passport\\vendor\\laravel\\framework\\src\\Illuminate\\Foundation\\Http\\Kernel.php(144): Illuminate\\Foundation\\Http\\Kernel->sendRequestThroughRouter()
#54 C:\\Users\\hask777\\Desktop\\projects\\PHP\\laravel10-api-passport\\public\\index.php(51): Illuminate\\Foundation\\Http\\Kernel->handle()
#55 C:\\Users\\hask777\\Desktop\\projects\\PHP\\laravel10-api-passport\\vendor\\laravel\\framework\\src\\Illuminate\\Foundation\\resources\\server.php(16): require_once('...')
#56 {main}
"} 
[2025-03-16 17:19:15] local.ERROR: Attempt to read property "permissions" on array {"userId":1,"exception":"[object] (ErrorException(code: 0): Attempt to read property \"permissions\" on array at C:\\Users\\hask777\\Desktop\\projects\\PHP\\laravel10-api-passport\\app\\Modules\\Admin\\Role\\Models\\Traits\\UserRoles.php:80)
[stacktrace]
#0 C:\\Users\\hask777\\Desktop\\projects\\PHP\\laravel10-api-passport\\vendor\\laravel\\framework\\src\\Illuminate\\Foundation\\Bootstrap\\HandleExceptions.php(255): Illuminate\\Foundation\\Bootstrap\\HandleExceptions->handleError()
#1 C:\\Users\\hask777\\Desktop\\projects\\PHP\\laravel10-api-passport\\app\\Modules\\Admin\\Role\\Models\\Traits\\UserRoles.php(80): Illuminate\\Foundation\\Bootstrap\\HandleExceptions->Illuminate\\Foundation\\Bootstrap\\{closure}()
#2 C:\\Users\\hask777\\Desktop\\projects\\PHP\\laravel10-api-passport\\app\\Modules\\Admin\\Menu\\Models\\Menu.php(29): App\\Modules\\Admin\\User\\Models\\User->getMergedPermissions()
#3 C:\\Users\\hask777\\Desktop\\projects\\PHP\\laravel10-api-passport\\vendor\\laravel\\framework\\src\\Illuminate\\Database\\Eloquent\\Builder.php(1396): App\\Modules\\Admin\\Menu\\Models\\Menu->App\\Modules\\Admin\\Menu\\Models\\{closure}()
#4 C:\\Users\\hask777\\Desktop\\projects\\PHP\\laravel10-api-passport\\vendor\\laravel\\framework\\src\\Illuminate\\Database\\Eloquent\\Concerns\\QueriesRelationships.php(61): Illuminate\\Database\\Eloquent\\Builder->callScope()
#5 C:\\Users\\hask777\\Desktop\\projects\\PHP\\laravel10-api-passport\\vendor\\laravel\\framework\\src\\Illuminate\\Database\\Eloquent\\Concerns\\QueriesRelationships.php(152): Illuminate\\Database\\Eloquent\\Builder->has()
#6 C:\\Users\\hask777\\Desktop\\projects\\PHP\\laravel10-api-passport\\app\\Modules\\Admin\\Menu\\Models\\Menu.php(28): Illuminate\\Database\\Eloquent\\Builder->whereHas()
#7 C:\\Users\\hask777\\Desktop\\projects\\PHP\\laravel10-api-passport\\vendor\\laravel\\framework\\src\\Illuminate\\Database\\Eloquent\\Model.php(1627): App\\Modules\\Admin\\Menu\\Models\\Menu->scopeFrontMenu()
#8 C:\\Users\\hask777\\Desktop\\projects\\PHP\\laravel10-api-passport\\vendor\\laravel\\framework\\src\\Illuminate\\Database\\Eloquent\\Builder.php(1415): Illuminate\\Database\\Eloquent\\Model->callNamedScope()
#9 C:\\Users\\hask777\\Desktop\\projects\\PHP\\laravel10-api-passport\\vendor\\laravel\\framework\\src\\Illuminate\\Database\\Eloquent\\Builder.php(1396): Illuminate\\Database\\Eloquent\\Builder->Illuminate\\Database\\Eloquent\\{closure}()
#10 C:\\Users\\hask777\\Desktop\\projects\\PHP\\laravel10-api-passport\\vendor\\laravel\\framework\\src\\Illuminate\\Database\\Eloquent\\Builder.php(1414): Illuminate\\Database\\Eloquent\\Builder->callScope()
#11 C:\\Users\\hask777\\Desktop\\projects\\PHP\\laravel10-api-passport\\vendor\\laravel\\framework\\src\\Illuminate\\Database\\Eloquent\\Builder.php(1978): Illuminate\\Database\\Eloquent\\Builder->callNamedScope()
#12 C:\\Users\\hask777\\Desktop\\projects\\PHP\\laravel10-api-passport\\vendor\\laravel\\framework\\src\\Illuminate\\Support\\Traits\\ForwardsCalls.php(23): Illuminate\\Database\\Eloquent\\Builder->__call()
#13 C:\\Users\\hask777\\Desktop\\projects\\PHP\\laravel10-api-passport\\vendor\\laravel\\framework\\src\\Illuminate\\Database\\Eloquent\\Model.php(2335): Illuminate\\Database\\Eloquent\\Model->forwardCallTo()
#14 C:\\Users\\hask777\\Desktop\\projects\\PHP\\laravel10-api-passport\\vendor\\laravel\\framework\\src\\Illuminate\\Database\\Eloquent\\Model.php(2347): Illuminate\\Database\\Eloquent\\Model->__call()
#15 C:\\Users\\hask777\\Desktop\\projects\\PHP\\laravel10-api-passport\\app\\Modules\\Admin\\Menu\\Controllers\\Api\\MenuController.php(23): Illuminate\\Database\\Eloquent\\Model::__callStatic()
#16 C:\\Users\\hask777\\Desktop\\projects\\PHP\\laravel10-api-passport\\vendor\\laravel\\framework\\src\\Illuminate\\Routing\\Controller.php(54): App\\Modules\\Admin\\Menu\\Controllers\\Api\\MenuController->index()
#17 C:\\Users\\hask777\\Desktop\\projects\\PHP\\laravel10-api-passport\\vendor\\laravel\\framework\\src\\Illuminate\\Routing\\ControllerDispatcher.php(43): Illuminate\\Routing\\Controller->callAction()
#18 C:\\Users\\hask777\\Desktop\\projects\\PHP\\laravel10-api-passport\\vendor\\laravel\\framework\\src\\Illuminate\\Routing\\Route.php(259): Illuminate\\Routing\\ControllerDispatcher->dispatch()
#19 C:\\Users\\hask777\\Desktop\\projects\\PHP\\laravel10-api-passport\\vendor\\laravel\\framework\\src\\Illuminate\\Routing\\Route.php(205): Illuminate\\Routing\\Route->runController()
#20 C:\\Users\\hask777\\Desktop\\projects\\PHP\\laravel10-api-passport\\vendor\\laravel\\framework\\src\\Illuminate\\Routing\\Router.php(806): Illuminate\\Routing\\Route->run()
#21 C:\\Users\\hask777\\Desktop\\projects\\PHP\\laravel10-api-passport\\vendor\\laravel\\framework\\src\\Illuminate\\Pipeline\\Pipeline.php(144): Illuminate\\Routing\\Router->Illuminate\\Routing\\{closure}()
#22 C:\\Users\\hask777\\Desktop\\projects\\PHP\\laravel10-api-passport\\vendor\\laravel\\framework\\src\\Illuminate\\Routing\\Middleware\\SubstituteBindings.php(50): Illuminate\\Pipeline\\Pipeline->Illuminate\\Pipeline\\{closure}()
#23 C:\\Users\\hask777\\Desktop\\projects\\PHP\\laravel10-api-passport\\vendor\\laravel\\framework\\src\\Illuminate\\Pipeline\\Pipeline.php(183): Illuminate\\Routing\\Middleware\\SubstituteBindings->handle()
#24 C:\\Users\\hask777\\Desktop\\projects\\PHP\\laravel10-api-passport\\vendor\\laravel\\framework\\src\\Illuminate\\Routing\\Middleware\\ThrottleRequests.php(159): Illuminate\\Pipeline\\Pipeline->Illuminate\\Pipeline\\{closure}()
#25 C:\\Users\\hask777\\Desktop\\projects\\PHP\\laravel10-api-passport\\vendor\\laravel\\framework\\src\\Illuminate\\Routing\\Middleware\\ThrottleRequests.php(125): Illuminate\\Routing\\Middleware\\ThrottleRequests->handleRequest()
#26 C:\\Users\\hask777\\Desktop\\projects\\PHP\\laravel10-api-passport\\vendor\\laravel\\framework\\src\\Illuminate\\Routing\\Middleware\\ThrottleRequests.php(87): Illuminate\\Routing\\Middleware\\ThrottleRequests->handleRequestUsingNamedLimiter()
#27 C:\\Users\\hask777\\Desktop\\projects\\PHP\\laravel10-api-passport\\vendor\\laravel\\framework\\src\\Illuminate\\Pipeline\\Pipeline.php(183): Illuminate\\Routing\\Middleware\\ThrottleRequests->handle()
#28 C:\\Users\\hask777\\Desktop\\projects\\PHP\\laravel10-api-passport\\vendor\\laravel\\framework\\src\\Illuminate\\Auth\\Middleware\\Authenticate.php(57): Illuminate\\Pipeline\\Pipeline->Illuminate\\Pipeline\\{closure}()
#29 C:\\Users\\hask777\\Desktop\\projects\\PHP\\laravel10-api-passport\\vendor\\laravel\\framework\\src\\Illuminate\\Pipeline\\Pipeline.php(183): Illuminate\\Auth\\Middleware\\Authenticate->handle()
#30 C:\\Users\\hask777\\Desktop\\projects\\PHP\\laravel10-api-passport\\vendor\\laravel\\framework\\src\\Illuminate\\Pipeline\\Pipeline.php(119): Illuminate\\Pipeline\\Pipeline->Illuminate\\Pipeline\\{closure}()
#31 C:\\Users\\hask777\\Desktop\\projects\\PHP\\laravel10-api-passport\\vendor\\laravel\\framework\\src\\Illuminate\\Routing\\Router.php(805): Illuminate\\Pipeline\\Pipeline->then()
#32 C:\\Users\\hask777\\Desktop\\projects\\PHP\\laravel10-api-passport\\vendor\\laravel\\framework\\src\\Illuminate\\Routing\\Router.php(784): Illuminate\\Routing\\Router->runRouteWithinStack()
#33 C:\\Users\\hask777\\Desktop\\projects\\PHP\\laravel10-api-passport\\vendor\\laravel\\framework\\src\\Illuminate\\Routing\\Router.php(748): Illuminate\\Routing\\Router->runRoute()
#34 C:\\Users\\hask777\\Desktop\\projects\\PHP\\laravel10-api-passport\\vendor\\laravel\\framework\\src\\Illuminate\\Routing\\Router.php(737): Illuminate\\Routing\\Router->dispatchToRoute()
#35 C:\\Users\\hask777\\Desktop\\projects\\PHP\\laravel10-api-passport\\vendor\\laravel\\framework\\src\\Illuminate\\Foundation\\Http\\Kernel.php(200): Illuminate\\Routing\\Router->dispatch()
#36 C:\\Users\\hask777\\Desktop\\projects\\PHP\\laravel10-api-passport\\vendor\\laravel\\framework\\src\\Illuminate\\Pipeline\\Pipeline.php(144): Illuminate\\Foundation\\Http\\Kernel->Illuminate\\Foundation\\Http\\{closure}()
#37 C:\\Users\\hask777\\Desktop\\projects\\PHP\\laravel10-api-passport\\vendor\\laravel\\framework\\src\\Illuminate\\Foundation\\Http\\Middleware\\TransformsRequest.php(21): Illuminate\\Pipeline\\Pipeline->Illuminate\\Pipeline\\{closure}()
#38 C:\\Users\\hask777\\Desktop\\projects\\PHP\\laravel10-api-passport\\vendor\\laravel\\framework\\src\\Illuminate\\Foundation\\Http\\Middleware\\ConvertEmptyStringsToNull.php(31): Illuminate\\Foundation\\Http\\Middleware\\TransformsRequest->handle()
#39 C:\\Users\\hask777\\Desktop\\projects\\PHP\\laravel10-api-passport\\vendor\\laravel\\framework\\src\\Illuminate\\Pipeline\\Pipeline.php(183): Illuminate\\Foundation\\Http\\Middleware\\ConvertEmptyStringsToNull->handle()
#40 C:\\Users\\hask777\\Desktop\\projects\\PHP\\laravel10-api-passport\\vendor\\laravel\\framework\\src\\Illuminate\\Foundation\\Http\\Middleware\\TransformsRequest.php(21): Illuminate\\Pipeline\\Pipeline->Illuminate\\Pipeline\\{closure}()
#41 C:\\Users\\hask777\\Desktop\\projects\\PHP\\laravel10-api-passport\\vendor\\laravel\\framework\\src\\Illuminate\\Foundation\\Http\\Middleware\\TrimStrings.php(40): Illuminate\\Foundation\\Http\\Middleware\\TransformsRequest->handle()
#42 C:\\Users\\hask777\\Desktop\\projects\\PHP\\laravel10-api-passport\\vendor\\laravel\\framework\\src\\Illuminate\\Pipeline\\Pipeline.php(183): Illuminate\\Foundation\\Http\\Middleware\\TrimStrings->handle()
#43 C:\\Users\\hask777\\Desktop\\projects\\PHP\\laravel10-api-passport\\vendor\\laravel\\framework\\src\\Illuminate\\Foundation\\Http\\Middleware\\ValidatePostSize.php(27): Illuminate\\Pipeline\\Pipeline->Illuminate\\Pipeline\\{closure}()
#44 C:\\Users\\hask777\\Desktop\\projects\\PHP\\laravel10-api-passport\\vendor\\laravel\\framework\\src\\Illuminate\\Pipeline\\Pipeline.php(183): Illuminate\\Foundation\\Http\\Middleware\\ValidatePostSize->handle()
#45 C:\\Users\\hask777\\Desktop\\projects\\PHP\\laravel10-api-passport\\vendor\\laravel\\framework\\src\\Illuminate\\Foundation\\Http\\Middleware\\PreventRequestsDuringMaintenance.php(99): Illuminate\\Pipeline\\Pipeline->Illuminate\\Pipeline\\{closure}()
#46 C:\\Users\\hask777\\Desktop\\projects\\PHP\\laravel10-api-passport\\vendor\\laravel\\framework\\src\\Illuminate\\Pipeline\\Pipeline.php(183): Illuminate\\Foundation\\Http\\Middleware\\PreventRequestsDuringMaintenance->handle()
#47 C:\\Users\\hask777\\Desktop\\projects\\PHP\\laravel10-api-passport\\vendor\\laravel\\framework\\src\\Illuminate\\Http\\Middleware\\HandleCors.php(62): Illuminate\\Pipeline\\Pipeline->Illuminate\\Pipeline\\{closure}()
#48 C:\\Users\\hask777\\Desktop\\projects\\PHP\\laravel10-api-passport\\vendor\\laravel\\framework\\src\\Illuminate\\Pipeline\\Pipeline.php(183): Illuminate\\Http\\Middleware\\HandleCors->handle()
#49 C:\\Users\\hask777\\Desktop\\projects\\PHP\\laravel10-api-passport\\vendor\\laravel\\framework\\src\\Illuminate\\Http\\Middleware\\TrustProxies.php(39): Illuminate\\Pipeline\\Pipeline->Illuminate\\Pipeline\\{closure}()
#50 C:\\Users\\hask777\\Desktop\\projects\\PHP\\laravel10-api-passport\\vendor\\laravel\\framework\\src\\Illuminate\\Pipeline\\Pipeline.php(183): Illuminate\\Http\\Middleware\\TrustProxies->handle()
#51 C:\\Users\\hask777\\Desktop\\projects\\PHP\\laravel10-api-passport\\vendor\\laravel\\framework\\src\\Illuminate\\Pipeline\\Pipeline.php(119): Illuminate\\Pipeline\\Pipeline->Illuminate\\Pipeline\\{closure}()
#52 C:\\Users\\hask777\\Desktop\\projects\\PHP\\laravel10-api-passport\\vendor\\laravel\\framework\\src\\Illuminate\\Foundation\\Http\\Kernel.php(175): Illuminate\\Pipeline\\Pipeline->then()
#53 C:\\Users\\hask777\\Desktop\\projects\\PHP\\laravel10-api-passport\\vendor\\laravel\\framework\\src\\Illuminate\\Foundation\\Http\\Kernel.php(144): Illuminate\\Foundation\\Http\\Kernel->sendRequestThroughRouter()
#54 C:\\Users\\hask777\\Desktop\\projects\\PHP\\laravel10-api-passport\\public\\index.php(51): Illuminate\\Foundation\\Http\\Kernel->handle()
#55 C:\\Users\\hask777\\Desktop\\projects\\PHP\\laravel10-api-passport\\vendor\\laravel\\framework\\src\\Illuminate\\Foundation\\resources\\server.php(16): require_once('...')
#56 {main}
"} 
[2025-03-16 17:19:38] local.ERROR: Attempt to read property "perms" on array {"userId":1,"exception":"[object] (ErrorException(code: 0): Attempt to read property \"perms\" on array at C:\\Users\\hask777\\Desktop\\projects\\PHP\\laravel10-api-passport\\app\\Modules\\Admin\\Role\\Models\\Traits\\UserRoles.php:80)
[stacktrace]
#0 C:\\Users\\hask777\\Desktop\\projects\\PHP\\laravel10-api-passport\\vendor\\laravel\\framework\\src\\Illuminate\\Foundation\\Bootstrap\\HandleExceptions.php(255): Illuminate\\Foundation\\Bootstrap\\HandleExceptions->handleError()
#1 C:\\Users\\hask777\\Desktop\\projects\\PHP\\laravel10-api-passport\\app\\Modules\\Admin\\Role\\Models\\Traits\\UserRoles.php(80): Illuminate\\Foundation\\Bootstrap\\HandleExceptions->Illuminate\\Foundation\\Bootstrap\\{closure}()
#2 C:\\Users\\hask777\\Desktop\\projects\\PHP\\laravel10-api-passport\\app\\Modules\\Admin\\Menu\\Models\\Menu.php(29): App\\Modules\\Admin\\User\\Models\\User->getMergedPermissions()
#3 C:\\Users\\hask777\\Desktop\\projects\\PHP\\laravel10-api-passport\\vendor\\laravel\\framework\\src\\Illuminate\\Database\\Eloquent\\Builder.php(1396): App\\Modules\\Admin\\Menu\\Models\\Menu->App\\Modules\\Admin\\Menu\\Models\\{closure}()
#4 C:\\Users\\hask777\\Desktop\\projects\\PHP\\laravel10-api-passport\\vendor\\laravel\\framework\\src\\Illuminate\\Database\\Eloquent\\Concerns\\QueriesRelationships.php(61): Illuminate\\Database\\Eloquent\\Builder->callScope()
#5 C:\\Users\\hask777\\Desktop\\projects\\PHP\\laravel10-api-passport\\vendor\\laravel\\framework\\src\\Illuminate\\Database\\Eloquent\\Concerns\\QueriesRelationships.php(152): Illuminate\\Database\\Eloquent\\Builder->has()
#6 C:\\Users\\hask777\\Desktop\\projects\\PHP\\laravel10-api-passport\\app\\Modules\\Admin\\Menu\\Models\\Menu.php(28): Illuminate\\Database\\Eloquent\\Builder->whereHas()
#7 C:\\Users\\hask777\\Desktop\\projects\\PHP\\laravel10-api-passport\\vendor\\laravel\\framework\\src\\Illuminate\\Database\\Eloquent\\Model.php(1627): App\\Modules\\Admin\\Menu\\Models\\Menu->scopeFrontMenu()
#8 C:\\Users\\hask777\\Desktop\\projects\\PHP\\laravel10-api-passport\\vendor\\laravel\\framework\\src\\Illuminate\\Database\\Eloquent\\Builder.php(1415): Illuminate\\Database\\Eloquent\\Model->callNamedScope()
#9 C:\\Users\\hask777\\Desktop\\projects\\PHP\\laravel10-api-passport\\vendor\\laravel\\framework\\src\\Illuminate\\Database\\Eloquent\\Builder.php(1396): Illuminate\\Database\\Eloquent\\Builder->Illuminate\\Database\\Eloquent\\{closure}()
#10 C:\\Users\\hask777\\Desktop\\projects\\PHP\\laravel10-api-passport\\vendor\\laravel\\framework\\src\\Illuminate\\Database\\Eloquent\\Builder.php(1414): Illuminate\\Database\\Eloquent\\Builder->callScope()
#11 C:\\Users\\hask777\\Desktop\\projects\\PHP\\laravel10-api-passport\\vendor\\laravel\\framework\\src\\Illuminate\\Database\\Eloquent\\Builder.php(1978): Illuminate\\Database\\Eloquent\\Builder->callNamedScope()
#12 C:\\Users\\hask777\\Desktop\\projects\\PHP\\laravel10-api-passport\\vendor\\laravel\\framework\\src\\Illuminate\\Support\\Traits\\ForwardsCalls.php(23): Illuminate\\Database\\Eloquent\\Builder->__call()
#13 C:\\Users\\hask777\\Desktop\\projects\\PHP\\laravel10-api-passport\\vendor\\laravel\\framework\\src\\Illuminate\\Database\\Eloquent\\Model.php(2335): Illuminate\\Database\\Eloquent\\Model->forwardCallTo()
#14 C:\\Users\\hask777\\Desktop\\projects\\PHP\\laravel10-api-passport\\vendor\\laravel\\framework\\src\\Illuminate\\Database\\Eloquent\\Model.php(2347): Illuminate\\Database\\Eloquent\\Model->__call()
#15 C:\\Users\\hask777\\Desktop\\projects\\PHP\\laravel10-api-passport\\app\\Modules\\Admin\\Menu\\Controllers\\Api\\MenuController.php(23): Illuminate\\Database\\Eloquent\\Model::__callStatic()
#16 C:\\Users\\hask777\\Desktop\\projects\\PHP\\laravel10-api-passport\\vendor\\laravel\\framework\\src\\Illuminate\\Routing\\Controller.php(54): App\\Modules\\Admin\\Menu\\Controllers\\Api\\MenuController->index()
#17 C:\\Users\\hask777\\Desktop\\projects\\PHP\\laravel10-api-passport\\vendor\\laravel\\framework\\src\\Illuminate\\Routing\\ControllerDispatcher.php(43): Illuminate\\Routing\\Controller->callAction()
#18 C:\\Users\\hask777\\Desktop\\projects\\PHP\\laravel10-api-passport\\vendor\\laravel\\framework\\src\\Illuminate\\Routing\\Route.php(259): Illuminate\\Routing\\ControllerDispatcher->dispatch()
#19 C:\\Users\\hask777\\Desktop\\projects\\PHP\\laravel10-api-passport\\vendor\\laravel\\framework\\src\\Illuminate\\Routing\\Route.php(205): Illuminate\\Routing\\Route->runController()
#20 C:\\Users\\hask777\\Desktop\\projects\\PHP\\laravel10-api-passport\\vendor\\laravel\\framework\\src\\Illuminate\\Routing\\Router.php(806): Illuminate\\Routing\\Route->run()
#21 C:\\Users\\hask777\\Desktop\\projects\\PHP\\laravel10-api-passport\\vendor\\laravel\\framework\\src\\Illuminate\\Pipeline\\Pipeline.php(144): Illuminate\\Routing\\Router->Illuminate\\Routing\\{closure}()
#22 C:\\Users\\hask777\\Desktop\\projects\\PHP\\laravel10-api-passport\\vendor\\laravel\\framework\\src\\Illuminate\\Routing\\Middleware\\SubstituteBindings.php(50): Illuminate\\Pipeline\\Pipeline->Illuminate\\Pipeline\\{closure}()
#23 C:\\Users\\hask777\\Desktop\\projects\\PHP\\laravel10-api-passport\\vendor\\laravel\\framework\\src\\Illuminate\\Pipeline\\Pipeline.php(183): Illuminate\\Routing\\Middleware\\SubstituteBindings->handle()
#24 C:\\Users\\hask777\\Desktop\\projects\\PHP\\laravel10-api-passport\\vendor\\laravel\\framework\\src\\Illuminate\\Routing\\Middleware\\ThrottleRequests.php(159): Illuminate\\Pipeline\\Pipeline->Illuminate\\Pipeline\\{closure}()
#25 C:\\Users\\hask777\\Desktop\\projects\\PHP\\laravel10-api-passport\\vendor\\laravel\\framework\\src\\Illuminate\\Routing\\Middleware\\ThrottleRequests.php(125): Illuminate\\Routing\\Middleware\\ThrottleRequests->handleRequest()
#26 C:\\Users\\hask777\\Desktop\\projects\\PHP\\laravel10-api-passport\\vendor\\laravel\\framework\\src\\Illuminate\\Routing\\Middleware\\ThrottleRequests.php(87): Illuminate\\Routing\\Middleware\\ThrottleRequests->handleRequestUsingNamedLimiter()
#27 C:\\Users\\hask777\\Desktop\\projects\\PHP\\laravel10-api-passport\\vendor\\laravel\\framework\\src\\Illuminate\\Pipeline\\Pipeline.php(183): Illuminate\\Routing\\Middleware\\ThrottleRequests->handle()
#28 C:\\Users\\hask777\\Desktop\\projects\\PHP\\laravel10-api-passport\\vendor\\laravel\\framework\\src\\Illuminate\\Auth\\Middleware\\Authenticate.php(57): Illuminate\\Pipeline\\Pipeline->Illuminate\\Pipeline\\{closure}()
#29 C:\\Users\\hask777\\Desktop\\projects\\PHP\\laravel10-api-passport\\vendor\\laravel\\framework\\src\\Illuminate\\Pipeline\\Pipeline.php(183): Illuminate\\Auth\\Middleware\\Authenticate->handle()
#30 C:\\Users\\hask777\\Desktop\\projects\\PHP\\laravel10-api-passport\\vendor\\laravel\\framework\\src\\Illuminate\\Pipeline\\Pipeline.php(119): Illuminate\\Pipeline\\Pipeline->Illuminate\\Pipeline\\{closure}()
#31 C:\\Users\\hask777\\Desktop\\projects\\PHP\\laravel10-api-passport\\vendor\\laravel\\framework\\src\\Illuminate\\Routing\\Router.php(805): Illuminate\\Pipeline\\Pipeline->then()
#32 C:\\Users\\hask777\\Desktop\\projects\\PHP\\laravel10-api-passport\\vendor\\laravel\\framework\\src\\Illuminate\\Routing\\Router.php(784): Illuminate\\Routing\\Router->runRouteWithinStack()
#33 C:\\Users\\hask777\\Desktop\\projects\\PHP\\laravel10-api-passport\\vendor\\laravel\\framework\\src\\Illuminate\\Routing\\Router.php(748): Illuminate\\Routing\\Router->runRoute()
#34 C:\\Users\\hask777\\Desktop\\projects\\PHP\\laravel10-api-passport\\vendor\\laravel\\framework\\src\\Illuminate\\Routing\\Router.php(737): Illuminate\\Routing\\Router->dispatchToRoute()
#35 C:\\Users\\hask777\\Desktop\\projects\\PHP\\laravel10-api-passport\\vendor\\laravel\\framework\\src\\Illuminate\\Foundation\\Http\\Kernel.php(200): Illuminate\\Routing\\Router->dispatch()
#36 C:\\Users\\hask777\\Desktop\\projects\\PHP\\laravel10-api-passport\\vendor\\laravel\\framework\\src\\Illuminate\\Pipeline\\Pipeline.php(144): Illuminate\\Foundation\\Http\\Kernel->Illuminate\\Foundation\\Http\\{closure}()
#37 C:\\Users\\hask777\\Desktop\\projects\\PHP\\laravel10-api-passport\\vendor\\laravel\\framework\\src\\Illuminate\\Foundation\\Http\\Middleware\\TransformsRequest.php(21): Illuminate\\Pipeline\\Pipeline->Illuminate\\Pipeline\\{closure}()
#38 C:\\Users\\hask777\\Desktop\\projects\\PHP\\laravel10-api-passport\\vendor\\laravel\\framework\\src\\Illuminate\\Foundation\\Http\\Middleware\\ConvertEmptyStringsToNull.php(31): Illuminate\\Foundation\\Http\\Middleware\\TransformsRequest->handle()
#39 C:\\Users\\hask777\\Desktop\\projects\\PHP\\laravel10-api-passport\\vendor\\laravel\\framework\\src\\Illuminate\\Pipeline\\Pipeline.php(183): Illuminate\\Foundation\\Http\\Middleware\\ConvertEmptyStringsToNull->handle()
#40 C:\\Users\\hask777\\Desktop\\projects\\PHP\\laravel10-api-passport\\vendor\\laravel\\framework\\src\\Illuminate\\Foundation\\Http\\Middleware\\TransformsRequest.php(21): Illuminate\\Pipeline\\Pipeline->Illuminate\\Pipeline\\{closure}()
#41 C:\\Users\\hask777\\Desktop\\projects\\PHP\\laravel10-api-passport\\vendor\\laravel\\framework\\src\\Illuminate\\Foundation\\Http\\Middleware\\TrimStrings.php(40): Illuminate\\Foundation\\Http\\Middleware\\TransformsRequest->handle()
#42 C:\\Users\\hask777\\Desktop\\projects\\PHP\\laravel10-api-passport\\vendor\\laravel\\framework\\src\\Illuminate\\Pipeline\\Pipeline.php(183): Illuminate\\Foundation\\Http\\Middleware\\TrimStrings->handle()
#43 C:\\Users\\hask777\\Desktop\\projects\\PHP\\laravel10-api-passport\\vendor\\laravel\\framework\\src\\Illuminate\\Foundation\\Http\\Middleware\\ValidatePostSize.php(27): Illuminate\\Pipeline\\Pipeline->Illuminate\\Pipeline\\{closure}()
#44 C:\\Users\\hask777\\Desktop\\projects\\PHP\\laravel10-api-passport\\vendor\\laravel\\framework\\src\\Illuminate\\Pipeline\\Pipeline.php(183): Illuminate\\Foundation\\Http\\Middleware\\ValidatePostSize->handle()
#45 C:\\Users\\hask777\\Desktop\\projects\\PHP\\laravel10-api-passport\\vendor\\laravel\\framework\\src\\Illuminate\\Foundation\\Http\\Middleware\\PreventRequestsDuringMaintenance.php(99): Illuminate\\Pipeline\\Pipeline->Illuminate\\Pipeline\\{closure}()
#46 C:\\Users\\hask777\\Desktop\\projects\\PHP\\laravel10-api-passport\\vendor\\laravel\\framework\\src\\Illuminate\\Pipeline\\Pipeline.php(183): Illuminate\\Foundation\\Http\\Middleware\\PreventRequestsDuringMaintenance->handle()
#47 C:\\Users\\hask777\\Desktop\\projects\\PHP\\laravel10-api-passport\\vendor\\laravel\\framework\\src\\Illuminate\\Http\\Middleware\\HandleCors.php(62): Illuminate\\Pipeline\\Pipeline->Illuminate\\Pipeline\\{closure}()
#48 C:\\Users\\hask777\\Desktop\\projects\\PHP\\laravel10-api-passport\\vendor\\laravel\\framework\\src\\Illuminate\\Pipeline\\Pipeline.php(183): Illuminate\\Http\\Middleware\\HandleCors->handle()
#49 C:\\Users\\hask777\\Desktop\\projects\\PHP\\laravel10-api-passport\\vendor\\laravel\\framework\\src\\Illuminate\\Http\\Middleware\\TrustProxies.php(39): Illuminate\\Pipeline\\Pipeline->Illuminate\\Pipeline\\{closure}()
#50 C:\\Users\\hask777\\Desktop\\projects\\PHP\\laravel10-api-passport\\vendor\\laravel\\framework\\src\\Illuminate\\Pipeline\\Pipeline.php(183): Illuminate\\Http\\Middleware\\TrustProxies->handle()
#51 C:\\Users\\hask777\\Desktop\\projects\\PHP\\laravel10-api-passport\\vendor\\laravel\\framework\\src\\Illuminate\\Pipeline\\Pipeline.php(119): Illuminate\\Pipeline\\Pipeline->Illuminate\\Pipeline\\{closure}()
#52 C:\\Users\\hask777\\Desktop\\projects\\PHP\\laravel10-api-passport\\vendor\\laravel\\framework\\src\\Illuminate\\Foundation\\Http\\Kernel.php(175): Illuminate\\Pipeline\\Pipeline->then()
#53 C:\\Users\\hask777\\Desktop\\projects\\PHP\\laravel10-api-passport\\vendor\\laravel\\framework\\src\\Illuminate\\Foundation\\Http\\Kernel.php(144): Illuminate\\Foundation\\Http\\Kernel->sendRequestThroughRouter()
#54 C:\\Users\\hask777\\Desktop\\projects\\PHP\\laravel10-api-passport\\public\\index.php(51): Illuminate\\Foundation\\Http\\Kernel->handle()
#55 C:\\Users\\hask777\\Desktop\\projects\\PHP\\laravel10-api-passport\\vendor\\laravel\\framework\\src\\Illuminate\\Foundation\\resources\\server.php(16): require_once('...')
#56 {main}
"} 
[2025-03-16 17:22:59] local.ERROR: Call to a member function pluck() on null {"userId":1,"exception":"[object] (Error(code: 0): Call to a member function pluck() on null at C:\\Users\\hask777\\Desktop\\projects\\PHP\\laravel10-api-passport\\app\\Modules\\Admin\\Role\\Models\\Traits\\UserRoles.php:80)
[stacktrace]
#0 C:\\Users\\hask777\\Desktop\\projects\\PHP\\laravel10-api-passport\\app\\Modules\\Admin\\Menu\\Models\\Menu.php(29): App\\Modules\\Admin\\User\\Models\\User->getMergedPermissions()
#1 C:\\Users\\hask777\\Desktop\\projects\\PHP\\laravel10-api-passport\\vendor\\laravel\\framework\\src\\Illuminate\\Database\\Eloquent\\Builder.php(1396): App\\Modules\\Admin\\Menu\\Models\\Menu->App\\Modules\\Admin\\Menu\\Models\\{closure}()
#2 C:\\Users\\hask777\\Desktop\\projects\\PHP\\laravel10-api-passport\\vendor\\laravel\\framework\\src\\Illuminate\\Database\\Eloquent\\Concerns\\QueriesRelationships.php(61): Illuminate\\Database\\Eloquent\\Builder->callScope()
#3 C:\\Users\\hask777\\Desktop\\projects\\PHP\\laravel10-api-passport\\vendor\\laravel\\framework\\src\\Illuminate\\Database\\Eloquent\\Concerns\\QueriesRelationships.php(152): Illuminate\\Database\\Eloquent\\Builder->has()
#4 C:\\Users\\hask777\\Desktop\\projects\\PHP\\laravel10-api-passport\\app\\Modules\\Admin\\Menu\\Models\\Menu.php(28): Illuminate\\Database\\Eloquent\\Builder->whereHas()
#5 C:\\Users\\hask777\\Desktop\\projects\\PHP\\laravel10-api-passport\\vendor\\laravel\\framework\\src\\Illuminate\\Database\\Eloquent\\Model.php(1627): App\\Modules\\Admin\\Menu\\Models\\Menu->scopeFrontMenu()
#6 C:\\Users\\hask777\\Desktop\\projects\\PHP\\laravel10-api-passport\\vendor\\laravel\\framework\\src\\Illuminate\\Database\\Eloquent\\Builder.php(1415): Illuminate\\Database\\Eloquent\\Model->callNamedScope()
#7 C:\\Users\\hask777\\Desktop\\projects\\PHP\\laravel10-api-passport\\vendor\\laravel\\framework\\src\\Illuminate\\Database\\Eloquent\\Builder.php(1396): Illuminate\\Database\\Eloquent\\Builder->Illuminate\\Database\\Eloquent\\{closure}()
#8 C:\\Users\\hask777\\Desktop\\projects\\PHP\\laravel10-api-passport\\vendor\\laravel\\framework\\src\\Illuminate\\Database\\Eloquent\\Builder.php(1414): Illuminate\\Database\\Eloquent\\Builder->callScope()
#9 C:\\Users\\hask777\\Desktop\\projects\\PHP\\laravel10-api-passport\\vendor\\laravel\\framework\\src\\Illuminate\\Database\\Eloquent\\Builder.php(1978): Illuminate\\Database\\Eloquent\\Builder->callNamedScope()
#10 C:\\Users\\hask777\\Desktop\\projects\\PHP\\laravel10-api-passport\\vendor\\laravel\\framework\\src\\Illuminate\\Support\\Traits\\ForwardsCalls.php(23): Illuminate\\Database\\Eloquent\\Builder->__call()
#11 C:\\Users\\hask777\\Desktop\\projects\\PHP\\laravel10-api-passport\\vendor\\laravel\\framework\\src\\Illuminate\\Database\\Eloquent\\Model.php(2335): Illuminate\\Database\\Eloquent\\Model->forwardCallTo()
#12 C:\\Users\\hask777\\Desktop\\projects\\PHP\\laravel10-api-passport\\vendor\\laravel\\framework\\src\\Illuminate\\Database\\Eloquent\\Model.php(2347): Illuminate\\Database\\Eloquent\\Model->__call()
#13 C:\\Users\\hask777\\Desktop\\projects\\PHP\\laravel10-api-passport\\app\\Modules\\Admin\\Menu\\Controllers\\Api\\MenuController.php(23): Illuminate\\Database\\Eloquent\\Model::__callStatic()
#14 C:\\Users\\hask777\\Desktop\\projects\\PHP\\laravel10-api-passport\\vendor\\laravel\\framework\\src\\Illuminate\\Routing\\Controller.php(54): App\\Modules\\Admin\\Menu\\Controllers\\Api\\MenuController->index()
#15 C:\\Users\\hask777\\Desktop\\projects\\PHP\\laravel10-api-passport\\vendor\\laravel\\framework\\src\\Illuminate\\Routing\\ControllerDispatcher.php(43): Illuminate\\Routing\\Controller->callAction()
#16 C:\\Users\\hask777\\Desktop\\projects\\PHP\\laravel10-api-passport\\vendor\\laravel\\framework\\src\\Illuminate\\Routing\\Route.php(259): Illuminate\\Routing\\ControllerDispatcher->dispatch()
#17 C:\\Users\\hask777\\Desktop\\projects\\PHP\\laravel10-api-passport\\vendor\\laravel\\framework\\src\\Illuminate\\Routing\\Route.php(205): Illuminate\\Routing\\Route->runController()
#18 C:\\Users\\hask777\\Desktop\\projects\\PHP\\laravel10-api-passport\\vendor\\laravel\\framework\\src\\Illuminate\\Routing\\Router.php(806): Illuminate\\Routing\\Route->run()
#19 C:\\Users\\hask777\\Desktop\\projects\\PHP\\laravel10-api-passport\\vendor\\laravel\\framework\\src\\Illuminate\\Pipeline\\Pipeline.php(144): Illuminate\\Routing\\Router->Illuminate\\Routing\\{closure}()
#20 C:\\Users\\hask777\\Desktop\\projects\\PHP\\laravel10-api-passport\\vendor\\laravel\\framework\\src\\Illuminate\\Routing\\Middleware\\SubstituteBindings.php(50): Illuminate\\Pipeline\\Pipeline->Illuminate\\Pipeline\\{closure}()
#21 C:\\Users\\hask777\\Desktop\\projects\\PHP\\laravel10-api-passport\\vendor\\laravel\\framework\\src\\Illuminate\\Pipeline\\Pipeline.php(183): Illuminate\\Routing\\Middleware\\SubstituteBindings->handle()
#22 C:\\Users\\hask777\\Desktop\\projects\\PHP\\laravel10-api-passport\\vendor\\laravel\\framework\\src\\Illuminate\\Routing\\Middleware\\ThrottleRequests.php(159): Illuminate\\Pipeline\\Pipeline->Illuminate\\Pipeline\\{closure}()
#23 C:\\Users\\hask777\\Desktop\\projects\\PHP\\laravel10-api-passport\\vendor\\laravel\\framework\\src\\Illuminate\\Routing\\Middleware\\ThrottleRequests.php(125): Illuminate\\Routing\\Middleware\\ThrottleRequests->handleRequest()
#24 C:\\Users\\hask777\\Desktop\\projects\\PHP\\laravel10-api-passport\\vendor\\laravel\\framework\\src\\Illuminate\\Routing\\Middleware\\ThrottleRequests.php(87): Illuminate\\Routing\\Middleware\\ThrottleRequests->handleRequestUsingNamedLimiter()
#25 C:\\Users\\hask777\\Desktop\\projects\\PHP\\laravel10-api-passport\\vendor\\laravel\\framework\\src\\Illuminate\\Pipeline\\Pipeline.php(183): Illuminate\\Routing\\Middleware\\ThrottleRequests->handle()
#26 C:\\Users\\hask777\\Desktop\\projects\\PHP\\laravel10-api-passport\\vendor\\laravel\\framework\\src\\Illuminate\\Auth\\Middleware\\Authenticate.php(57): Illuminate\\Pipeline\\Pipeline->Illuminate\\Pipeline\\{closure}()
#27 C:\\Users\\hask777\\Desktop\\projects\\PHP\\laravel10-api-passport\\vendor\\laravel\\framework\\src\\Illuminate\\Pipeline\\Pipeline.php(183): Illuminate\\Auth\\Middleware\\Authenticate->handle()
#28 C:\\Users\\hask777\\Desktop\\projects\\PHP\\laravel10-api-passport\\vendor\\laravel\\framework\\src\\Illuminate\\Pipeline\\Pipeline.php(119): Illuminate\\Pipeline\\Pipeline->Illuminate\\Pipeline\\{closure}()
#29 C:\\Users\\hask777\\Desktop\\projects\\PHP\\laravel10-api-passport\\vendor\\laravel\\framework\\src\\Illuminate\\Routing\\Router.php(805): Illuminate\\Pipeline\\Pipeline->then()
#30 C:\\Users\\hask777\\Desktop\\projects\\PHP\\laravel10-api-passport\\vendor\\laravel\\framework\\src\\Illuminate\\Routing\\Router.php(784): Illuminate\\Routing\\Router->runRouteWithinStack()
#31 C:\\Users\\hask777\\Desktop\\projects\\PHP\\laravel10-api-passport\\vendor\\laravel\\framework\\src\\Illuminate\\Routing\\Router.php(748): Illuminate\\Routing\\Router->runRoute()
#32 C:\\Users\\hask777\\Desktop\\projects\\PHP\\laravel10-api-passport\\vendor\\laravel\\framework\\src\\Illuminate\\Routing\\Router.php(737): Illuminate\\Routing\\Router->dispatchToRoute()
#33 C:\\Users\\hask777\\Desktop\\projects\\PHP\\laravel10-api-passport\\vendor\\laravel\\framework\\src\\Illuminate\\Foundation\\Http\\Kernel.php(200): Illuminate\\Routing\\Router->dispatch()
#34 C:\\Users\\hask777\\Desktop\\projects\\PHP\\laravel10-api-passport\\vendor\\laravel\\framework\\src\\Illuminate\\Pipeline\\Pipeline.php(144): Illuminate\\Foundation\\Http\\Kernel->Illuminate\\Foundation\\Http\\{closure}()
#35 C:\\Users\\hask777\\Desktop\\projects\\PHP\\laravel10-api-passport\\vendor\\laravel\\framework\\src\\Illuminate\\Foundation\\Http\\Middleware\\TransformsRequest.php(21): Illuminate\\Pipeline\\Pipeline->Illuminate\\Pipeline\\{closure}()
#36 C:\\Users\\hask777\\Desktop\\projects\\PHP\\laravel10-api-passport\\vendor\\laravel\\framework\\src\\Illuminate\\Foundation\\Http\\Middleware\\ConvertEmptyStringsToNull.php(31): Illuminate\\Foundation\\Http\\Middleware\\TransformsRequest->handle()
#37 C:\\Users\\hask777\\Desktop\\projects\\PHP\\laravel10-api-passport\\vendor\\laravel\\framework\\src\\Illuminate\\Pipeline\\Pipeline.php(183): Illuminate\\Foundation\\Http\\Middleware\\ConvertEmptyStringsToNull->handle()
#38 C:\\Users\\hask777\\Desktop\\projects\\PHP\\laravel10-api-passport\\vendor\\laravel\\framework\\src\\Illuminate\\Foundation\\Http\\Middleware\\TransformsRequest.php(21): Illuminate\\Pipeline\\Pipeline->Illuminate\\Pipeline\\{closure}()
#39 C:\\Users\\hask777\\Desktop\\projects\\PHP\\laravel10-api-passport\\vendor\\laravel\\framework\\src\\Illuminate\\Foundation\\Http\\Middleware\\TrimStrings.php(40): Illuminate\\Foundation\\Http\\Middleware\\TransformsRequest->handle()
#40 C:\\Users\\hask777\\Desktop\\projects\\PHP\\laravel10-api-passport\\vendor\\laravel\\framework\\src\\Illuminate\\Pipeline\\Pipeline.php(183): Illuminate\\Foundation\\Http\\Middleware\\TrimStrings->handle()
#41 C:\\Users\\hask777\\Desktop\\projects\\PHP\\laravel10-api-passport\\vendor\\laravel\\framework\\src\\Illuminate\\Foundation\\Http\\Middleware\\ValidatePostSize.php(27): Illuminate\\Pipeline\\Pipeline->Illuminate\\Pipeline\\{closure}()
#42 C:\\Users\\hask777\\Desktop\\projects\\PHP\\laravel10-api-passport\\vendor\\laravel\\framework\\src\\Illuminate\\Pipeline\\Pipeline.php(183): Illuminate\\Foundation\\Http\\Middleware\\ValidatePostSize->handle()
#43 C:\\Users\\hask777\\Desktop\\projects\\PHP\\laravel10-api-passport\\vendor\\laravel\\framework\\src\\Illuminate\\Foundation\\Http\\Middleware\\PreventRequestsDuringMaintenance.php(99): Illuminate\\Pipeline\\Pipeline->Illuminate\\Pipeline\\{closure}()
#44 C:\\Users\\hask777\\Desktop\\projects\\PHP\\laravel10-api-passport\\vendor\\laravel\\framework\\src\\Illuminate\\Pipeline\\Pipeline.php(183): Illuminate\\Foundation\\Http\\Middleware\\PreventRequestsDuringMaintenance->handle()
#45 C:\\Users\\hask777\\Desktop\\projects\\PHP\\laravel10-api-passport\\vendor\\laravel\\framework\\src\\Illuminate\\Http\\Middleware\\HandleCors.php(62): Illuminate\\Pipeline\\Pipeline->Illuminate\\Pipeline\\{closure}()
#46 C:\\Users\\hask777\\Desktop\\projects\\PHP\\laravel10-api-passport\\vendor\\laravel\\framework\\src\\Illuminate\\Pipeline\\Pipeline.php(183): Illuminate\\Http\\Middleware\\HandleCors->handle()
#47 C:\\Users\\hask777\\Desktop\\projects\\PHP\\laravel10-api-passport\\vendor\\laravel\\framework\\src\\Illuminate\\Http\\Middleware\\TrustProxies.php(39): Illuminate\\Pipeline\\Pipeline->Illuminate\\Pipeline\\{closure}()
#48 C:\\Users\\hask777\\Desktop\\projects\\PHP\\laravel10-api-passport\\vendor\\laravel\\framework\\src\\Illuminate\\Pipeline\\Pipeline.php(183): Illuminate\\Http\\Middleware\\TrustProxies->handle()
#49 C:\\Users\\hask777\\Desktop\\projects\\PHP\\laravel10-api-passport\\vendor\\laravel\\framework\\src\\Illuminate\\Pipeline\\Pipeline.php(119): Illuminate\\Pipeline\\Pipeline->Illuminate\\Pipeline\\{closure}()
#50 C:\\Users\\hask777\\Desktop\\projects\\PHP\\laravel10-api-passport\\vendor\\laravel\\framework\\src\\Illuminate\\Foundation\\Http\\Kernel.php(175): Illuminate\\Pipeline\\Pipeline->then()
#51 C:\\Users\\hask777\\Desktop\\projects\\PHP\\laravel10-api-passport\\vendor\\laravel\\framework\\src\\Illuminate\\Foundation\\Http\\Kernel.php(144): Illuminate\\Foundation\\Http\\Kernel->sendRequestThroughRouter()
#52 C:\\Users\\hask777\\Desktop\\projects\\PHP\\laravel10-api-passport\\public\\index.php(51): Illuminate\\Foundation\\Http\\Kernel->handle()
#53 C:\\Users\\hask777\\Desktop\\projects\\PHP\\laravel10-api-passport\\vendor\\laravel\\framework\\src\\Illuminate\\Foundation\\resources\\server.php(16): require_once('...')
#54 {main}
"} 
[2025-03-16 17:23:12] local.ERROR: Call to a member function toArray() on null {"userId":1,"exception":"[object] (Error(code: 0): Call to a member function toArray() on null at C:\\Users\\hask777\\Desktop\\projects\\PHP\\laravel10-api-passport\\app\\Modules\\Admin\\Role\\Models\\Traits\\UserRoles.php:80)
[stacktrace]
#0 C:\\Users\\hask777\\Desktop\\projects\\PHP\\laravel10-api-passport\\app\\Modules\\Admin\\Menu\\Models\\Menu.php(29): App\\Modules\\Admin\\User\\Models\\User->getMergedPermissions()
#1 C:\\Users\\hask777\\Desktop\\projects\\PHP\\laravel10-api-passport\\vendor\\laravel\\framework\\src\\Illuminate\\Database\\Eloquent\\Builder.php(1396): App\\Modules\\Admin\\Menu\\Models\\Menu->App\\Modules\\Admin\\Menu\\Models\\{closure}()
#2 C:\\Users\\hask777\\Desktop\\projects\\PHP\\laravel10-api-passport\\vendor\\laravel\\framework\\src\\Illuminate\\Database\\Eloquent\\Concerns\\QueriesRelationships.php(61): Illuminate\\Database\\Eloquent\\Builder->callScope()
#3 C:\\Users\\hask777\\Desktop\\projects\\PHP\\laravel10-api-passport\\vendor\\laravel\\framework\\src\\Illuminate\\Database\\Eloquent\\Concerns\\QueriesRelationships.php(152): Illuminate\\Database\\Eloquent\\Builder->has()
#4 C:\\Users\\hask777\\Desktop\\projects\\PHP\\laravel10-api-passport\\app\\Modules\\Admin\\Menu\\Models\\Menu.php(28): Illuminate\\Database\\Eloquent\\Builder->whereHas()
#5 C:\\Users\\hask777\\Desktop\\projects\\PHP\\laravel10-api-passport\\vendor\\laravel\\framework\\src\\Illuminate\\Database\\Eloquent\\Model.php(1627): App\\Modules\\Admin\\Menu\\Models\\Menu->scopeFrontMenu()
#6 C:\\Users\\hask777\\Desktop\\projects\\PHP\\laravel10-api-passport\\vendor\\laravel\\framework\\src\\Illuminate\\Database\\Eloquent\\Builder.php(1415): Illuminate\\Database\\Eloquent\\Model->callNamedScope()
#7 C:\\Users\\hask777\\Desktop\\projects\\PHP\\laravel10-api-passport\\vendor\\laravel\\framework\\src\\Illuminate\\Database\\Eloquent\\Builder.php(1396): Illuminate\\Database\\Eloquent\\Builder->Illuminate\\Database\\Eloquent\\{closure}()
#8 C:\\Users\\hask777\\Desktop\\projects\\PHP\\laravel10-api-passport\\vendor\\laravel\\framework\\src\\Illuminate\\Database\\Eloquent\\Builder.php(1414): Illuminate\\Database\\Eloquent\\Builder->callScope()
#9 C:\\Users\\hask777\\Desktop\\projects\\PHP\\laravel10-api-passport\\vendor\\laravel\\framework\\src\\Illuminate\\Database\\Eloquent\\Builder.php(1978): Illuminate\\Database\\Eloquent\\Builder->callNamedScope()
#10 C:\\Users\\hask777\\Desktop\\projects\\PHP\\laravel10-api-passport\\vendor\\laravel\\framework\\src\\Illuminate\\Support\\Traits\\ForwardsCalls.php(23): Illuminate\\Database\\Eloquent\\Builder->__call()
#11 C:\\Users\\hask777\\Desktop\\projects\\PHP\\laravel10-api-passport\\vendor\\laravel\\framework\\src\\Illuminate\\Database\\Eloquent\\Model.php(2335): Illuminate\\Database\\Eloquent\\Model->forwardCallTo()
#12 C:\\Users\\hask777\\Desktop\\projects\\PHP\\laravel10-api-passport\\vendor\\laravel\\framework\\src\\Illuminate\\Database\\Eloquent\\Model.php(2347): Illuminate\\Database\\Eloquent\\Model->__call()
#13 C:\\Users\\hask777\\Desktop\\projects\\PHP\\laravel10-api-passport\\app\\Modules\\Admin\\Menu\\Controllers\\Api\\MenuController.php(23): Illuminate\\Database\\Eloquent\\Model::__callStatic()
#14 C:\\Users\\hask777\\Desktop\\projects\\PHP\\laravel10-api-passport\\vendor\\laravel\\framework\\src\\Illuminate\\Routing\\Controller.php(54): App\\Modules\\Admin\\Menu\\Controllers\\Api\\MenuController->index()
#15 C:\\Users\\hask777\\Desktop\\projects\\PHP\\laravel10-api-passport\\vendor\\laravel\\framework\\src\\Illuminate\\Routing\\ControllerDispatcher.php(43): Illuminate\\Routing\\Controller->callAction()
#16 C:\\Users\\hask777\\Desktop\\projects\\PHP\\laravel10-api-passport\\vendor\\laravel\\framework\\src\\Illuminate\\Routing\\Route.php(259): Illuminate\\Routing\\ControllerDispatcher->dispatch()
#17 C:\\Users\\hask777\\Desktop\\projects\\PHP\\laravel10-api-passport\\vendor\\laravel\\framework\\src\\Illuminate\\Routing\\Route.php(205): Illuminate\\Routing\\Route->runController()
#18 C:\\Users\\hask777\\Desktop\\projects\\PHP\\laravel10-api-passport\\vendor\\laravel\\framework\\src\\Illuminate\\Routing\\Router.php(806): Illuminate\\Routing\\Route->run()
#19 C:\\Users\\hask777\\Desktop\\projects\\PHP\\laravel10-api-passport\\vendor\\laravel\\framework\\src\\Illuminate\\Pipeline\\Pipeline.php(144): Illuminate\\Routing\\Router->Illuminate\\Routing\\{closure}()
#20 C:\\Users\\hask777\\Desktop\\projects\\PHP\\laravel10-api-passport\\vendor\\laravel\\framework\\src\\Illuminate\\Routing\\Middleware\\SubstituteBindings.php(50): Illuminate\\Pipeline\\Pipeline->Illuminate\\Pipeline\\{closure}()
#21 C:\\Users\\hask777\\Desktop\\projects\\PHP\\laravel10-api-passport\\vendor\\laravel\\framework\\src\\Illuminate\\Pipeline\\Pipeline.php(183): Illuminate\\Routing\\Middleware\\SubstituteBindings->handle()
#22 C:\\Users\\hask777\\Desktop\\projects\\PHP\\laravel10-api-passport\\vendor\\laravel\\framework\\src\\Illuminate\\Routing\\Middleware\\ThrottleRequests.php(159): Illuminate\\Pipeline\\Pipeline->Illuminate\\Pipeline\\{closure}()
#23 C:\\Users\\hask777\\Desktop\\projects\\PHP\\laravel10-api-passport\\vendor\\laravel\\framework\\src\\Illuminate\\Routing\\Middleware\\ThrottleRequests.php(125): Illuminate\\Routing\\Middleware\\ThrottleRequests->handleRequest()
#24 C:\\Users\\hask777\\Desktop\\projects\\PHP\\laravel10-api-passport\\vendor\\laravel\\framework\\src\\Illuminate\\Routing\\Middleware\\ThrottleRequests.php(87): Illuminate\\Routing\\Middleware\\ThrottleRequests->handleRequestUsingNamedLimiter()
#25 C:\\Users\\hask777\\Desktop\\projects\\PHP\\laravel10-api-passport\\vendor\\laravel\\framework\\src\\Illuminate\\Pipeline\\Pipeline.php(183): Illuminate\\Routing\\Middleware\\ThrottleRequests->handle()
#26 C:\\Users\\hask777\\Desktop\\projects\\PHP\\laravel10-api-passport\\vendor\\laravel\\framework\\src\\Illuminate\\Auth\\Middleware\\Authenticate.php(57): Illuminate\\Pipeline\\Pipeline->Illuminate\\Pipeline\\{closure}()
#27 C:\\Users\\hask777\\Desktop\\projects\\PHP\\laravel10-api-passport\\vendor\\laravel\\framework\\src\\Illuminate\\Pipeline\\Pipeline.php(183): Illuminate\\Auth\\Middleware\\Authenticate->handle()
#28 C:\\Users\\hask777\\Desktop\\projects\\PHP\\laravel10-api-passport\\vendor\\laravel\\framework\\src\\Illuminate\\Pipeline\\Pipeline.php(119): Illuminate\\Pipeline\\Pipeline->Illuminate\\Pipeline\\{closure}()
#29 C:\\Users\\hask777\\Desktop\\projects\\PHP\\laravel10-api-passport\\vendor\\laravel\\framework\\src\\Illuminate\\Routing\\Router.php(805): Illuminate\\Pipeline\\Pipeline->then()
#30 C:\\Users\\hask777\\Desktop\\projects\\PHP\\laravel10-api-passport\\vendor\\laravel\\framework\\src\\Illuminate\\Routing\\Router.php(784): Illuminate\\Routing\\Router->runRouteWithinStack()
#31 C:\\Users\\hask777\\Desktop\\projects\\PHP\\laravel10-api-passport\\vendor\\laravel\\framework\\src\\Illuminate\\Routing\\Router.php(748): Illuminate\\Routing\\Router->runRoute()
#32 C:\\Users\\hask777\\Desktop\\projects\\PHP\\laravel10-api-passport\\vendor\\laravel\\framework\\src\\Illuminate\\Routing\\Router.php(737): Illuminate\\Routing\\Router->dispatchToRoute()
#33 C:\\Users\\hask777\\Desktop\\projects\\PHP\\laravel10-api-passport\\vendor\\laravel\\framework\\src\\Illuminate\\Foundation\\Http\\Kernel.php(200): Illuminate\\Routing\\Router->dispatch()
#34 C:\\Users\\hask777\\Desktop\\projects\\PHP\\laravel10-api-passport\\vendor\\laravel\\framework\\src\\Illuminate\\Pipeline\\Pipeline.php(144): Illuminate\\Foundation\\Http\\Kernel->Illuminate\\Foundation\\Http\\{closure}()
#35 C:\\Users\\hask777\\Desktop\\projects\\PHP\\laravel10-api-passport\\vendor\\laravel\\framework\\src\\Illuminate\\Foundation\\Http\\Middleware\\TransformsRequest.php(21): Illuminate\\Pipeline\\Pipeline->Illuminate\\Pipeline\\{closure}()
#36 C:\\Users\\hask777\\Desktop\\projects\\PHP\\laravel10-api-passport\\vendor\\laravel\\framework\\src\\Illuminate\\Foundation\\Http\\Middleware\\ConvertEmptyStringsToNull.php(31): Illuminate\\Foundation\\Http\\Middleware\\TransformsRequest->handle()
#37 C:\\Users\\hask777\\Desktop\\projects\\PHP\\laravel10-api-passport\\vendor\\laravel\\framework\\src\\Illuminate\\Pipeline\\Pipeline.php(183): Illuminate\\Foundation\\Http\\Middleware\\ConvertEmptyStringsToNull->handle()
#38 C:\\Users\\hask777\\Desktop\\projects\\PHP\\laravel10-api-passport\\vendor\\laravel\\framework\\src\\Illuminate\\Foundation\\Http\\Middleware\\TransformsRequest.php(21): Illuminate\\Pipeline\\Pipeline->Illuminate\\Pipeline\\{closure}()
#39 C:\\Users\\hask777\\Desktop\\projects\\PHP\\laravel10-api-passport\\vendor\\laravel\\framework\\src\\Illuminate\\Foundation\\Http\\Middleware\\TrimStrings.php(40): Illuminate\\Foundation\\Http\\Middleware\\TransformsRequest->handle()
#40 C:\\Users\\hask777\\Desktop\\projects\\PHP\\laravel10-api-passport\\vendor\\laravel\\framework\\src\\Illuminate\\Pipeline\\Pipeline.php(183): Illuminate\\Foundation\\Http\\Middleware\\TrimStrings->handle()
#41 C:\\Users\\hask777\\Desktop\\projects\\PHP\\laravel10-api-passport\\vendor\\laravel\\framework\\src\\Illuminate\\Foundation\\Http\\Middleware\\ValidatePostSize.php(27): Illuminate\\Pipeline\\Pipeline->Illuminate\\Pipeline\\{closure}()
#42 C:\\Users\\hask777\\Desktop\\projects\\PHP\\laravel10-api-passport\\vendor\\laravel\\framework\\src\\Illuminate\\Pipeline\\Pipeline.php(183): Illuminate\\Foundation\\Http\\Middleware\\ValidatePostSize->handle()
#43 C:\\Users\\hask777\\Desktop\\projects\\PHP\\laravel10-api-passport\\vendor\\laravel\\framework\\src\\Illuminate\\Foundation\\Http\\Middleware\\PreventRequestsDuringMaintenance.php(99): Illuminate\\Pipeline\\Pipeline->Illuminate\\Pipeline\\{closure}()
#44 C:\\Users\\hask777\\Desktop\\projects\\PHP\\laravel10-api-passport\\vendor\\laravel\\framework\\src\\Illuminate\\Pipeline\\Pipeline.php(183): Illuminate\\Foundation\\Http\\Middleware\\PreventRequestsDuringMaintenance->handle()
#45 C:\\Users\\hask777\\Desktop\\projects\\PHP\\laravel10-api-passport\\vendor\\laravel\\framework\\src\\Illuminate\\Http\\Middleware\\HandleCors.php(62): Illuminate\\Pipeline\\Pipeline->Illuminate\\Pipeline\\{closure}()
#46 C:\\Users\\hask777\\Desktop\\projects\\PHP\\laravel10-api-passport\\vendor\\laravel\\framework\\src\\Illuminate\\Pipeline\\Pipeline.php(183): Illuminate\\Http\\Middleware\\HandleCors->handle()
#47 C:\\Users\\hask777\\Desktop\\projects\\PHP\\laravel10-api-passport\\vendor\\laravel\\framework\\src\\Illuminate\\Http\\Middleware\\TrustProxies.php(39): Illuminate\\Pipeline\\Pipeline->Illuminate\\Pipeline\\{closure}()
#48 C:\\Users\\hask777\\Desktop\\projects\\PHP\\laravel10-api-passport\\vendor\\laravel\\framework\\src\\Illuminate\\Pipeline\\Pipeline.php(183): Illuminate\\Http\\Middleware\\TrustProxies->handle()
#49 C:\\Users\\hask777\\Desktop\\projects\\PHP\\laravel10-api-passport\\vendor\\laravel\\framework\\src\\Illuminate\\Pipeline\\Pipeline.php(119): Illuminate\\Pipeline\\Pipeline->Illuminate\\Pipeline\\{closure}()
#50 C:\\Users\\hask777\\Desktop\\projects\\PHP\\laravel10-api-passport\\vendor\\laravel\\framework\\src\\Illuminate\\Foundation\\Http\\Kernel.php(175): Illuminate\\Pipeline\\Pipeline->then()
#51 C:\\Users\\hask777\\Desktop\\projects\\PHP\\laravel10-api-passport\\vendor\\laravel\\framework\\src\\Illuminate\\Foundation\\Http\\Kernel.php(144): Illuminate\\Foundation\\Http\\Kernel->sendRequestThroughRouter()
#52 C:\\Users\\hask777\\Desktop\\projects\\PHP\\laravel10-api-passport\\public\\index.php(51): Illuminate\\Foundation\\Http\\Kernel->handle()
#53 C:\\Users\\hask777\\Desktop\\projects\\PHP\\laravel10-api-passport\\vendor\\laravel\\framework\\src\\Illuminate\\Foundation\\resources\\server.php(16): require_once('...')
#54 {main}
"} 
[2025-03-16 17:25:39] local.ERROR: Call to a member function toArray() on null {"userId":1,"exception":"[object] (Error(code: 0): Call to a member function toArray() on null at C:\\Users\\hask777\\Desktop\\projects\\PHP\\laravel10-api-passport\\app\\Modules\\Admin\\Role\\Models\\Traits\\UserRoles.php:82)
[stacktrace]
#0 C:\\Users\\hask777\\Desktop\\projects\\PHP\\laravel10-api-passport\\app\\Modules\\Admin\\Menu\\Models\\Menu.php(29): App\\Modules\\Admin\\User\\Models\\User->getMergedPermissions()
#1 C:\\Users\\hask777\\Desktop\\projects\\PHP\\laravel10-api-passport\\vendor\\laravel\\framework\\src\\Illuminate\\Database\\Eloquent\\Builder.php(1396): App\\Modules\\Admin\\Menu\\Models\\Menu->App\\Modules\\Admin\\Menu\\Models\\{closure}()
#2 C:\\Users\\hask777\\Desktop\\projects\\PHP\\laravel10-api-passport\\vendor\\laravel\\framework\\src\\Illuminate\\Database\\Eloquent\\Concerns\\QueriesRelationships.php(61): Illuminate\\Database\\Eloquent\\Builder->callScope()
#3 C:\\Users\\hask777\\Desktop\\projects\\PHP\\laravel10-api-passport\\vendor\\laravel\\framework\\src\\Illuminate\\Database\\Eloquent\\Concerns\\QueriesRelationships.php(152): Illuminate\\Database\\Eloquent\\Builder->has()
#4 C:\\Users\\hask777\\Desktop\\projects\\PHP\\laravel10-api-passport\\app\\Modules\\Admin\\Menu\\Models\\Menu.php(28): Illuminate\\Database\\Eloquent\\Builder->whereHas()
#5 C:\\Users\\hask777\\Desktop\\projects\\PHP\\laravel10-api-passport\\vendor\\laravel\\framework\\src\\Illuminate\\Database\\Eloquent\\Model.php(1627): App\\Modules\\Admin\\Menu\\Models\\Menu->scopeFrontMenu()
#6 C:\\Users\\hask777\\Desktop\\projects\\PHP\\laravel10-api-passport\\vendor\\laravel\\framework\\src\\Illuminate\\Database\\Eloquent\\Builder.php(1415): Illuminate\\Database\\Eloquent\\Model->callNamedScope()
#7 C:\\Users\\hask777\\Desktop\\projects\\PHP\\laravel10-api-passport\\vendor\\laravel\\framework\\src\\Illuminate\\Database\\Eloquent\\Builder.php(1396): Illuminate\\Database\\Eloquent\\Builder->Illuminate\\Database\\Eloquent\\{closure}()
#8 C:\\Users\\hask777\\Desktop\\projects\\PHP\\laravel10-api-passport\\vendor\\laravel\\framework\\src\\Illuminate\\Database\\Eloquent\\Builder.php(1414): Illuminate\\Database\\Eloquent\\Builder->callScope()
#9 C:\\Users\\hask777\\Desktop\\projects\\PHP\\laravel10-api-passport\\vendor\\laravel\\framework\\src\\Illuminate\\Database\\Eloquent\\Builder.php(1978): Illuminate\\Database\\Eloquent\\Builder->callNamedScope()
#10 C:\\Users\\hask777\\Desktop\\projects\\PHP\\laravel10-api-passport\\vendor\\laravel\\framework\\src\\Illuminate\\Support\\Traits\\ForwardsCalls.php(23): Illuminate\\Database\\Eloquent\\Builder->__call()
#11 C:\\Users\\hask777\\Desktop\\projects\\PHP\\laravel10-api-passport\\vendor\\laravel\\framework\\src\\Illuminate\\Database\\Eloquent\\Model.php(2335): Illuminate\\Database\\Eloquent\\Model->forwardCallTo()
#12 C:\\Users\\hask777\\Desktop\\projects\\PHP\\laravel10-api-passport\\vendor\\laravel\\framework\\src\\Illuminate\\Database\\Eloquent\\Model.php(2347): Illuminate\\Database\\Eloquent\\Model->__call()
#13 C:\\Users\\hask777\\Desktop\\projects\\PHP\\laravel10-api-passport\\app\\Modules\\Admin\\Menu\\Controllers\\Api\\MenuController.php(23): Illuminate\\Database\\Eloquent\\Model::__callStatic()
#14 C:\\Users\\hask777\\Desktop\\projects\\PHP\\laravel10-api-passport\\vendor\\laravel\\framework\\src\\Illuminate\\Routing\\Controller.php(54): App\\Modules\\Admin\\Menu\\Controllers\\Api\\MenuController->index()
#15 C:\\Users\\hask777\\Desktop\\projects\\PHP\\laravel10-api-passport\\vendor\\laravel\\framework\\src\\Illuminate\\Routing\\ControllerDispatcher.php(43): Illuminate\\Routing\\Controller->callAction()
#16 C:\\Users\\hask777\\Desktop\\projects\\PHP\\laravel10-api-passport\\vendor\\laravel\\framework\\src\\Illuminate\\Routing\\Route.php(259): Illuminate\\Routing\\ControllerDispatcher->dispatch()
#17 C:\\Users\\hask777\\Desktop\\projects\\PHP\\laravel10-api-passport\\vendor\\laravel\\framework\\src\\Illuminate\\Routing\\Route.php(205): Illuminate\\Routing\\Route->runController()
#18 C:\\Users\\hask777\\Desktop\\projects\\PHP\\laravel10-api-passport\\vendor\\laravel\\framework\\src\\Illuminate\\Routing\\Router.php(806): Illuminate\\Routing\\Route->run()
#19 C:\\Users\\hask777\\Desktop\\projects\\PHP\\laravel10-api-passport\\vendor\\laravel\\framework\\src\\Illuminate\\Pipeline\\Pipeline.php(144): Illuminate\\Routing\\Router->Illuminate\\Routing\\{closure}()
#20 C:\\Users\\hask777\\Desktop\\projects\\PHP\\laravel10-api-passport\\vendor\\laravel\\framework\\src\\Illuminate\\Routing\\Middleware\\SubstituteBindings.php(50): Illuminate\\Pipeline\\Pipeline->Illuminate\\Pipeline\\{closure}()
#21 C:\\Users\\hask777\\Desktop\\projects\\PHP\\laravel10-api-passport\\vendor\\laravel\\framework\\src\\Illuminate\\Pipeline\\Pipeline.php(183): Illuminate\\Routing\\Middleware\\SubstituteBindings->handle()
#22 C:\\Users\\hask777\\Desktop\\projects\\PHP\\laravel10-api-passport\\vendor\\laravel\\framework\\src\\Illuminate\\Routing\\Middleware\\ThrottleRequests.php(159): Illuminate\\Pipeline\\Pipeline->Illuminate\\Pipeline\\{closure}()
#23 C:\\Users\\hask777\\Desktop\\projects\\PHP\\laravel10-api-passport\\vendor\\laravel\\framework\\src\\Illuminate\\Routing\\Middleware\\ThrottleRequests.php(125): Illuminate\\Routing\\Middleware\\ThrottleRequests->handleRequest()
#24 C:\\Users\\hask777\\Desktop\\projects\\PHP\\laravel10-api-passport\\vendor\\laravel\\framework\\src\\Illuminate\\Routing\\Middleware\\ThrottleRequests.php(87): Illuminate\\Routing\\Middleware\\ThrottleRequests->handleRequestUsingNamedLimiter()
#25 C:\\Users\\hask777\\Desktop\\projects\\PHP\\laravel10-api-passport\\vendor\\laravel\\framework\\src\\Illuminate\\Pipeline\\Pipeline.php(183): Illuminate\\Routing\\Middleware\\ThrottleRequests->handle()
#26 C:\\Users\\hask777\\Desktop\\projects\\PHP\\laravel10-api-passport\\vendor\\laravel\\framework\\src\\Illuminate\\Auth\\Middleware\\Authenticate.php(57): Illuminate\\Pipeline\\Pipeline->Illuminate\\Pipeline\\{closure}()
#27 C:\\Users\\hask777\\Desktop\\projects\\PHP\\laravel10-api-passport\\vendor\\laravel\\framework\\src\\Illuminate\\Pipeline\\Pipeline.php(183): Illuminate\\Auth\\Middleware\\Authenticate->handle()
#28 C:\\Users\\hask777\\Desktop\\projects\\PHP\\laravel10-api-passport\\vendor\\laravel\\framework\\src\\Illuminate\\Pipeline\\Pipeline.php(119): Illuminate\\Pipeline\\Pipeline->Illuminate\\Pipeline\\{closure}()
#29 C:\\Users\\hask777\\Desktop\\projects\\PHP\\laravel10-api-passport\\vendor\\laravel\\framework\\src\\Illuminate\\Routing\\Router.php(805): Illuminate\\Pipeline\\Pipeline->then()
#30 C:\\Users\\hask777\\Desktop\\projects\\PHP\\laravel10-api-passport\\vendor\\laravel\\framework\\src\\Illuminate\\Routing\\Router.php(784): Illuminate\\Routing\\Router->runRouteWithinStack()
#31 C:\\Users\\hask777\\Desktop\\projects\\PHP\\laravel10-api-passport\\vendor\\laravel\\framework\\src\\Illuminate\\Routing\\Router.php(748): Illuminate\\Routing\\Router->runRoute()
#32 C:\\Users\\hask777\\Desktop\\projects\\PHP\\laravel10-api-passport\\vendor\\laravel\\framework\\src\\Illuminate\\Routing\\Router.php(737): Illuminate\\Routing\\Router->dispatchToRoute()
#33 C:\\Users\\hask777\\Desktop\\projects\\PHP\\laravel10-api-passport\\vendor\\laravel\\framework\\src\\Illuminate\\Foundation\\Http\\Kernel.php(200): Illuminate\\Routing\\Router->dispatch()
#34 C:\\Users\\hask777\\Desktop\\projects\\PHP\\laravel10-api-passport\\vendor\\laravel\\framework\\src\\Illuminate\\Pipeline\\Pipeline.php(144): Illuminate\\Foundation\\Http\\Kernel->Illuminate\\Foundation\\Http\\{closure}()
#35 C:\\Users\\hask777\\Desktop\\projects\\PHP\\laravel10-api-passport\\vendor\\laravel\\framework\\src\\Illuminate\\Foundation\\Http\\Middleware\\TransformsRequest.php(21): Illuminate\\Pipeline\\Pipeline->Illuminate\\Pipeline\\{closure}()
#36 C:\\Users\\hask777\\Desktop\\projects\\PHP\\laravel10-api-passport\\vendor\\laravel\\framework\\src\\Illuminate\\Foundation\\Http\\Middleware\\ConvertEmptyStringsToNull.php(31): Illuminate\\Foundation\\Http\\Middleware\\TransformsRequest->handle()
#37 C:\\Users\\hask777\\Desktop\\projects\\PHP\\laravel10-api-passport\\vendor\\laravel\\framework\\src\\Illuminate\\Pipeline\\Pipeline.php(183): Illuminate\\Foundation\\Http\\Middleware\\ConvertEmptyStringsToNull->handle()
#38 C:\\Users\\hask777\\Desktop\\projects\\PHP\\laravel10-api-passport\\vendor\\laravel\\framework\\src\\Illuminate\\Foundation\\Http\\Middleware\\TransformsRequest.php(21): Illuminate\\Pipeline\\Pipeline->Illuminate\\Pipeline\\{closure}()
#39 C:\\Users\\hask777\\Desktop\\projects\\PHP\\laravel10-api-passport\\vendor\\laravel\\framework\\src\\Illuminate\\Foundation\\Http\\Middleware\\TrimStrings.php(40): Illuminate\\Foundation\\Http\\Middleware\\TransformsRequest->handle()
#40 C:\\Users\\hask777\\Desktop\\projects\\PHP\\laravel10-api-passport\\vendor\\laravel\\framework\\src\\Illuminate\\Pipeline\\Pipeline.php(183): Illuminate\\Foundation\\Http\\Middleware\\TrimStrings->handle()
#41 C:\\Users\\hask777\\Desktop\\projects\\PHP\\laravel10-api-passport\\vendor\\laravel\\framework\\src\\Illuminate\\Foundation\\Http\\Middleware\\ValidatePostSize.php(27): Illuminate\\Pipeline\\Pipeline->Illuminate\\Pipeline\\{closure}()
#42 C:\\Users\\hask777\\Desktop\\projects\\PHP\\laravel10-api-passport\\vendor\\laravel\\framework\\src\\Illuminate\\Pipeline\\Pipeline.php(183): Illuminate\\Foundation\\Http\\Middleware\\ValidatePostSize->handle()
#43 C:\\Users\\hask777\\Desktop\\projects\\PHP\\laravel10-api-passport\\vendor\\laravel\\framework\\src\\Illuminate\\Foundation\\Http\\Middleware\\PreventRequestsDuringMaintenance.php(99): Illuminate\\Pipeline\\Pipeline->Illuminate\\Pipeline\\{closure}()
#44 C:\\Users\\hask777\\Desktop\\projects\\PHP\\laravel10-api-passport\\vendor\\laravel\\framework\\src\\Illuminate\\Pipeline\\Pipeline.php(183): Illuminate\\Foundation\\Http\\Middleware\\PreventRequestsDuringMaintenance->handle()
#45 C:\\Users\\hask777\\Desktop\\projects\\PHP\\laravel10-api-passport\\vendor\\laravel\\framework\\src\\Illuminate\\Http\\Middleware\\HandleCors.php(62): Illuminate\\Pipeline\\Pipeline->Illuminate\\Pipeline\\{closure}()
#46 C:\\Users\\hask777\\Desktop\\projects\\PHP\\laravel10-api-passport\\vendor\\laravel\\framework\\src\\Illuminate\\Pipeline\\Pipeline.php(183): Illuminate\\Http\\Middleware\\HandleCors->handle()
#47 C:\\Users\\hask777\\Desktop\\projects\\PHP\\laravel10-api-passport\\vendor\\laravel\\framework\\src\\Illuminate\\Http\\Middleware\\TrustProxies.php(39): Illuminate\\Pipeline\\Pipeline->Illuminate\\Pipeline\\{closure}()
#48 C:\\Users\\hask777\\Desktop\\projects\\PHP\\laravel10-api-passport\\vendor\\laravel\\framework\\src\\Illuminate\\Pipeline\\Pipeline.php(183): Illuminate\\Http\\Middleware\\TrustProxies->handle()
#49 C:\\Users\\hask777\\Desktop\\projects\\PHP\\laravel10-api-passport\\vendor\\laravel\\framework\\src\\Illuminate\\Pipeline\\Pipeline.php(119): Illuminate\\Pipeline\\Pipeline->Illuminate\\Pipeline\\{closure}()
#50 C:\\Users\\hask777\\Desktop\\projects\\PHP\\laravel10-api-passport\\vendor\\laravel\\framework\\src\\Illuminate\\Foundation\\Http\\Kernel.php(175): Illuminate\\Pipeline\\Pipeline->then()
#51 C:\\Users\\hask777\\Desktop\\projects\\PHP\\laravel10-api-passport\\vendor\\laravel\\framework\\src\\Illuminate\\Foundation\\Http\\Kernel.php(144): Illuminate\\Foundation\\Http\\Kernel->sendRequestThroughRouter()
#52 C:\\Users\\hask777\\Desktop\\projects\\PHP\\laravel10-api-passport\\public\\index.php(51): Illuminate\\Foundation\\Http\\Kernel->handle()
#53 C:\\Users\\hask777\\Desktop\\projects\\PHP\\laravel10-api-passport\\vendor\\laravel\\framework\\src\\Illuminate\\Foundation\\resources\\server.php(16): require_once('...')
#54 {main}
"} 
[2025-03-16 17:25:58] local.ERROR: Attempt to read property "perms" on false {"userId":1,"exception":"[object] (ErrorException(code: 0): Attempt to read property \"perms\" on false at C:\\Users\\hask777\\Desktop\\projects\\PHP\\laravel10-api-passport\\app\\Modules\\Admin\\Role\\Models\\Traits\\UserRoles.php:82)
[stacktrace]
#0 C:\\Users\\hask777\\Desktop\\projects\\PHP\\laravel10-api-passport\\vendor\\laravel\\framework\\src\\Illuminate\\Foundation\\Bootstrap\\HandleExceptions.php(255): Illuminate\\Foundation\\Bootstrap\\HandleExceptions->handleError()
#1 C:\\Users\\hask777\\Desktop\\projects\\PHP\\laravel10-api-passport\\app\\Modules\\Admin\\Role\\Models\\Traits\\UserRoles.php(82): Illuminate\\Foundation\\Bootstrap\\HandleExceptions->Illuminate\\Foundation\\Bootstrap\\{closure}()
#2 C:\\Users\\hask777\\Desktop\\projects\\PHP\\laravel10-api-passport\\app\\Modules\\Admin\\Menu\\Models\\Menu.php(29): App\\Modules\\Admin\\User\\Models\\User->getMergedPermissions()
#3 C:\\Users\\hask777\\Desktop\\projects\\PHP\\laravel10-api-passport\\vendor\\laravel\\framework\\src\\Illuminate\\Database\\Eloquent\\Builder.php(1396): App\\Modules\\Admin\\Menu\\Models\\Menu->App\\Modules\\Admin\\Menu\\Models\\{closure}()
#4 C:\\Users\\hask777\\Desktop\\projects\\PHP\\laravel10-api-passport\\vendor\\laravel\\framework\\src\\Illuminate\\Database\\Eloquent\\Concerns\\QueriesRelationships.php(61): Illuminate\\Database\\Eloquent\\Builder->callScope()
#5 C:\\Users\\hask777\\Desktop\\projects\\PHP\\laravel10-api-passport\\vendor\\laravel\\framework\\src\\Illuminate\\Database\\Eloquent\\Concerns\\QueriesRelationships.php(152): Illuminate\\Database\\Eloquent\\Builder->has()
#6 C:\\Users\\hask777\\Desktop\\projects\\PHP\\laravel10-api-passport\\app\\Modules\\Admin\\Menu\\Models\\Menu.php(28): Illuminate\\Database\\Eloquent\\Builder->whereHas()
#7 C:\\Users\\hask777\\Desktop\\projects\\PHP\\laravel10-api-passport\\vendor\\laravel\\framework\\src\\Illuminate\\Database\\Eloquent\\Model.php(1627): App\\Modules\\Admin\\Menu\\Models\\Menu->scopeFrontMenu()
#8 C:\\Users\\hask777\\Desktop\\projects\\PHP\\laravel10-api-passport\\vendor\\laravel\\framework\\src\\Illuminate\\Database\\Eloquent\\Builder.php(1415): Illuminate\\Database\\Eloquent\\Model->callNamedScope()
#9 C:\\Users\\hask777\\Desktop\\projects\\PHP\\laravel10-api-passport\\vendor\\laravel\\framework\\src\\Illuminate\\Database\\Eloquent\\Builder.php(1396): Illuminate\\Database\\Eloquent\\Builder->Illuminate\\Database\\Eloquent\\{closure}()
#10 C:\\Users\\hask777\\Desktop\\projects\\PHP\\laravel10-api-passport\\vendor\\laravel\\framework\\src\\Illuminate\\Database\\Eloquent\\Builder.php(1414): Illuminate\\Database\\Eloquent\\Builder->callScope()
#11 C:\\Users\\hask777\\Desktop\\projects\\PHP\\laravel10-api-passport\\vendor\\laravel\\framework\\src\\Illuminate\\Database\\Eloquent\\Builder.php(1978): Illuminate\\Database\\Eloquent\\Builder->callNamedScope()
#12 C:\\Users\\hask777\\Desktop\\projects\\PHP\\laravel10-api-passport\\vendor\\laravel\\framework\\src\\Illuminate\\Support\\Traits\\ForwardsCalls.php(23): Illuminate\\Database\\Eloquent\\Builder->__call()
#13 C:\\Users\\hask777\\Desktop\\projects\\PHP\\laravel10-api-passport\\vendor\\laravel\\framework\\src\\Illuminate\\Database\\Eloquent\\Model.php(2335): Illuminate\\Database\\Eloquent\\Model->forwardCallTo()
#14 C:\\Users\\hask777\\Desktop\\projects\\PHP\\laravel10-api-passport\\vendor\\laravel\\framework\\src\\Illuminate\\Database\\Eloquent\\Model.php(2347): Illuminate\\Database\\Eloquent\\Model->__call()
#15 C:\\Users\\hask777\\Desktop\\projects\\PHP\\laravel10-api-passport\\app\\Modules\\Admin\\Menu\\Controllers\\Api\\MenuController.php(23): Illuminate\\Database\\Eloquent\\Model::__callStatic()
#16 C:\\Users\\hask777\\Desktop\\projects\\PHP\\laravel10-api-passport\\vendor\\laravel\\framework\\src\\Illuminate\\Routing\\Controller.php(54): App\\Modules\\Admin\\Menu\\Controllers\\Api\\MenuController->index()
#17 C:\\Users\\hask777\\Desktop\\projects\\PHP\\laravel10-api-passport\\vendor\\laravel\\framework\\src\\Illuminate\\Routing\\ControllerDispatcher.php(43): Illuminate\\Routing\\Controller->callAction()
#18 C:\\Users\\hask777\\Desktop\\projects\\PHP\\laravel10-api-passport\\vendor\\laravel\\framework\\src\\Illuminate\\Routing\\Route.php(259): Illuminate\\Routing\\ControllerDispatcher->dispatch()
#19 C:\\Users\\hask777\\Desktop\\projects\\PHP\\laravel10-api-passport\\vendor\\laravel\\framework\\src\\Illuminate\\Routing\\Route.php(205): Illuminate\\Routing\\Route->runController()
#20 C:\\Users\\hask777\\Desktop\\projects\\PHP\\laravel10-api-passport\\vendor\\laravel\\framework\\src\\Illuminate\\Routing\\Router.php(806): Illuminate\\Routing\\Route->run()
#21 C:\\Users\\hask777\\Desktop\\projects\\PHP\\laravel10-api-passport\\vendor\\laravel\\framework\\src\\Illuminate\\Pipeline\\Pipeline.php(144): Illuminate\\Routing\\Router->Illuminate\\Routing\\{closure}()
#22 C:\\Users\\hask777\\Desktop\\projects\\PHP\\laravel10-api-passport\\vendor\\laravel\\framework\\src\\Illuminate\\Routing\\Middleware\\SubstituteBindings.php(50): Illuminate\\Pipeline\\Pipeline->Illuminate\\Pipeline\\{closure}()
#23 C:\\Users\\hask777\\Desktop\\projects\\PHP\\laravel10-api-passport\\vendor\\laravel\\framework\\src\\Illuminate\\Pipeline\\Pipeline.php(183): Illuminate\\Routing\\Middleware\\SubstituteBindings->handle()
#24 C:\\Users\\hask777\\Desktop\\projects\\PHP\\laravel10-api-passport\\vendor\\laravel\\framework\\src\\Illuminate\\Routing\\Middleware\\ThrottleRequests.php(159): Illuminate\\Pipeline\\Pipeline->Illuminate\\Pipeline\\{closure}()
#25 C:\\Users\\hask777\\Desktop\\projects\\PHP\\laravel10-api-passport\\vendor\\laravel\\framework\\src\\Illuminate\\Routing\\Middleware\\ThrottleRequests.php(125): Illuminate\\Routing\\Middleware\\ThrottleRequests->handleRequest()
#26 C:\\Users\\hask777\\Desktop\\projects\\PHP\\laravel10-api-passport\\vendor\\laravel\\framework\\src\\Illuminate\\Routing\\Middleware\\ThrottleRequests.php(87): Illuminate\\Routing\\Middleware\\ThrottleRequests->handleRequestUsingNamedLimiter()
#27 C:\\Users\\hask777\\Desktop\\projects\\PHP\\laravel10-api-passport\\vendor\\laravel\\framework\\src\\Illuminate\\Pipeline\\Pipeline.php(183): Illuminate\\Routing\\Middleware\\ThrottleRequests->handle()
#28 C:\\Users\\hask777\\Desktop\\projects\\PHP\\laravel10-api-passport\\vendor\\laravel\\framework\\src\\Illuminate\\Auth\\Middleware\\Authenticate.php(57): Illuminate\\Pipeline\\Pipeline->Illuminate\\Pipeline\\{closure}()
#29 C:\\Users\\hask777\\Desktop\\projects\\PHP\\laravel10-api-passport\\vendor\\laravel\\framework\\src\\Illuminate\\Pipeline\\Pipeline.php(183): Illuminate\\Auth\\Middleware\\Authenticate->handle()
#30 C:\\Users\\hask777\\Desktop\\projects\\PHP\\laravel10-api-passport\\vendor\\laravel\\framework\\src\\Illuminate\\Pipeline\\Pipeline.php(119): Illuminate\\Pipeline\\Pipeline->Illuminate\\Pipeline\\{closure}()
#31 C:\\Users\\hask777\\Desktop\\projects\\PHP\\laravel10-api-passport\\vendor\\laravel\\framework\\src\\Illuminate\\Routing\\Router.php(805): Illuminate\\Pipeline\\Pipeline->then()
#32 C:\\Users\\hask777\\Desktop\\projects\\PHP\\laravel10-api-passport\\vendor\\laravel\\framework\\src\\Illuminate\\Routing\\Router.php(784): Illuminate\\Routing\\Router->runRouteWithinStack()
#33 C:\\Users\\hask777\\Desktop\\projects\\PHP\\laravel10-api-passport\\vendor\\laravel\\framework\\src\\Illuminate\\Routing\\Router.php(748): Illuminate\\Routing\\Router->runRoute()
#34 C:\\Users\\hask777\\Desktop\\projects\\PHP\\laravel10-api-passport\\vendor\\laravel\\framework\\src\\Illuminate\\Routing\\Router.php(737): Illuminate\\Routing\\Router->dispatchToRoute()
#35 C:\\Users\\hask777\\Desktop\\projects\\PHP\\laravel10-api-passport\\vendor\\laravel\\framework\\src\\Illuminate\\Foundation\\Http\\Kernel.php(200): Illuminate\\Routing\\Router->dispatch()
#36 C:\\Users\\hask777\\Desktop\\projects\\PHP\\laravel10-api-passport\\vendor\\laravel\\framework\\src\\Illuminate\\Pipeline\\Pipeline.php(144): Illuminate\\Foundation\\Http\\Kernel->Illuminate\\Foundation\\Http\\{closure}()
#37 C:\\Users\\hask777\\Desktop\\projects\\PHP\\laravel10-api-passport\\vendor\\laravel\\framework\\src\\Illuminate\\Foundation\\Http\\Middleware\\TransformsRequest.php(21): Illuminate\\Pipeline\\Pipeline->Illuminate\\Pipeline\\{closure}()
#38 C:\\Users\\hask777\\Desktop\\projects\\PHP\\laravel10-api-passport\\vendor\\laravel\\framework\\src\\Illuminate\\Foundation\\Http\\Middleware\\ConvertEmptyStringsToNull.php(31): Illuminate\\Foundation\\Http\\Middleware\\TransformsRequest->handle()
#39 C:\\Users\\hask777\\Desktop\\projects\\PHP\\laravel10-api-passport\\vendor\\laravel\\framework\\src\\Illuminate\\Pipeline\\Pipeline.php(183): Illuminate\\Foundation\\Http\\Middleware\\ConvertEmptyStringsToNull->handle()
#40 C:\\Users\\hask777\\Desktop\\projects\\PHP\\laravel10-api-passport\\vendor\\laravel\\framework\\src\\Illuminate\\Foundation\\Http\\Middleware\\TransformsRequest.php(21): Illuminate\\Pipeline\\Pipeline->Illuminate\\Pipeline\\{closure}()
#41 C:\\Users\\hask777\\Desktop\\projects\\PHP\\laravel10-api-passport\\vendor\\laravel\\framework\\src\\Illuminate\\Foundation\\Http\\Middleware\\TrimStrings.php(40): Illuminate\\Foundation\\Http\\Middleware\\TransformsRequest->handle()
#42 C:\\Users\\hask777\\Desktop\\projects\\PHP\\laravel10-api-passport\\vendor\\laravel\\framework\\src\\Illuminate\\Pipeline\\Pipeline.php(183): Illuminate\\Foundation\\Http\\Middleware\\TrimStrings->handle()
#43 C:\\Users\\hask777\\Desktop\\projects\\PHP\\laravel10-api-passport\\vendor\\laravel\\framework\\src\\Illuminate\\Foundation\\Http\\Middleware\\ValidatePostSize.php(27): Illuminate\\Pipeline\\Pipeline->Illuminate\\Pipeline\\{closure}()
#44 C:\\Users\\hask777\\Desktop\\projects\\PHP\\laravel10-api-passport\\vendor\\laravel\\framework\\src\\Illuminate\\Pipeline\\Pipeline.php(183): Illuminate\\Foundation\\Http\\Middleware\\ValidatePostSize->handle()
#45 C:\\Users\\hask777\\Desktop\\projects\\PHP\\laravel10-api-passport\\vendor\\laravel\\framework\\src\\Illuminate\\Foundation\\Http\\Middleware\\PreventRequestsDuringMaintenance.php(99): Illuminate\\Pipeline\\Pipeline->Illuminate\\Pipeline\\{closure}()
#46 C:\\Users\\hask777\\Desktop\\projects\\PHP\\laravel10-api-passport\\vendor\\laravel\\framework\\src\\Illuminate\\Pipeline\\Pipeline.php(183): Illuminate\\Foundation\\Http\\Middleware\\PreventRequestsDuringMaintenance->handle()
#47 C:\\Users\\hask777\\Desktop\\projects\\PHP\\laravel10-api-passport\\vendor\\laravel\\framework\\src\\Illuminate\\Http\\Middleware\\HandleCors.php(62): Illuminate\\Pipeline\\Pipeline->Illuminate\\Pipeline\\{closure}()
#48 C:\\Users\\hask777\\Desktop\\projects\\PHP\\laravel10-api-passport\\vendor\\laravel\\framework\\src\\Illuminate\\Pipeline\\Pipeline.php(183): Illuminate\\Http\\Middleware\\HandleCors->handle()
#49 C:\\Users\\hask777\\Desktop\\projects\\PHP\\laravel10-api-passport\\vendor\\laravel\\framework\\src\\Illuminate\\Http\\Middleware\\TrustProxies.php(39): Illuminate\\Pipeline\\Pipeline->Illuminate\\Pipeline\\{closure}()
#50 C:\\Users\\hask777\\Desktop\\projects\\PHP\\laravel10-api-passport\\vendor\\laravel\\framework\\src\\Illuminate\\Pipeline\\Pipeline.php(183): Illuminate\\Http\\Middleware\\TrustProxies->handle()
#51 C:\\Users\\hask777\\Desktop\\projects\\PHP\\laravel10-api-passport\\vendor\\laravel\\framework\\src\\Illuminate\\Pipeline\\Pipeline.php(119): Illuminate\\Pipeline\\Pipeline->Illuminate\\Pipeline\\{closure}()
#52 C:\\Users\\hask777\\Desktop\\projects\\PHP\\laravel10-api-passport\\vendor\\laravel\\framework\\src\\Illuminate\\Foundation\\Http\\Kernel.php(175): Illuminate\\Pipeline\\Pipeline->then()
#53 C:\\Users\\hask777\\Desktop\\projects\\PHP\\laravel10-api-passport\\vendor\\laravel\\framework\\src\\Illuminate\\Foundation\\Http\\Kernel.php(144): Illuminate\\Foundation\\Http\\Kernel->sendRequestThroughRouter()
#54 C:\\Users\\hask777\\Desktop\\projects\\PHP\\laravel10-api-passport\\public\\index.php(51): Illuminate\\Foundation\\Http\\Kernel->handle()
#55 C:\\Users\\hask777\\Desktop\\projects\\PHP\\laravel10-api-passport\\vendor\\laravel\\framework\\src\\Illuminate\\Foundation\\resources\\server.php(16): require_once('...')
#56 {main}
"} 
[2025-03-16 17:50:20] local.ERROR: App\Modules\Admin\Role\Policies\RolePolicy::view(): Argument #1 ($user) must be of type App\Models\User, App\Modules\Admin\User\Models\User given, called in C:\Users\hask777\Desktop\projects\PHP\laravel10-api-passport\vendor\laravel\framework\src\Illuminate\Auth\Access\Gate.php on line 811 {"userId":1,"exception":"[object] (TypeError(code: 0): App\\Modules\\Admin\\Role\\Policies\\RolePolicy::view(): Argument #1 ($user) must be of type App\\Models\\User, App\\Modules\\Admin\\User\\Models\\User given, called in C:\\Users\\hask777\\Desktop\\projects\\PHP\\laravel10-api-passport\\vendor\\laravel\\framework\\src\\Illuminate\\Auth\\Access\\Gate.php on line 811 at C:\\Users\\hask777\\Desktop\\projects\\PHP\\laravel10-api-passport\\app\\Modules\\Admin\\Role\\Policies\\RolePolicy.php:23)
[stacktrace]
#0 C:\\Users\\hask777\\Desktop\\projects\\PHP\\laravel10-api-passport\\vendor\\laravel\\framework\\src\\Illuminate\\Auth\\Access\\Gate.php(811): App\\Modules\\Admin\\Role\\Policies\\RolePolicy->view()
#1 C:\\Users\\hask777\\Desktop\\projects\\PHP\\laravel10-api-passport\\vendor\\laravel\\framework\\src\\Illuminate\\Auth\\Access\\Gate.php(764): Illuminate\\Auth\\Access\\Gate->callPolicyMethod()
#2 C:\\Users\\hask777\\Desktop\\projects\\PHP\\laravel10-api-passport\\vendor\\laravel\\framework\\src\\Illuminate\\Auth\\Access\\Gate.php(548): Illuminate\\Auth\\Access\\Gate->Illuminate\\Auth\\Access\\{closure}()
#3 C:\\Users\\hask777\\Desktop\\projects\\PHP\\laravel10-api-passport\\vendor\\laravel\\framework\\src\\Illuminate\\Auth\\Access\\Gate.php(443): Illuminate\\Auth\\Access\\Gate->callAuthCallback()
#4 C:\\Users\\hask777\\Desktop\\projects\\PHP\\laravel10-api-passport\\vendor\\laravel\\framework\\src\\Illuminate\\Auth\\Access\\Gate.php(406): Illuminate\\Auth\\Access\\Gate->raw()
#5 C:\\Users\\hask777\\Desktop\\projects\\PHP\\laravel10-api-passport\\vendor\\laravel\\framework\\src\\Illuminate\\Auth\\Access\\Gate.php(393): Illuminate\\Auth\\Access\\Gate->inspect()
#6 C:\\Users\\hask777\\Desktop\\projects\\PHP\\laravel10-api-passport\\vendor\\laravel\\framework\\src\\Illuminate\\Foundation\\Auth\\Access\\AuthorizesRequests.php(23): Illuminate\\Auth\\Access\\Gate->authorize()
#7 C:\\Users\\hask777\\Desktop\\projects\\PHP\\laravel10-api-passport\\app\\Modules\\Admin\\Role\\Controllers\\RoleController.php(28): App\\Http\\Controllers\\Controller->authorize()
#8 C:\\Users\\hask777\\Desktop\\projects\\PHP\\laravel10-api-passport\\vendor\\laravel\\framework\\src\\Illuminate\\Routing\\Controller.php(54): App\\Modules\\Admin\\Role\\Controllers\\RoleController->index()
#9 C:\\Users\\hask777\\Desktop\\projects\\PHP\\laravel10-api-passport\\vendor\\laravel\\framework\\src\\Illuminate\\Routing\\ControllerDispatcher.php(43): Illuminate\\Routing\\Controller->callAction()
#10 C:\\Users\\hask777\\Desktop\\projects\\PHP\\laravel10-api-passport\\vendor\\laravel\\framework\\src\\Illuminate\\Routing\\Route.php(259): Illuminate\\Routing\\ControllerDispatcher->dispatch()
#11 C:\\Users\\hask777\\Desktop\\projects\\PHP\\laravel10-api-passport\\vendor\\laravel\\framework\\src\\Illuminate\\Routing\\Route.php(205): Illuminate\\Routing\\Route->runController()
#12 C:\\Users\\hask777\\Desktop\\projects\\PHP\\laravel10-api-passport\\vendor\\laravel\\framework\\src\\Illuminate\\Routing\\Router.php(806): Illuminate\\Routing\\Route->run()
#13 C:\\Users\\hask777\\Desktop\\projects\\PHP\\laravel10-api-passport\\vendor\\laravel\\framework\\src\\Illuminate\\Pipeline\\Pipeline.php(144): Illuminate\\Routing\\Router->Illuminate\\Routing\\{closure}()
#14 C:\\Users\\hask777\\Desktop\\projects\\PHP\\laravel10-api-passport\\app\\Modules\\Admin\\Dashboard\\Classes\\Base.php(32): Illuminate\\Pipeline\\Pipeline->Illuminate\\Pipeline\\{closure}()
#15 C:\\Users\\hask777\\Desktop\\projects\\PHP\\laravel10-api-passport\\vendor\\laravel\\framework\\src\\Illuminate\\Pipeline\\Pipeline.php(165): App\\Modules\\Admin\\Dashboard\\Classes\\Base->App\\Modules\\Admin\\Dashboard\\Classes\\{closure}()
#16 C:\\Users\\hask777\\Desktop\\projects\\PHP\\laravel10-api-passport\\vendor\\laravel\\framework\\src\\Illuminate\\Routing\\Middleware\\SubstituteBindings.php(50): Illuminate\\Pipeline\\Pipeline->Illuminate\\Pipeline\\{closure}()
#17 C:\\Users\\hask777\\Desktop\\projects\\PHP\\laravel10-api-passport\\vendor\\laravel\\framework\\src\\Illuminate\\Pipeline\\Pipeline.php(183): Illuminate\\Routing\\Middleware\\SubstituteBindings->handle()
#18 C:\\Users\\hask777\\Desktop\\projects\\PHP\\laravel10-api-passport\\vendor\\laravel\\framework\\src\\Illuminate\\Auth\\Middleware\\Authenticate.php(57): Illuminate\\Pipeline\\Pipeline->Illuminate\\Pipeline\\{closure}()
#19 C:\\Users\\hask777\\Desktop\\projects\\PHP\\laravel10-api-passport\\vendor\\laravel\\framework\\src\\Illuminate\\Pipeline\\Pipeline.php(183): Illuminate\\Auth\\Middleware\\Authenticate->handle()
#20 C:\\Users\\hask777\\Desktop\\projects\\PHP\\laravel10-api-passport\\vendor\\laravel\\framework\\src\\Illuminate\\Foundation\\Http\\Middleware\\VerifyCsrfToken.php(78): Illuminate\\Pipeline\\Pipeline->Illuminate\\Pipeline\\{closure}()
#21 C:\\Users\\hask777\\Desktop\\projects\\PHP\\laravel10-api-passport\\vendor\\laravel\\framework\\src\\Illuminate\\Pipeline\\Pipeline.php(183): Illuminate\\Foundation\\Http\\Middleware\\VerifyCsrfToken->handle()
#22 C:\\Users\\hask777\\Desktop\\projects\\PHP\\laravel10-api-passport\\vendor\\laravel\\framework\\src\\Illuminate\\View\\Middleware\\ShareErrorsFromSession.php(49): Illuminate\\Pipeline\\Pipeline->Illuminate\\Pipeline\\{closure}()
#23 C:\\Users\\hask777\\Desktop\\projects\\PHP\\laravel10-api-passport\\vendor\\laravel\\framework\\src\\Illuminate\\Pipeline\\Pipeline.php(183): Illuminate\\View\\Middleware\\ShareErrorsFromSession->handle()
#24 C:\\Users\\hask777\\Desktop\\projects\\PHP\\laravel10-api-passport\\vendor\\laravel\\framework\\src\\Illuminate\\Session\\Middleware\\StartSession.php(121): Illuminate\\Pipeline\\Pipeline->Illuminate\\Pipeline\\{closure}()
#25 C:\\Users\\hask777\\Desktop\\projects\\PHP\\laravel10-api-passport\\vendor\\laravel\\framework\\src\\Illuminate\\Session\\Middleware\\StartSession.php(64): Illuminate\\Session\\Middleware\\StartSession->handleStatefulRequest()
#26 C:\\Users\\hask777\\Desktop\\projects\\PHP\\laravel10-api-passport\\vendor\\laravel\\framework\\src\\Illuminate\\Pipeline\\Pipeline.php(183): Illuminate\\Session\\Middleware\\StartSession->handle()
#27 C:\\Users\\hask777\\Desktop\\projects\\PHP\\laravel10-api-passport\\vendor\\laravel\\framework\\src\\Illuminate\\Cookie\\Middleware\\AddQueuedCookiesToResponse.php(37): Illuminate\\Pipeline\\Pipeline->Illuminate\\Pipeline\\{closure}()
#28 C:\\Users\\hask777\\Desktop\\projects\\PHP\\laravel10-api-passport\\vendor\\laravel\\framework\\src\\Illuminate\\Pipeline\\Pipeline.php(183): Illuminate\\Cookie\\Middleware\\AddQueuedCookiesToResponse->handle()
#29 C:\\Users\\hask777\\Desktop\\projects\\PHP\\laravel10-api-passport\\vendor\\laravel\\framework\\src\\Illuminate\\Cookie\\Middleware\\EncryptCookies.php(67): Illuminate\\Pipeline\\Pipeline->Illuminate\\Pipeline\\{closure}()
#30 C:\\Users\\hask777\\Desktop\\projects\\PHP\\laravel10-api-passport\\vendor\\laravel\\framework\\src\\Illuminate\\Pipeline\\Pipeline.php(183): Illuminate\\Cookie\\Middleware\\EncryptCookies->handle()
#31 C:\\Users\\hask777\\Desktop\\projects\\PHP\\laravel10-api-passport\\vendor\\laravel\\framework\\src\\Illuminate\\Pipeline\\Pipeline.php(119): Illuminate\\Pipeline\\Pipeline->Illuminate\\Pipeline\\{closure}()
#32 C:\\Users\\hask777\\Desktop\\projects\\PHP\\laravel10-api-passport\\vendor\\laravel\\framework\\src\\Illuminate\\Routing\\Router.php(805): Illuminate\\Pipeline\\Pipeline->then()
#33 C:\\Users\\hask777\\Desktop\\projects\\PHP\\laravel10-api-passport\\vendor\\laravel\\framework\\src\\Illuminate\\Routing\\Router.php(784): Illuminate\\Routing\\Router->runRouteWithinStack()
#34 C:\\Users\\hask777\\Desktop\\projects\\PHP\\laravel10-api-passport\\vendor\\laravel\\framework\\src\\Illuminate\\Routing\\Router.php(748): Illuminate\\Routing\\Router->runRoute()
#35 C:\\Users\\hask777\\Desktop\\projects\\PHP\\laravel10-api-passport\\vendor\\laravel\\framework\\src\\Illuminate\\Routing\\Router.php(737): Illuminate\\Routing\\Router->dispatchToRoute()
#36 C:\\Users\\hask777\\Desktop\\projects\\PHP\\laravel10-api-passport\\vendor\\laravel\\framework\\src\\Illuminate\\Foundation\\Http\\Kernel.php(200): Illuminate\\Routing\\Router->dispatch()
#37 C:\\Users\\hask777\\Desktop\\projects\\PHP\\laravel10-api-passport\\vendor\\laravel\\framework\\src\\Illuminate\\Pipeline\\Pipeline.php(144): Illuminate\\Foundation\\Http\\Kernel->Illuminate\\Foundation\\Http\\{closure}()
#38 C:\\Users\\hask777\\Desktop\\projects\\PHP\\laravel10-api-passport\\vendor\\laravel\\framework\\src\\Illuminate\\Foundation\\Http\\Middleware\\TransformsRequest.php(21): Illuminate\\Pipeline\\Pipeline->Illuminate\\Pipeline\\{closure}()
#39 C:\\Users\\hask777\\Desktop\\projects\\PHP\\laravel10-api-passport\\vendor\\laravel\\framework\\src\\Illuminate\\Foundation\\Http\\Middleware\\ConvertEmptyStringsToNull.php(31): Illuminate\\Foundation\\Http\\Middleware\\TransformsRequest->handle()
#40 C:\\Users\\hask777\\Desktop\\projects\\PHP\\laravel10-api-passport\\vendor\\laravel\\framework\\src\\Illuminate\\Pipeline\\Pipeline.php(183): Illuminate\\Foundation\\Http\\Middleware\\ConvertEmptyStringsToNull->handle()
#41 C:\\Users\\hask777\\Desktop\\projects\\PHP\\laravel10-api-passport\\vendor\\laravel\\framework\\src\\Illuminate\\Foundation\\Http\\Middleware\\TransformsRequest.php(21): Illuminate\\Pipeline\\Pipeline->Illuminate\\Pipeline\\{closure}()
#42 C:\\Users\\hask777\\Desktop\\projects\\PHP\\laravel10-api-passport\\vendor\\laravel\\framework\\src\\Illuminate\\Foundation\\Http\\Middleware\\TrimStrings.php(40): Illuminate\\Foundation\\Http\\Middleware\\TransformsRequest->handle()
#43 C:\\Users\\hask777\\Desktop\\projects\\PHP\\laravel10-api-passport\\vendor\\laravel\\framework\\src\\Illuminate\\Pipeline\\Pipeline.php(183): Illuminate\\Foundation\\Http\\Middleware\\TrimStrings->handle()
#44 C:\\Users\\hask777\\Desktop\\projects\\PHP\\laravel10-api-passport\\vendor\\laravel\\framework\\src\\Illuminate\\Foundation\\Http\\Middleware\\ValidatePostSize.php(27): Illuminate\\Pipeline\\Pipeline->Illuminate\\Pipeline\\{closure}()
#45 C:\\Users\\hask777\\Desktop\\projects\\PHP\\laravel10-api-passport\\vendor\\laravel\\framework\\src\\Illuminate\\Pipeline\\Pipeline.php(183): Illuminate\\Foundation\\Http\\Middleware\\ValidatePostSize->handle()
#46 C:\\Users\\hask777\\Desktop\\projects\\PHP\\laravel10-api-passport\\vendor\\laravel\\framework\\src\\Illuminate\\Foundation\\Http\\Middleware\\PreventRequestsDuringMaintenance.php(99): Illuminate\\Pipeline\\Pipeline->Illuminate\\Pipeline\\{closure}()
#47 C:\\Users\\hask777\\Desktop\\projects\\PHP\\laravel10-api-passport\\vendor\\laravel\\framework\\src\\Illuminate\\Pipeline\\Pipeline.php(183): Illuminate\\Foundation\\Http\\Middleware\\PreventRequestsDuringMaintenance->handle()
#48 C:\\Users\\hask777\\Desktop\\projects\\PHP\\laravel10-api-passport\\vendor\\laravel\\framework\\src\\Illuminate\\Http\\Middleware\\HandleCors.php(49): Illuminate\\Pipeline\\Pipeline->Illuminate\\Pipeline\\{closure}()
#49 C:\\Users\\hask777\\Desktop\\projects\\PHP\\laravel10-api-passport\\vendor\\laravel\\framework\\src\\Illuminate\\Pipeline\\Pipeline.php(183): Illuminate\\Http\\Middleware\\HandleCors->handle()
#50 C:\\Users\\hask777\\Desktop\\projects\\PHP\\laravel10-api-passport\\vendor\\laravel\\framework\\src\\Illuminate\\Http\\Middleware\\TrustProxies.php(39): Illuminate\\Pipeline\\Pipeline->Illuminate\\Pipeline\\{closure}()
#51 C:\\Users\\hask777\\Desktop\\projects\\PHP\\laravel10-api-passport\\vendor\\laravel\\framework\\src\\Illuminate\\Pipeline\\Pipeline.php(183): Illuminate\\Http\\Middleware\\TrustProxies->handle()
#52 C:\\Users\\hask777\\Desktop\\projects\\PHP\\laravel10-api-passport\\vendor\\laravel\\framework\\src\\Illuminate\\Pipeline\\Pipeline.php(119): Illuminate\\Pipeline\\Pipeline->Illuminate\\Pipeline\\{closure}()
#53 C:\\Users\\hask777\\Desktop\\projects\\PHP\\laravel10-api-passport\\vendor\\laravel\\framework\\src\\Illuminate\\Foundation\\Http\\Kernel.php(175): Illuminate\\Pipeline\\Pipeline->then()
#54 C:\\Users\\hask777\\Desktop\\projects\\PHP\\laravel10-api-passport\\vendor\\laravel\\framework\\src\\Illuminate\\Foundation\\Http\\Kernel.php(144): Illuminate\\Foundation\\Http\\Kernel->sendRequestThroughRouter()
#55 C:\\Users\\hask777\\Desktop\\projects\\PHP\\laravel10-api-passport\\public\\index.php(51): Illuminate\\Foundation\\Http\\Kernel->handle()
#56 C:\\Users\\hask777\\Desktop\\projects\\PHP\\laravel10-api-passport\\vendor\\laravel\\framework\\src\\Illuminate\\Foundation\\resources\\server.php(16): require_once('...')
#57 {main}
"} 
[2025-03-16 17:51:16] local.ERROR: foreach() argument must be of type array|object, null given {"userId":1,"exception":"[object] (ErrorException(code: 0): foreach() argument must be of type array|object, null given at C:\\Users\\hask777\\Desktop\\projects\\PHP\\laravel10-api-passport\\app\\Modules\\Admin\\Role\\Models\\Traits\\UserRoles.php:31)
[stacktrace]
#0 C:\\Users\\hask777\\Desktop\\projects\\PHP\\laravel10-api-passport\\vendor\\laravel\\framework\\src\\Illuminate\\Foundation\\Bootstrap\\HandleExceptions.php(255): Illuminate\\Foundation\\Bootstrap\\HandleExceptions->handleError()
#1 C:\\Users\\hask777\\Desktop\\projects\\PHP\\laravel10-api-passport\\app\\Modules\\Admin\\Role\\Models\\Traits\\UserRoles.php(31): Illuminate\\Foundation\\Bootstrap\\HandleExceptions->Illuminate\\Foundation\\Bootstrap\\{closure}()
#2 C:\\Users\\hask777\\Desktop\\projects\\PHP\\laravel10-api-passport\\app\\Modules\\Admin\\Role\\Models\\Traits\\UserRoles.php(20): App\\Modules\\Admin\\User\\Models\\User->canDo()
#3 C:\\Users\\hask777\\Desktop\\projects\\PHP\\laravel10-api-passport\\app\\Modules\\Admin\\Role\\Policies\\RolePolicy.php(26): App\\Modules\\Admin\\User\\Models\\User->canDo()
#4 C:\\Users\\hask777\\Desktop\\projects\\PHP\\laravel10-api-passport\\vendor\\laravel\\framework\\src\\Illuminate\\Auth\\Access\\Gate.php(811): App\\Modules\\Admin\\Role\\Policies\\RolePolicy->view()
#5 C:\\Users\\hask777\\Desktop\\projects\\PHP\\laravel10-api-passport\\vendor\\laravel\\framework\\src\\Illuminate\\Auth\\Access\\Gate.php(764): Illuminate\\Auth\\Access\\Gate->callPolicyMethod()
#6 C:\\Users\\hask777\\Desktop\\projects\\PHP\\laravel10-api-passport\\vendor\\laravel\\framework\\src\\Illuminate\\Auth\\Access\\Gate.php(548): Illuminate\\Auth\\Access\\Gate->Illuminate\\Auth\\Access\\{closure}()
#7 C:\\Users\\hask777\\Desktop\\projects\\PHP\\laravel10-api-passport\\vendor\\laravel\\framework\\src\\Illuminate\\Auth\\Access\\Gate.php(443): Illuminate\\Auth\\Access\\Gate->callAuthCallback()
#8 C:\\Users\\hask777\\Desktop\\projects\\PHP\\laravel10-api-passport\\vendor\\laravel\\framework\\src\\Illuminate\\Auth\\Access\\Gate.php(406): Illuminate\\Auth\\Access\\Gate->raw()
#9 C:\\Users\\hask777\\Desktop\\projects\\PHP\\laravel10-api-passport\\vendor\\laravel\\framework\\src\\Illuminate\\Auth\\Access\\Gate.php(393): Illuminate\\Auth\\Access\\Gate->inspect()
#10 C:\\Users\\hask777\\Desktop\\projects\\PHP\\laravel10-api-passport\\vendor\\laravel\\framework\\src\\Illuminate\\Foundation\\Auth\\Access\\AuthorizesRequests.php(23): Illuminate\\Auth\\Access\\Gate->authorize()
#11 C:\\Users\\hask777\\Desktop\\projects\\PHP\\laravel10-api-passport\\app\\Modules\\Admin\\Role\\Controllers\\RoleController.php(28): App\\Http\\Controllers\\Controller->authorize()
#12 C:\\Users\\hask777\\Desktop\\projects\\PHP\\laravel10-api-passport\\vendor\\laravel\\framework\\src\\Illuminate\\Routing\\Controller.php(54): App\\Modules\\Admin\\Role\\Controllers\\RoleController->index()
#13 C:\\Users\\hask777\\Desktop\\projects\\PHP\\laravel10-api-passport\\vendor\\laravel\\framework\\src\\Illuminate\\Routing\\ControllerDispatcher.php(43): Illuminate\\Routing\\Controller->callAction()
#14 C:\\Users\\hask777\\Desktop\\projects\\PHP\\laravel10-api-passport\\vendor\\laravel\\framework\\src\\Illuminate\\Routing\\Route.php(259): Illuminate\\Routing\\ControllerDispatcher->dispatch()
#15 C:\\Users\\hask777\\Desktop\\projects\\PHP\\laravel10-api-passport\\vendor\\laravel\\framework\\src\\Illuminate\\Routing\\Route.php(205): Illuminate\\Routing\\Route->runController()
#16 C:\\Users\\hask777\\Desktop\\projects\\PHP\\laravel10-api-passport\\vendor\\laravel\\framework\\src\\Illuminate\\Routing\\Router.php(806): Illuminate\\Routing\\Route->run()
#17 C:\\Users\\hask777\\Desktop\\projects\\PHP\\laravel10-api-passport\\vendor\\laravel\\framework\\src\\Illuminate\\Pipeline\\Pipeline.php(144): Illuminate\\Routing\\Router->Illuminate\\Routing\\{closure}()
#18 C:\\Users\\hask777\\Desktop\\projects\\PHP\\laravel10-api-passport\\app\\Modules\\Admin\\Dashboard\\Classes\\Base.php(32): Illuminate\\Pipeline\\Pipeline->Illuminate\\Pipeline\\{closure}()
#19 C:\\Users\\hask777\\Desktop\\projects\\PHP\\laravel10-api-passport\\vendor\\laravel\\framework\\src\\Illuminate\\Pipeline\\Pipeline.php(165): App\\Modules\\Admin\\Dashboard\\Classes\\Base->App\\Modules\\Admin\\Dashboard\\Classes\\{closure}()
#20 C:\\Users\\hask777\\Desktop\\projects\\PHP\\laravel10-api-passport\\vendor\\laravel\\framework\\src\\Illuminate\\Routing\\Middleware\\SubstituteBindings.php(50): Illuminate\\Pipeline\\Pipeline->Illuminate\\Pipeline\\{closure}()
#21 C:\\Users\\hask777\\Desktop\\projects\\PHP\\laravel10-api-passport\\vendor\\laravel\\framework\\src\\Illuminate\\Pipeline\\Pipeline.php(183): Illuminate\\Routing\\Middleware\\SubstituteBindings->handle()
#22 C:\\Users\\hask777\\Desktop\\projects\\PHP\\laravel10-api-passport\\vendor\\laravel\\framework\\src\\Illuminate\\Auth\\Middleware\\Authenticate.php(57): Illuminate\\Pipeline\\Pipeline->Illuminate\\Pipeline\\{closure}()
#23 C:\\Users\\hask777\\Desktop\\projects\\PHP\\laravel10-api-passport\\vendor\\laravel\\framework\\src\\Illuminate\\Pipeline\\Pipeline.php(183): Illuminate\\Auth\\Middleware\\Authenticate->handle()
#24 C:\\Users\\hask777\\Desktop\\projects\\PHP\\laravel10-api-passport\\vendor\\laravel\\framework\\src\\Illuminate\\Foundation\\Http\\Middleware\\VerifyCsrfToken.php(78): Illuminate\\Pipeline\\Pipeline->Illuminate\\Pipeline\\{closure}()
#25 C:\\Users\\hask777\\Desktop\\projects\\PHP\\laravel10-api-passport\\vendor\\laravel\\framework\\src\\Illuminate\\Pipeline\\Pipeline.php(183): Illuminate\\Foundation\\Http\\Middleware\\VerifyCsrfToken->handle()
#26 C:\\Users\\hask777\\Desktop\\projects\\PHP\\laravel10-api-passport\\vendor\\laravel\\framework\\src\\Illuminate\\View\\Middleware\\ShareErrorsFromSession.php(49): Illuminate\\Pipeline\\Pipeline->Illuminate\\Pipeline\\{closure}()
#27 C:\\Users\\hask777\\Desktop\\projects\\PHP\\laravel10-api-passport\\vendor\\laravel\\framework\\src\\Illuminate\\Pipeline\\Pipeline.php(183): Illuminate\\View\\Middleware\\ShareErrorsFromSession->handle()
#28 C:\\Users\\hask777\\Desktop\\projects\\PHP\\laravel10-api-passport\\vendor\\laravel\\framework\\src\\Illuminate\\Session\\Middleware\\StartSession.php(121): Illuminate\\Pipeline\\Pipeline->Illuminate\\Pipeline\\{closure}()
#29 C:\\Users\\hask777\\Desktop\\projects\\PHP\\laravel10-api-passport\\vendor\\laravel\\framework\\src\\Illuminate\\Session\\Middleware\\StartSession.php(64): Illuminate\\Session\\Middleware\\StartSession->handleStatefulRequest()
#30 C:\\Users\\hask777\\Desktop\\projects\\PHP\\laravel10-api-passport\\vendor\\laravel\\framework\\src\\Illuminate\\Pipeline\\Pipeline.php(183): Illuminate\\Session\\Middleware\\StartSession->handle()
#31 C:\\Users\\hask777\\Desktop\\projects\\PHP\\laravel10-api-passport\\vendor\\laravel\\framework\\src\\Illuminate\\Cookie\\Middleware\\AddQueuedCookiesToResponse.php(37): Illuminate\\Pipeline\\Pipeline->Illuminate\\Pipeline\\{closure}()
#32 C:\\Users\\hask777\\Desktop\\projects\\PHP\\laravel10-api-passport\\vendor\\laravel\\framework\\src\\Illuminate\\Pipeline\\Pipeline.php(183): Illuminate\\Cookie\\Middleware\\AddQueuedCookiesToResponse->handle()
#33 C:\\Users\\hask777\\Desktop\\projects\\PHP\\laravel10-api-passport\\vendor\\laravel\\framework\\src\\Illuminate\\Cookie\\Middleware\\EncryptCookies.php(67): Illuminate\\Pipeline\\Pipeline->Illuminate\\Pipeline\\{closure}()
#34 C:\\Users\\hask777\\Desktop\\projects\\PHP\\laravel10-api-passport\\vendor\\laravel\\framework\\src\\Illuminate\\Pipeline\\Pipeline.php(183): Illuminate\\Cookie\\Middleware\\EncryptCookies->handle()
#35 C:\\Users\\hask777\\Desktop\\projects\\PHP\\laravel10-api-passport\\vendor\\laravel\\framework\\src\\Illuminate\\Pipeline\\Pipeline.php(119): Illuminate\\Pipeline\\Pipeline->Illuminate\\Pipeline\\{closure}()
#36 C:\\Users\\hask777\\Desktop\\projects\\PHP\\laravel10-api-passport\\vendor\\laravel\\framework\\src\\Illuminate\\Routing\\Router.php(805): Illuminate\\Pipeline\\Pipeline->then()
#37 C:\\Users\\hask777\\Desktop\\projects\\PHP\\laravel10-api-passport\\vendor\\laravel\\framework\\src\\Illuminate\\Routing\\Router.php(784): Illuminate\\Routing\\Router->runRouteWithinStack()
#38 C:\\Users\\hask777\\Desktop\\projects\\PHP\\laravel10-api-passport\\vendor\\laravel\\framework\\src\\Illuminate\\Routing\\Router.php(748): Illuminate\\Routing\\Router->runRoute()
#39 C:\\Users\\hask777\\Desktop\\projects\\PHP\\laravel10-api-passport\\vendor\\laravel\\framework\\src\\Illuminate\\Routing\\Router.php(737): Illuminate\\Routing\\Router->dispatchToRoute()
#40 C:\\Users\\hask777\\Desktop\\projects\\PHP\\laravel10-api-passport\\vendor\\laravel\\framework\\src\\Illuminate\\Foundation\\Http\\Kernel.php(200): Illuminate\\Routing\\Router->dispatch()
#41 C:\\Users\\hask777\\Desktop\\projects\\PHP\\laravel10-api-passport\\vendor\\laravel\\framework\\src\\Illuminate\\Pipeline\\Pipeline.php(144): Illuminate\\Foundation\\Http\\Kernel->Illuminate\\Foundation\\Http\\{closure}()
#42 C:\\Users\\hask777\\Desktop\\projects\\PHP\\laravel10-api-passport\\vendor\\laravel\\framework\\src\\Illuminate\\Foundation\\Http\\Middleware\\TransformsRequest.php(21): Illuminate\\Pipeline\\Pipeline->Illuminate\\Pipeline\\{closure}()
#43 C:\\Users\\hask777\\Desktop\\projects\\PHP\\laravel10-api-passport\\vendor\\laravel\\framework\\src\\Illuminate\\Foundation\\Http\\Middleware\\ConvertEmptyStringsToNull.php(31): Illuminate\\Foundation\\Http\\Middleware\\TransformsRequest->handle()
#44 C:\\Users\\hask777\\Desktop\\projects\\PHP\\laravel10-api-passport\\vendor\\laravel\\framework\\src\\Illuminate\\Pipeline\\Pipeline.php(183): Illuminate\\Foundation\\Http\\Middleware\\ConvertEmptyStringsToNull->handle()
#45 C:\\Users\\hask777\\Desktop\\projects\\PHP\\laravel10-api-passport\\vendor\\laravel\\framework\\src\\Illuminate\\Foundation\\Http\\Middleware\\TransformsRequest.php(21): Illuminate\\Pipeline\\Pipeline->Illuminate\\Pipeline\\{closure}()
#46 C:\\Users\\hask777\\Desktop\\projects\\PHP\\laravel10-api-passport\\vendor\\laravel\\framework\\src\\Illuminate\\Foundation\\Http\\Middleware\\TrimStrings.php(40): Illuminate\\Foundation\\Http\\Middleware\\TransformsRequest->handle()
#47 C:\\Users\\hask777\\Desktop\\projects\\PHP\\laravel10-api-passport\\vendor\\laravel\\framework\\src\\Illuminate\\Pipeline\\Pipeline.php(183): Illuminate\\Foundation\\Http\\Middleware\\TrimStrings->handle()
#48 C:\\Users\\hask777\\Desktop\\projects\\PHP\\laravel10-api-passport\\vendor\\laravel\\framework\\src\\Illuminate\\Foundation\\Http\\Middleware\\ValidatePostSize.php(27): Illuminate\\Pipeline\\Pipeline->Illuminate\\Pipeline\\{closure}()
#49 C:\\Users\\hask777\\Desktop\\projects\\PHP\\laravel10-api-passport\\vendor\\laravel\\framework\\src\\Illuminate\\Pipeline\\Pipeline.php(183): Illuminate\\Foundation\\Http\\Middleware\\ValidatePostSize->handle()
#50 C:\\Users\\hask777\\Desktop\\projects\\PHP\\laravel10-api-passport\\vendor\\laravel\\framework\\src\\Illuminate\\Foundation\\Http\\Middleware\\PreventRequestsDuringMaintenance.php(99): Illuminate\\Pipeline\\Pipeline->Illuminate\\Pipeline\\{closure}()
#51 C:\\Users\\hask777\\Desktop\\projects\\PHP\\laravel10-api-passport\\vendor\\laravel\\framework\\src\\Illuminate\\Pipeline\\Pipeline.php(183): Illuminate\\Foundation\\Http\\Middleware\\PreventRequestsDuringMaintenance->handle()
#52 C:\\Users\\hask777\\Desktop\\projects\\PHP\\laravel10-api-passport\\vendor\\laravel\\framework\\src\\Illuminate\\Http\\Middleware\\HandleCors.php(49): Illuminate\\Pipeline\\Pipeline->Illuminate\\Pipeline\\{closure}()
#53 C:\\Users\\hask777\\Desktop\\projects\\PHP\\laravel10-api-passport\\vendor\\laravel\\framework\\src\\Illuminate\\Pipeline\\Pipeline.php(183): Illuminate\\Http\\Middleware\\HandleCors->handle()
#54 C:\\Users\\hask777\\Desktop\\projects\\PHP\\laravel10-api-passport\\vendor\\laravel\\framework\\src\\Illuminate\\Http\\Middleware\\TrustProxies.php(39): Illuminate\\Pipeline\\Pipeline->Illuminate\\Pipeline\\{closure}()
#55 C:\\Users\\hask777\\Desktop\\projects\\PHP\\laravel10-api-passport\\vendor\\laravel\\framework\\src\\Illuminate\\Pipeline\\Pipeline.php(183): Illuminate\\Http\\Middleware\\TrustProxies->handle()
#56 C:\\Users\\hask777\\Desktop\\projects\\PHP\\laravel10-api-passport\\vendor\\laravel\\framework\\src\\Illuminate\\Pipeline\\Pipeline.php(119): Illuminate\\Pipeline\\Pipeline->Illuminate\\Pipeline\\{closure}()
#57 C:\\Users\\hask777\\Desktop\\projects\\PHP\\laravel10-api-passport\\vendor\\laravel\\framework\\src\\Illuminate\\Foundation\\Http\\Kernel.php(175): Illuminate\\Pipeline\\Pipeline->then()
#58 C:\\Users\\hask777\\Desktop\\projects\\PHP\\laravel10-api-passport\\vendor\\laravel\\framework\\src\\Illuminate\\Foundation\\Http\\Kernel.php(144): Illuminate\\Foundation\\Http\\Kernel->sendRequestThroughRouter()
#59 C:\\Users\\hask777\\Desktop\\projects\\PHP\\laravel10-api-passport\\public\\index.php(51): Illuminate\\Foundation\\Http\\Kernel->handle()
#60 C:\\Users\\hask777\\Desktop\\projects\\PHP\\laravel10-api-passport\\vendor\\laravel\\framework\\src\\Illuminate\\Foundation\\resources\\server.php(16): require_once('...')
#61 {main}
"} 
[2025-03-16 18:12:14] local.ERROR: syntax error, unexpected variable "$item", expecting ":" {"exception":"[object] (ParseError(code: 0): syntax error, unexpected variable \"$item\", expecting \":\" at C:\\Users\\hask777\\Desktop\\projects\\PHP\\laravel10-api-passport\\app\\Modules\\Admin\\Dashboard\\Classes\\Base.php:111)
[stacktrace]
#0 C:\\Users\\hask777\\Desktop\\projects\\PHP\\laravel10-api-passport\\vendor\\composer\\ClassLoader.php(427): Composer\\Autoload\\{closure}()
#1 C:\\Users\\hask777\\Desktop\\projects\\PHP\\laravel10-api-passport\\app\\Modules\\Admin\\Role\\Controllers\\RoleController.php(12): Composer\\Autoload\\ClassLoader->loadClass()
#2 C:\\Users\\hask777\\Desktop\\projects\\PHP\\laravel10-api-passport\\vendor\\composer\\ClassLoader.php(576): include('...')
#3 C:\\Users\\hask777\\Desktop\\projects\\PHP\\laravel10-api-passport\\vendor\\composer\\ClassLoader.php(427): Composer\\Autoload\\{closure}()
#4 [internal function]: Composer\\Autoload\\ClassLoader->loadClass()
#5 C:\\Users\\hask777\\Desktop\\projects\\PHP\\laravel10-api-passport\\vendor\\laravel\\framework\\src\\Illuminate\\Routing\\Route.php(1096): is_a()
#6 C:\\Users\\hask777\\Desktop\\projects\\PHP\\laravel10-api-passport\\vendor\\laravel\\framework\\src\\Illuminate\\Routing\\Route.php(1035): Illuminate\\Routing\\Route->controllerMiddleware()
#7 C:\\Users\\hask777\\Desktop\\projects\\PHP\\laravel10-api-passport\\vendor\\laravel\\framework\\src\\Illuminate\\Routing\\Router.php(818): Illuminate\\Routing\\Route->gatherMiddleware()
#8 C:\\Users\\hask777\\Desktop\\projects\\PHP\\laravel10-api-passport\\vendor\\laravel\\framework\\src\\Illuminate\\Routing\\Router.php(800): Illuminate\\Routing\\Router->gatherRouteMiddleware()
#9 C:\\Users\\hask777\\Desktop\\projects\\PHP\\laravel10-api-passport\\vendor\\laravel\\framework\\src\\Illuminate\\Routing\\Router.php(784): Illuminate\\Routing\\Router->runRouteWithinStack()
#10 C:\\Users\\hask777\\Desktop\\projects\\PHP\\laravel10-api-passport\\vendor\\laravel\\framework\\src\\Illuminate\\Routing\\Router.php(748): Illuminate\\Routing\\Router->runRoute()
#11 C:\\Users\\hask777\\Desktop\\projects\\PHP\\laravel10-api-passport\\vendor\\laravel\\framework\\src\\Illuminate\\Routing\\Router.php(737): Illuminate\\Routing\\Router->dispatchToRoute()
#12 C:\\Users\\hask777\\Desktop\\projects\\PHP\\laravel10-api-passport\\vendor\\laravel\\framework\\src\\Illuminate\\Foundation\\Http\\Kernel.php(200): Illuminate\\Routing\\Router->dispatch()
#13 C:\\Users\\hask777\\Desktop\\projects\\PHP\\laravel10-api-passport\\vendor\\laravel\\framework\\src\\Illuminate\\Pipeline\\Pipeline.php(144): Illuminate\\Foundation\\Http\\Kernel->Illuminate\\Foundation\\Http\\{closure}()
#14 C:\\Users\\hask777\\Desktop\\projects\\PHP\\laravel10-api-passport\\vendor\\laravel\\framework\\src\\Illuminate\\Foundation\\Http\\Middleware\\TransformsRequest.php(21): Illuminate\\Pipeline\\Pipeline->Illuminate\\Pipeline\\{closure}()
#15 C:\\Users\\hask777\\Desktop\\projects\\PHP\\laravel10-api-passport\\vendor\\laravel\\framework\\src\\Illuminate\\Foundation\\Http\\Middleware\\ConvertEmptyStringsToNull.php(31): Illuminate\\Foundation\\Http\\Middleware\\TransformsRequest->handle()
#16 C:\\Users\\hask777\\Desktop\\projects\\PHP\\laravel10-api-passport\\vendor\\laravel\\framework\\src\\Illuminate\\Pipeline\\Pipeline.php(183): Illuminate\\Foundation\\Http\\Middleware\\ConvertEmptyStringsToNull->handle()
#17 C:\\Users\\hask777\\Desktop\\projects\\PHP\\laravel10-api-passport\\vendor\\laravel\\framework\\src\\Illuminate\\Foundation\\Http\\Middleware\\TransformsRequest.php(21): Illuminate\\Pipeline\\Pipeline->Illuminate\\Pipeline\\{closure}()
#18 C:\\Users\\hask777\\Desktop\\projects\\PHP\\laravel10-api-passport\\vendor\\laravel\\framework\\src\\Illuminate\\Foundation\\Http\\Middleware\\TrimStrings.php(40): Illuminate\\Foundation\\Http\\Middleware\\TransformsRequest->handle()
#19 C:\\Users\\hask777\\Desktop\\projects\\PHP\\laravel10-api-passport\\vendor\\laravel\\framework\\src\\Illuminate\\Pipeline\\Pipeline.php(183): Illuminate\\Foundation\\Http\\Middleware\\TrimStrings->handle()
#20 C:\\Users\\hask777\\Desktop\\projects\\PHP\\laravel10-api-passport\\vendor\\laravel\\framework\\src\\Illuminate\\Foundation\\Http\\Middleware\\ValidatePostSize.php(27): Illuminate\\Pipeline\\Pipeline->Illuminate\\Pipeline\\{closure}()
#21 C:\\Users\\hask777\\Desktop\\projects\\PHP\\laravel10-api-passport\\vendor\\laravel\\framework\\src\\Illuminate\\Pipeline\\Pipeline.php(183): Illuminate\\Foundation\\Http\\Middleware\\ValidatePostSize->handle()
#22 C:\\Users\\hask777\\Desktop\\projects\\PHP\\laravel10-api-passport\\vendor\\laravel\\framework\\src\\Illuminate\\Foundation\\Http\\Middleware\\PreventRequestsDuringMaintenance.php(99): Illuminate\\Pipeline\\Pipeline->Illuminate\\Pipeline\\{closure}()
#23 C:\\Users\\hask777\\Desktop\\projects\\PHP\\laravel10-api-passport\\vendor\\laravel\\framework\\src\\Illuminate\\Pipeline\\Pipeline.php(183): Illuminate\\Foundation\\Http\\Middleware\\PreventRequestsDuringMaintenance->handle()
#24 C:\\Users\\hask777\\Desktop\\projects\\PHP\\laravel10-api-passport\\vendor\\laravel\\framework\\src\\Illuminate\\Http\\Middleware\\HandleCors.php(49): Illuminate\\Pipeline\\Pipeline->Illuminate\\Pipeline\\{closure}()
#25 C:\\Users\\hask777\\Desktop\\projects\\PHP\\laravel10-api-passport\\vendor\\laravel\\framework\\src\\Illuminate\\Pipeline\\Pipeline.php(183): Illuminate\\Http\\Middleware\\HandleCors->handle()
#26 C:\\Users\\hask777\\Desktop\\projects\\PHP\\laravel10-api-passport\\vendor\\laravel\\framework\\src\\Illuminate\\Http\\Middleware\\TrustProxies.php(39): Illuminate\\Pipeline\\Pipeline->Illuminate\\Pipeline\\{closure}()
#27 C:\\Users\\hask777\\Desktop\\projects\\PHP\\laravel10-api-passport\\vendor\\laravel\\framework\\src\\Illuminate\\Pipeline\\Pipeline.php(183): Illuminate\\Http\\Middleware\\TrustProxies->handle()
#28 C:\\Users\\hask777\\Desktop\\projects\\PHP\\laravel10-api-passport\\vendor\\laravel\\framework\\src\\Illuminate\\Pipeline\\Pipeline.php(119): Illuminate\\Pipeline\\Pipeline->Illuminate\\Pipeline\\{closure}()
#29 C:\\Users\\hask777\\Desktop\\projects\\PHP\\laravel10-api-passport\\vendor\\laravel\\framework\\src\\Illuminate\\Foundation\\Http\\Kernel.php(175): Illuminate\\Pipeline\\Pipeline->then()
#30 C:\\Users\\hask777\\Desktop\\projects\\PHP\\laravel10-api-passport\\vendor\\laravel\\framework\\src\\Illuminate\\Foundation\\Http\\Kernel.php(144): Illuminate\\Foundation\\Http\\Kernel->sendRequestThroughRouter()
#31 C:\\Users\\hask777\\Desktop\\projects\\PHP\\laravel10-api-passport\\public\\index.php(51): Illuminate\\Foundation\\Http\\Kernel->handle()
#32 C:\\Users\\hask777\\Desktop\\projects\\PHP\\laravel10-api-passport\\vendor\\laravel\\framework\\src\\Illuminate\\Foundation\\resources\\server.php(16): require_once('...')
#33 {main}
"} 
[2025-03-16 18:13:07] local.ERROR: syntax error, unexpected variable "$item", expecting ":" {"exception":"[object] (ParseError(code: 0): syntax error, unexpected variable \"$item\", expecting \":\" at C:\\Users\\hask777\\Desktop\\projects\\PHP\\laravel10-api-passport\\app\\Modules\\Admin\\Dashboard\\Classes\\Base.php:111)
[stacktrace]
#0 C:\\Users\\hask777\\Desktop\\projects\\PHP\\laravel10-api-passport\\vendor\\composer\\ClassLoader.php(427): Composer\\Autoload\\{closure}()
#1 C:\\Users\\hask777\\Desktop\\projects\\PHP\\laravel10-api-passport\\app\\Modules\\Admin\\Role\\Controllers\\RoleController.php(12): Composer\\Autoload\\ClassLoader->loadClass()
#2 C:\\Users\\hask777\\Desktop\\projects\\PHP\\laravel10-api-passport\\vendor\\composer\\ClassLoader.php(576): include('...')
#3 C:\\Users\\hask777\\Desktop\\projects\\PHP\\laravel10-api-passport\\vendor\\composer\\ClassLoader.php(427): Composer\\Autoload\\{closure}()
#4 [internal function]: Composer\\Autoload\\ClassLoader->loadClass()
#5 C:\\Users\\hask777\\Desktop\\projects\\PHP\\laravel10-api-passport\\vendor\\laravel\\framework\\src\\Illuminate\\Routing\\Route.php(1096): is_a()
#6 C:\\Users\\hask777\\Desktop\\projects\\PHP\\laravel10-api-passport\\vendor\\laravel\\framework\\src\\Illuminate\\Routing\\Route.php(1035): Illuminate\\Routing\\Route->controllerMiddleware()
#7 C:\\Users\\hask777\\Desktop\\projects\\PHP\\laravel10-api-passport\\vendor\\laravel\\framework\\src\\Illuminate\\Routing\\Router.php(818): Illuminate\\Routing\\Route->gatherMiddleware()
#8 C:\\Users\\hask777\\Desktop\\projects\\PHP\\laravel10-api-passport\\vendor\\laravel\\framework\\src\\Illuminate\\Routing\\Router.php(800): Illuminate\\Routing\\Router->gatherRouteMiddleware()
#9 C:\\Users\\hask777\\Desktop\\projects\\PHP\\laravel10-api-passport\\vendor\\laravel\\framework\\src\\Illuminate\\Routing\\Router.php(784): Illuminate\\Routing\\Router->runRouteWithinStack()
#10 C:\\Users\\hask777\\Desktop\\projects\\PHP\\laravel10-api-passport\\vendor\\laravel\\framework\\src\\Illuminate\\Routing\\Router.php(748): Illuminate\\Routing\\Router->runRoute()
#11 C:\\Users\\hask777\\Desktop\\projects\\PHP\\laravel10-api-passport\\vendor\\laravel\\framework\\src\\Illuminate\\Routing\\Router.php(737): Illuminate\\Routing\\Router->dispatchToRoute()
#12 C:\\Users\\hask777\\Desktop\\projects\\PHP\\laravel10-api-passport\\vendor\\laravel\\framework\\src\\Illuminate\\Foundation\\Http\\Kernel.php(200): Illuminate\\Routing\\Router->dispatch()
#13 C:\\Users\\hask777\\Desktop\\projects\\PHP\\laravel10-api-passport\\vendor\\laravel\\framework\\src\\Illuminate\\Pipeline\\Pipeline.php(144): Illuminate\\Foundation\\Http\\Kernel->Illuminate\\Foundation\\Http\\{closure}()
#14 C:\\Users\\hask777\\Desktop\\projects\\PHP\\laravel10-api-passport\\vendor\\laravel\\framework\\src\\Illuminate\\Foundation\\Http\\Middleware\\TransformsRequest.php(21): Illuminate\\Pipeline\\Pipeline->Illuminate\\Pipeline\\{closure}()
#15 C:\\Users\\hask777\\Desktop\\projects\\PHP\\laravel10-api-passport\\vendor\\laravel\\framework\\src\\Illuminate\\Foundation\\Http\\Middleware\\ConvertEmptyStringsToNull.php(31): Illuminate\\Foundation\\Http\\Middleware\\TransformsRequest->handle()
#16 C:\\Users\\hask777\\Desktop\\projects\\PHP\\laravel10-api-passport\\vendor\\laravel\\framework\\src\\Illuminate\\Pipeline\\Pipeline.php(183): Illuminate\\Foundation\\Http\\Middleware\\ConvertEmptyStringsToNull->handle()
#17 C:\\Users\\hask777\\Desktop\\projects\\PHP\\laravel10-api-passport\\vendor\\laravel\\framework\\src\\Illuminate\\Foundation\\Http\\Middleware\\TransformsRequest.php(21): Illuminate\\Pipeline\\Pipeline->Illuminate\\Pipeline\\{closure}()
#18 C:\\Users\\hask777\\Desktop\\projects\\PHP\\laravel10-api-passport\\vendor\\laravel\\framework\\src\\Illuminate\\Foundation\\Http\\Middleware\\TrimStrings.php(40): Illuminate\\Foundation\\Http\\Middleware\\TransformsRequest->handle()
#19 C:\\Users\\hask777\\Desktop\\projects\\PHP\\laravel10-api-passport\\vendor\\laravel\\framework\\src\\Illuminate\\Pipeline\\Pipeline.php(183): Illuminate\\Foundation\\Http\\Middleware\\TrimStrings->handle()
#20 C:\\Users\\hask777\\Desktop\\projects\\PHP\\laravel10-api-passport\\vendor\\laravel\\framework\\src\\Illuminate\\Foundation\\Http\\Middleware\\ValidatePostSize.php(27): Illuminate\\Pipeline\\Pipeline->Illuminate\\Pipeline\\{closure}()
#21 C:\\Users\\hask777\\Desktop\\projects\\PHP\\laravel10-api-passport\\vendor\\laravel\\framework\\src\\Illuminate\\Pipeline\\Pipeline.php(183): Illuminate\\Foundation\\Http\\Middleware\\ValidatePostSize->handle()
#22 C:\\Users\\hask777\\Desktop\\projects\\PHP\\laravel10-api-passport\\vendor\\laravel\\framework\\src\\Illuminate\\Foundation\\Http\\Middleware\\PreventRequestsDuringMaintenance.php(99): Illuminate\\Pipeline\\Pipeline->Illuminate\\Pipeline\\{closure}()
#23 C:\\Users\\hask777\\Desktop\\projects\\PHP\\laravel10-api-passport\\vendor\\laravel\\framework\\src\\Illuminate\\Pipeline\\Pipeline.php(183): Illuminate\\Foundation\\Http\\Middleware\\PreventRequestsDuringMaintenance->handle()
#24 C:\\Users\\hask777\\Desktop\\projects\\PHP\\laravel10-api-passport\\vendor\\laravel\\framework\\src\\Illuminate\\Http\\Middleware\\HandleCors.php(49): Illuminate\\Pipeline\\Pipeline->Illuminate\\Pipeline\\{closure}()
#25 C:\\Users\\hask777\\Desktop\\projects\\PHP\\laravel10-api-passport\\vendor\\laravel\\framework\\src\\Illuminate\\Pipeline\\Pipeline.php(183): Illuminate\\Http\\Middleware\\HandleCors->handle()
#26 C:\\Users\\hask777\\Desktop\\projects\\PHP\\laravel10-api-passport\\vendor\\laravel\\framework\\src\\Illuminate\\Http\\Middleware\\TrustProxies.php(39): Illuminate\\Pipeline\\Pipeline->Illuminate\\Pipeline\\{closure}()
#27 C:\\Users\\hask777\\Desktop\\projects\\PHP\\laravel10-api-passport\\vendor\\laravel\\framework\\src\\Illuminate\\Pipeline\\Pipeline.php(183): Illuminate\\Http\\Middleware\\TrustProxies->handle()
#28 C:\\Users\\hask777\\Desktop\\projects\\PHP\\laravel10-api-passport\\vendor\\laravel\\framework\\src\\Illuminate\\Pipeline\\Pipeline.php(119): Illuminate\\Pipeline\\Pipeline->Illuminate\\Pipeline\\{closure}()
#29 C:\\Users\\hask777\\Desktop\\projects\\PHP\\laravel10-api-passport\\vendor\\laravel\\framework\\src\\Illuminate\\Foundation\\Http\\Kernel.php(175): Illuminate\\Pipeline\\Pipeline->then()
#30 C:\\Users\\hask777\\Desktop\\projects\\PHP\\laravel10-api-passport\\vendor\\laravel\\framework\\src\\Illuminate\\Foundation\\Http\\Kernel.php(144): Illuminate\\Foundation\\Http\\Kernel->sendRequestThroughRouter()
#31 C:\\Users\\hask777\\Desktop\\projects\\PHP\\laravel10-api-passport\\public\\index.php(51): Illuminate\\Foundation\\Http\\Kernel->handle()
#32 C:\\Users\\hask777\\Desktop\\projects\\PHP\\laravel10-api-passport\\vendor\\laravel\\framework\\src\\Illuminate\\Foundation\\resources\\server.php(16): require_once('...')
#33 {main}
"} 
[2025-03-16 18:17:38] local.ERROR: syntax error, unexpected variable "$item", expecting ":" {"exception":"[object] (ParseError(code: 0): syntax error, unexpected variable \"$item\", expecting \":\" at C:\\Users\\hask777\\Desktop\\projects\\PHP\\laravel10-api-passport\\app\\Modules\\Admin\\Dashboard\\Classes\\Base.php:111)
[stacktrace]
#0 C:\\Users\\hask777\\Desktop\\projects\\PHP\\laravel10-api-passport\\vendor\\composer\\ClassLoader.php(427): Composer\\Autoload\\{closure}()
#1 C:\\Users\\hask777\\Desktop\\projects\\PHP\\laravel10-api-passport\\app\\Modules\\Admin\\Role\\Controllers\\RoleController.php(12): Composer\\Autoload\\ClassLoader->loadClass()
#2 C:\\Users\\hask777\\Desktop\\projects\\PHP\\laravel10-api-passport\\vendor\\composer\\ClassLoader.php(576): include('...')
#3 C:\\Users\\hask777\\Desktop\\projects\\PHP\\laravel10-api-passport\\vendor\\composer\\ClassLoader.php(427): Composer\\Autoload\\{closure}()
#4 [internal function]: Composer\\Autoload\\ClassLoader->loadClass()
#5 C:\\Users\\hask777\\Desktop\\projects\\PHP\\laravel10-api-passport\\vendor\\laravel\\framework\\src\\Illuminate\\Routing\\Route.php(1096): is_a()
#6 C:\\Users\\hask777\\Desktop\\projects\\PHP\\laravel10-api-passport\\vendor\\laravel\\framework\\src\\Illuminate\\Routing\\Route.php(1035): Illuminate\\Routing\\Route->controllerMiddleware()
#7 C:\\Users\\hask777\\Desktop\\projects\\PHP\\laravel10-api-passport\\vendor\\laravel\\framework\\src\\Illuminate\\Routing\\Router.php(818): Illuminate\\Routing\\Route->gatherMiddleware()
#8 C:\\Users\\hask777\\Desktop\\projects\\PHP\\laravel10-api-passport\\vendor\\laravel\\framework\\src\\Illuminate\\Routing\\Router.php(800): Illuminate\\Routing\\Router->gatherRouteMiddleware()
#9 C:\\Users\\hask777\\Desktop\\projects\\PHP\\laravel10-api-passport\\vendor\\laravel\\framework\\src\\Illuminate\\Routing\\Router.php(784): Illuminate\\Routing\\Router->runRouteWithinStack()
#10 C:\\Users\\hask777\\Desktop\\projects\\PHP\\laravel10-api-passport\\vendor\\laravel\\framework\\src\\Illuminate\\Routing\\Router.php(748): Illuminate\\Routing\\Router->runRoute()
#11 C:\\Users\\hask777\\Desktop\\projects\\PHP\\laravel10-api-passport\\vendor\\laravel\\framework\\src\\Illuminate\\Routing\\Router.php(737): Illuminate\\Routing\\Router->dispatchToRoute()
#12 C:\\Users\\hask777\\Desktop\\projects\\PHP\\laravel10-api-passport\\vendor\\laravel\\framework\\src\\Illuminate\\Foundation\\Http\\Kernel.php(200): Illuminate\\Routing\\Router->dispatch()
#13 C:\\Users\\hask777\\Desktop\\projects\\PHP\\laravel10-api-passport\\vendor\\laravel\\framework\\src\\Illuminate\\Pipeline\\Pipeline.php(144): Illuminate\\Foundation\\Http\\Kernel->Illuminate\\Foundation\\Http\\{closure}()
#14 C:\\Users\\hask777\\Desktop\\projects\\PHP\\laravel10-api-passport\\vendor\\laravel\\framework\\src\\Illuminate\\Foundation\\Http\\Middleware\\TransformsRequest.php(21): Illuminate\\Pipeline\\Pipeline->Illuminate\\Pipeline\\{closure}()
#15 C:\\Users\\hask777\\Desktop\\projects\\PHP\\laravel10-api-passport\\vendor\\laravel\\framework\\src\\Illuminate\\Foundation\\Http\\Middleware\\ConvertEmptyStringsToNull.php(31): Illuminate\\Foundation\\Http\\Middleware\\TransformsRequest->handle()
#16 C:\\Users\\hask777\\Desktop\\projects\\PHP\\laravel10-api-passport\\vendor\\laravel\\framework\\src\\Illuminate\\Pipeline\\Pipeline.php(183): Illuminate\\Foundation\\Http\\Middleware\\ConvertEmptyStringsToNull->handle()
#17 C:\\Users\\hask777\\Desktop\\projects\\PHP\\laravel10-api-passport\\vendor\\laravel\\framework\\src\\Illuminate\\Foundation\\Http\\Middleware\\TransformsRequest.php(21): Illuminate\\Pipeline\\Pipeline->Illuminate\\Pipeline\\{closure}()
#18 C:\\Users\\hask777\\Desktop\\projects\\PHP\\laravel10-api-passport\\vendor\\laravel\\framework\\src\\Illuminate\\Foundation\\Http\\Middleware\\TrimStrings.php(40): Illuminate\\Foundation\\Http\\Middleware\\TransformsRequest->handle()
#19 C:\\Users\\hask777\\Desktop\\projects\\PHP\\laravel10-api-passport\\vendor\\laravel\\framework\\src\\Illuminate\\Pipeline\\Pipeline.php(183): Illuminate\\Foundation\\Http\\Middleware\\TrimStrings->handle()
#20 C:\\Users\\hask777\\Desktop\\projects\\PHP\\laravel10-api-passport\\vendor\\laravel\\framework\\src\\Illuminate\\Foundation\\Http\\Middleware\\ValidatePostSize.php(27): Illuminate\\Pipeline\\Pipeline->Illuminate\\Pipeline\\{closure}()
#21 C:\\Users\\hask777\\Desktop\\projects\\PHP\\laravel10-api-passport\\vendor\\laravel\\framework\\src\\Illuminate\\Pipeline\\Pipeline.php(183): Illuminate\\Foundation\\Http\\Middleware\\ValidatePostSize->handle()
#22 C:\\Users\\hask777\\Desktop\\projects\\PHP\\laravel10-api-passport\\vendor\\laravel\\framework\\src\\Illuminate\\Foundation\\Http\\Middleware\\PreventRequestsDuringMaintenance.php(99): Illuminate\\Pipeline\\Pipeline->Illuminate\\Pipeline\\{closure}()
#23 C:\\Users\\hask777\\Desktop\\projects\\PHP\\laravel10-api-passport\\vendor\\laravel\\framework\\src\\Illuminate\\Pipeline\\Pipeline.php(183): Illuminate\\Foundation\\Http\\Middleware\\PreventRequestsDuringMaintenance->handle()
#24 C:\\Users\\hask777\\Desktop\\projects\\PHP\\laravel10-api-passport\\vendor\\laravel\\framework\\src\\Illuminate\\Http\\Middleware\\HandleCors.php(49): Illuminate\\Pipeline\\Pipeline->Illuminate\\Pipeline\\{closure}()
#25 C:\\Users\\hask777\\Desktop\\projects\\PHP\\laravel10-api-passport\\vendor\\laravel\\framework\\src\\Illuminate\\Pipeline\\Pipeline.php(183): Illuminate\\Http\\Middleware\\HandleCors->handle()
#26 C:\\Users\\hask777\\Desktop\\projects\\PHP\\laravel10-api-passport\\vendor\\laravel\\framework\\src\\Illuminate\\Http\\Middleware\\TrustProxies.php(39): Illuminate\\Pipeline\\Pipeline->Illuminate\\Pipeline\\{closure}()
#27 C:\\Users\\hask777\\Desktop\\projects\\PHP\\laravel10-api-passport\\vendor\\laravel\\framework\\src\\Illuminate\\Pipeline\\Pipeline.php(183): Illuminate\\Http\\Middleware\\TrustProxies->handle()
#28 C:\\Users\\hask777\\Desktop\\projects\\PHP\\laravel10-api-passport\\vendor\\laravel\\framework\\src\\Illuminate\\Pipeline\\Pipeline.php(119): Illuminate\\Pipeline\\Pipeline->Illuminate\\Pipeline\\{closure}()
#29 C:\\Users\\hask777\\Desktop\\projects\\PHP\\laravel10-api-passport\\vendor\\laravel\\framework\\src\\Illuminate\\Foundation\\Http\\Kernel.php(175): Illuminate\\Pipeline\\Pipeline->then()
#30 C:\\Users\\hask777\\Desktop\\projects\\PHP\\laravel10-api-passport\\vendor\\laravel\\framework\\src\\Illuminate\\Foundation\\Http\\Kernel.php(144): Illuminate\\Foundation\\Http\\Kernel->sendRequestThroughRouter()
#31 C:\\Users\\hask777\\Desktop\\projects\\PHP\\laravel10-api-passport\\public\\index.php(51): Illuminate\\Foundation\\Http\\Kernel->handle()
#32 C:\\Users\\hask777\\Desktop\\projects\\PHP\\laravel10-api-passport\\vendor\\laravel\\framework\\src\\Illuminate\\Foundation\\resources\\server.php(16): require_once('...')
#33 {main}
"} 
[2025-03-16 18:18:06] local.ERROR: Call to a member function map() on null {"userId":1,"exception":"[object] (Error(code: 0): Call to a member function map() on null at C:\\Users\\hask777\\Desktop\\projects\\PHP\\laravel10-api-passport\\app\\Modules\\Admin\\Dashboard\\Classes\\Base.php:111)
[stacktrace]
#0 C:\\Users\\hask777\\Desktop\\projects\\PHP\\laravel10-api-passport\\app\\Modules\\Admin\\Dashboard\\Classes\\Base.php(69): App\\Modules\\Admin\\Dashboard\\Classes\\Base->getPermissions()
#1 [internal function]: App\\Modules\\Admin\\Dashboard\\Classes\\Base->App\\Modules\\Admin\\Dashboard\\Classes\\{closure}()
#2 C:\\Users\\hask777\\Desktop\\projects\\PHP\\laravel10-api-passport\\vendor\\lavary\\laravel-menu\\src\\Lavary\\Menu\\Menu.php(81): call_user_func()
#3 C:\\Users\\hask777\\Desktop\\projects\\PHP\\laravel10-api-passport\\vendor\\laravel\\framework\\src\\Illuminate\\Support\\Facades\\Facade.php(355): Lavary\\Menu\\Menu->make()
#4 C:\\Users\\hask777\\Desktop\\projects\\PHP\\laravel10-api-passport\\app\\Modules\\Admin\\Dashboard\\Classes\\Base.php(57): Illuminate\\Support\\Facades\\Facade::__callStatic()
#5 C:\\Users\\hask777\\Desktop\\projects\\PHP\\laravel10-api-passport\\app\\Modules\\Admin\\Dashboard\\Classes\\Base.php(40): App\\Modules\\Admin\\Dashboard\\Classes\\Base->getMenu()
#6 C:\\Users\\hask777\\Desktop\\projects\\PHP\\laravel10-api-passport\\app\\Modules\\Admin\\Role\\Controllers\\RoleController.php(36): App\\Modules\\Admin\\Dashboard\\Classes\\Base->renderOutput()
#7 C:\\Users\\hask777\\Desktop\\projects\\PHP\\laravel10-api-passport\\vendor\\laravel\\framework\\src\\Illuminate\\Routing\\Controller.php(54): App\\Modules\\Admin\\Role\\Controllers\\RoleController->index()
#8 C:\\Users\\hask777\\Desktop\\projects\\PHP\\laravel10-api-passport\\vendor\\laravel\\framework\\src\\Illuminate\\Routing\\ControllerDispatcher.php(43): Illuminate\\Routing\\Controller->callAction()
#9 C:\\Users\\hask777\\Desktop\\projects\\PHP\\laravel10-api-passport\\vendor\\laravel\\framework\\src\\Illuminate\\Routing\\Route.php(259): Illuminate\\Routing\\ControllerDispatcher->dispatch()
#10 C:\\Users\\hask777\\Desktop\\projects\\PHP\\laravel10-api-passport\\vendor\\laravel\\framework\\src\\Illuminate\\Routing\\Route.php(205): Illuminate\\Routing\\Route->runController()
#11 C:\\Users\\hask777\\Desktop\\projects\\PHP\\laravel10-api-passport\\vendor\\laravel\\framework\\src\\Illuminate\\Routing\\Router.php(806): Illuminate\\Routing\\Route->run()
#12 C:\\Users\\hask777\\Desktop\\projects\\PHP\\laravel10-api-passport\\vendor\\laravel\\framework\\src\\Illuminate\\Pipeline\\Pipeline.php(144): Illuminate\\Routing\\Router->Illuminate\\Routing\\{closure}()
#13 C:\\Users\\hask777\\Desktop\\projects\\PHP\\laravel10-api-passport\\app\\Modules\\Admin\\Dashboard\\Classes\\Base.php(32): Illuminate\\Pipeline\\Pipeline->Illuminate\\Pipeline\\{closure}()
#14 C:\\Users\\hask777\\Desktop\\projects\\PHP\\laravel10-api-passport\\vendor\\laravel\\framework\\src\\Illuminate\\Pipeline\\Pipeline.php(165): App\\Modules\\Admin\\Dashboard\\Classes\\Base->App\\Modules\\Admin\\Dashboard\\Classes\\{closure}()
#15 C:\\Users\\hask777\\Desktop\\projects\\PHP\\laravel10-api-passport\\vendor\\laravel\\framework\\src\\Illuminate\\Routing\\Middleware\\SubstituteBindings.php(50): Illuminate\\Pipeline\\Pipeline->Illuminate\\Pipeline\\{closure}()
#16 C:\\Users\\hask777\\Desktop\\projects\\PHP\\laravel10-api-passport\\vendor\\laravel\\framework\\src\\Illuminate\\Pipeline\\Pipeline.php(183): Illuminate\\Routing\\Middleware\\SubstituteBindings->handle()
#17 C:\\Users\\hask777\\Desktop\\projects\\PHP\\laravel10-api-passport\\vendor\\laravel\\framework\\src\\Illuminate\\Auth\\Middleware\\Authenticate.php(57): Illuminate\\Pipeline\\Pipeline->Illuminate\\Pipeline\\{closure}()
#18 C:\\Users\\hask777\\Desktop\\projects\\PHP\\laravel10-api-passport\\vendor\\laravel\\framework\\src\\Illuminate\\Pipeline\\Pipeline.php(183): Illuminate\\Auth\\Middleware\\Authenticate->handle()
#19 C:\\Users\\hask777\\Desktop\\projects\\PHP\\laravel10-api-passport\\vendor\\laravel\\framework\\src\\Illuminate\\Foundation\\Http\\Middleware\\VerifyCsrfToken.php(78): Illuminate\\Pipeline\\Pipeline->Illuminate\\Pipeline\\{closure}()
#20 C:\\Users\\hask777\\Desktop\\projects\\PHP\\laravel10-api-passport\\vendor\\laravel\\framework\\src\\Illuminate\\Pipeline\\Pipeline.php(183): Illuminate\\Foundation\\Http\\Middleware\\VerifyCsrfToken->handle()
#21 C:\\Users\\hask777\\Desktop\\projects\\PHP\\laravel10-api-passport\\vendor\\laravel\\framework\\src\\Illuminate\\View\\Middleware\\ShareErrorsFromSession.php(49): Illuminate\\Pipeline\\Pipeline->Illuminate\\Pipeline\\{closure}()
#22 C:\\Users\\hask777\\Desktop\\projects\\PHP\\laravel10-api-passport\\vendor\\laravel\\framework\\src\\Illuminate\\Pipeline\\Pipeline.php(183): Illuminate\\View\\Middleware\\ShareErrorsFromSession->handle()
#23 C:\\Users\\hask777\\Desktop\\projects\\PHP\\laravel10-api-passport\\vendor\\laravel\\framework\\src\\Illuminate\\Session\\Middleware\\StartSession.php(121): Illuminate\\Pipeline\\Pipeline->Illuminate\\Pipeline\\{closure}()
#24 C:\\Users\\hask777\\Desktop\\projects\\PHP\\laravel10-api-passport\\vendor\\laravel\\framework\\src\\Illuminate\\Session\\Middleware\\StartSession.php(64): Illuminate\\Session\\Middleware\\StartSession->handleStatefulRequest()
#25 C:\\Users\\hask777\\Desktop\\projects\\PHP\\laravel10-api-passport\\vendor\\laravel\\framework\\src\\Illuminate\\Pipeline\\Pipeline.php(183): Illuminate\\Session\\Middleware\\StartSession->handle()
#26 C:\\Users\\hask777\\Desktop\\projects\\PHP\\laravel10-api-passport\\vendor\\laravel\\framework\\src\\Illuminate\\Cookie\\Middleware\\AddQueuedCookiesToResponse.php(37): Illuminate\\Pipeline\\Pipeline->Illuminate\\Pipeline\\{closure}()
#27 C:\\Users\\hask777\\Desktop\\projects\\PHP\\laravel10-api-passport\\vendor\\laravel\\framework\\src\\Illuminate\\Pipeline\\Pipeline.php(183): Illuminate\\Cookie\\Middleware\\AddQueuedCookiesToResponse->handle()
#28 C:\\Users\\hask777\\Desktop\\projects\\PHP\\laravel10-api-passport\\vendor\\laravel\\framework\\src\\Illuminate\\Cookie\\Middleware\\EncryptCookies.php(67): Illuminate\\Pipeline\\Pipeline->Illuminate\\Pipeline\\{closure}()
#29 C:\\Users\\hask777\\Desktop\\projects\\PHP\\laravel10-api-passport\\vendor\\laravel\\framework\\src\\Illuminate\\Pipeline\\Pipeline.php(183): Illuminate\\Cookie\\Middleware\\EncryptCookies->handle()
#30 C:\\Users\\hask777\\Desktop\\projects\\PHP\\laravel10-api-passport\\vendor\\laravel\\framework\\src\\Illuminate\\Pipeline\\Pipeline.php(119): Illuminate\\Pipeline\\Pipeline->Illuminate\\Pipeline\\{closure}()
#31 C:\\Users\\hask777\\Desktop\\projects\\PHP\\laravel10-api-passport\\vendor\\laravel\\framework\\src\\Illuminate\\Routing\\Router.php(805): Illuminate\\Pipeline\\Pipeline->then()
#32 C:\\Users\\hask777\\Desktop\\projects\\PHP\\laravel10-api-passport\\vendor\\laravel\\framework\\src\\Illuminate\\Routing\\Router.php(784): Illuminate\\Routing\\Router->runRouteWithinStack()
#33 C:\\Users\\hask777\\Desktop\\projects\\PHP\\laravel10-api-passport\\vendor\\laravel\\framework\\src\\Illuminate\\Routing\\Router.php(748): Illuminate\\Routing\\Router->runRoute()
#34 C:\\Users\\hask777\\Desktop\\projects\\PHP\\laravel10-api-passport\\vendor\\laravel\\framework\\src\\Illuminate\\Routing\\Router.php(737): Illuminate\\Routing\\Router->dispatchToRoute()
#35 C:\\Users\\hask777\\Desktop\\projects\\PHP\\laravel10-api-passport\\vendor\\laravel\\framework\\src\\Illuminate\\Foundation\\Http\\Kernel.php(200): Illuminate\\Routing\\Router->dispatch()
#36 C:\\Users\\hask777\\Desktop\\projects\\PHP\\laravel10-api-passport\\vendor\\laravel\\framework\\src\\Illuminate\\Pipeline\\Pipeline.php(144): Illuminate\\Foundation\\Http\\Kernel->Illuminate\\Foundation\\Http\\{closure}()
#37 C:\\Users\\hask777\\Desktop\\projects\\PHP\\laravel10-api-passport\\vendor\\laravel\\framework\\src\\Illuminate\\Foundation\\Http\\Middleware\\TransformsRequest.php(21): Illuminate\\Pipeline\\Pipeline->Illuminate\\Pipeline\\{closure}()
#38 C:\\Users\\hask777\\Desktop\\projects\\PHP\\laravel10-api-passport\\vendor\\laravel\\framework\\src\\Illuminate\\Foundation\\Http\\Middleware\\ConvertEmptyStringsToNull.php(31): Illuminate\\Foundation\\Http\\Middleware\\TransformsRequest->handle()
#39 C:\\Users\\hask777\\Desktop\\projects\\PHP\\laravel10-api-passport\\vendor\\laravel\\framework\\src\\Illuminate\\Pipeline\\Pipeline.php(183): Illuminate\\Foundation\\Http\\Middleware\\ConvertEmptyStringsToNull->handle()
#40 C:\\Users\\hask777\\Desktop\\projects\\PHP\\laravel10-api-passport\\vendor\\laravel\\framework\\src\\Illuminate\\Foundation\\Http\\Middleware\\TransformsRequest.php(21): Illuminate\\Pipeline\\Pipeline->Illuminate\\Pipeline\\{closure}()
#41 C:\\Users\\hask777\\Desktop\\projects\\PHP\\laravel10-api-passport\\vendor\\laravel\\framework\\src\\Illuminate\\Foundation\\Http\\Middleware\\TrimStrings.php(40): Illuminate\\Foundation\\Http\\Middleware\\TransformsRequest->handle()
#42 C:\\Users\\hask777\\Desktop\\projects\\PHP\\laravel10-api-passport\\vendor\\laravel\\framework\\src\\Illuminate\\Pipeline\\Pipeline.php(183): Illuminate\\Foundation\\Http\\Middleware\\TrimStrings->handle()
#43 C:\\Users\\hask777\\Desktop\\projects\\PHP\\laravel10-api-passport\\vendor\\laravel\\framework\\src\\Illuminate\\Foundation\\Http\\Middleware\\ValidatePostSize.php(27): Illuminate\\Pipeline\\Pipeline->Illuminate\\Pipeline\\{closure}()
#44 C:\\Users\\hask777\\Desktop\\projects\\PHP\\laravel10-api-passport\\vendor\\laravel\\framework\\src\\Illuminate\\Pipeline\\Pipeline.php(183): Illuminate\\Foundation\\Http\\Middleware\\ValidatePostSize->handle()
#45 C:\\Users\\hask777\\Desktop\\projects\\PHP\\laravel10-api-passport\\vendor\\laravel\\framework\\src\\Illuminate\\Foundation\\Http\\Middleware\\PreventRequestsDuringMaintenance.php(99): Illuminate\\Pipeline\\Pipeline->Illuminate\\Pipeline\\{closure}()
#46 C:\\Users\\hask777\\Desktop\\projects\\PHP\\laravel10-api-passport\\vendor\\laravel\\framework\\src\\Illuminate\\Pipeline\\Pipeline.php(183): Illuminate\\Foundation\\Http\\Middleware\\PreventRequestsDuringMaintenance->handle()
#47 C:\\Users\\hask777\\Desktop\\projects\\PHP\\laravel10-api-passport\\vendor\\laravel\\framework\\src\\Illuminate\\Http\\Middleware\\HandleCors.php(49): Illuminate\\Pipeline\\Pipeline->Illuminate\\Pipeline\\{closure}()
#48 C:\\Users\\hask777\\Desktop\\projects\\PHP\\laravel10-api-passport\\vendor\\laravel\\framework\\src\\Illuminate\\Pipeline\\Pipeline.php(183): Illuminate\\Http\\Middleware\\HandleCors->handle()
#49 C:\\Users\\hask777\\Desktop\\projects\\PHP\\laravel10-api-passport\\vendor\\laravel\\framework\\src\\Illuminate\\Http\\Middleware\\TrustProxies.php(39): Illuminate\\Pipeline\\Pipeline->Illuminate\\Pipeline\\{closure}()
#50 C:\\Users\\hask777\\Desktop\\projects\\PHP\\laravel10-api-passport\\vendor\\laravel\\framework\\src\\Illuminate\\Pipeline\\Pipeline.php(183): Illuminate\\Http\\Middleware\\TrustProxies->handle()
#51 C:\\Users\\hask777\\Desktop\\projects\\PHP\\laravel10-api-passport\\vendor\\laravel\\framework\\src\\Illuminate\\Pipeline\\Pipeline.php(119): Illuminate\\Pipeline\\Pipeline->Illuminate\\Pipeline\\{closure}()
#52 C:\\Users\\hask777\\Desktop\\projects\\PHP\\laravel10-api-passport\\vendor\\laravel\\framework\\src\\Illuminate\\Foundation\\Http\\Kernel.php(175): Illuminate\\Pipeline\\Pipeline->then()
#53 C:\\Users\\hask777\\Desktop\\projects\\PHP\\laravel10-api-passport\\vendor\\laravel\\framework\\src\\Illuminate\\Foundation\\Http\\Kernel.php(144): Illuminate\\Foundation\\Http\\Kernel->sendRequestThroughRouter()
#54 C:\\Users\\hask777\\Desktop\\projects\\PHP\\laravel10-api-passport\\public\\index.php(51): Illuminate\\Foundation\\Http\\Kernel->handle()
#55 C:\\Users\\hask777\\Desktop\\projects\\PHP\\laravel10-api-passport\\vendor\\laravel\\framework\\src\\Illuminate\\Foundation\\resources\\server.php(16): require_once('...')
#56 {main}
"} 
[2025-03-16 18:18:33] local.ERROR: Call to a member function map() on null {"userId":1,"exception":"[object] (Error(code: 0): Call to a member function map() on null at C:\\Users\\hask777\\Desktop\\projects\\PHP\\laravel10-api-passport\\app\\Modules\\Admin\\Dashboard\\Classes\\Base.php:111)
[stacktrace]
#0 C:\\Users\\hask777\\Desktop\\projects\\PHP\\laravel10-api-passport\\app\\Modules\\Admin\\Dashboard\\Classes\\Base.php(69): App\\Modules\\Admin\\Dashboard\\Classes\\Base->getPermissions()
#1 [internal function]: App\\Modules\\Admin\\Dashboard\\Classes\\Base->App\\Modules\\Admin\\Dashboard\\Classes\\{closure}()
#2 C:\\Users\\hask777\\Desktop\\projects\\PHP\\laravel10-api-passport\\vendor\\lavary\\laravel-menu\\src\\Lavary\\Menu\\Menu.php(81): call_user_func()
#3 C:\\Users\\hask777\\Desktop\\projects\\PHP\\laravel10-api-passport\\vendor\\laravel\\framework\\src\\Illuminate\\Support\\Facades\\Facade.php(355): Lavary\\Menu\\Menu->make()
#4 C:\\Users\\hask777\\Desktop\\projects\\PHP\\laravel10-api-passport\\app\\Modules\\Admin\\Dashboard\\Classes\\Base.php(57): Illuminate\\Support\\Facades\\Facade::__callStatic()
#5 C:\\Users\\hask777\\Desktop\\projects\\PHP\\laravel10-api-passport\\app\\Modules\\Admin\\Dashboard\\Classes\\Base.php(40): App\\Modules\\Admin\\Dashboard\\Classes\\Base->getMenu()
#6 C:\\Users\\hask777\\Desktop\\projects\\PHP\\laravel10-api-passport\\app\\Modules\\Admin\\Role\\Controllers\\RoleController.php(36): App\\Modules\\Admin\\Dashboard\\Classes\\Base->renderOutput()
#7 C:\\Users\\hask777\\Desktop\\projects\\PHP\\laravel10-api-passport\\vendor\\laravel\\framework\\src\\Illuminate\\Routing\\Controller.php(54): App\\Modules\\Admin\\Role\\Controllers\\RoleController->index()
#8 C:\\Users\\hask777\\Desktop\\projects\\PHP\\laravel10-api-passport\\vendor\\laravel\\framework\\src\\Illuminate\\Routing\\ControllerDispatcher.php(43): Illuminate\\Routing\\Controller->callAction()
#9 C:\\Users\\hask777\\Desktop\\projects\\PHP\\laravel10-api-passport\\vendor\\laravel\\framework\\src\\Illuminate\\Routing\\Route.php(259): Illuminate\\Routing\\ControllerDispatcher->dispatch()
#10 C:\\Users\\hask777\\Desktop\\projects\\PHP\\laravel10-api-passport\\vendor\\laravel\\framework\\src\\Illuminate\\Routing\\Route.php(205): Illuminate\\Routing\\Route->runController()
#11 C:\\Users\\hask777\\Desktop\\projects\\PHP\\laravel10-api-passport\\vendor\\laravel\\framework\\src\\Illuminate\\Routing\\Router.php(806): Illuminate\\Routing\\Route->run()
#12 C:\\Users\\hask777\\Desktop\\projects\\PHP\\laravel10-api-passport\\vendor\\laravel\\framework\\src\\Illuminate\\Pipeline\\Pipeline.php(144): Illuminate\\Routing\\Router->Illuminate\\Routing\\{closure}()
#13 C:\\Users\\hask777\\Desktop\\projects\\PHP\\laravel10-api-passport\\app\\Modules\\Admin\\Dashboard\\Classes\\Base.php(32): Illuminate\\Pipeline\\Pipeline->Illuminate\\Pipeline\\{closure}()
#14 C:\\Users\\hask777\\Desktop\\projects\\PHP\\laravel10-api-passport\\vendor\\laravel\\framework\\src\\Illuminate\\Pipeline\\Pipeline.php(165): App\\Modules\\Admin\\Dashboard\\Classes\\Base->App\\Modules\\Admin\\Dashboard\\Classes\\{closure}()
#15 C:\\Users\\hask777\\Desktop\\projects\\PHP\\laravel10-api-passport\\vendor\\laravel\\framework\\src\\Illuminate\\Routing\\Middleware\\SubstituteBindings.php(50): Illuminate\\Pipeline\\Pipeline->Illuminate\\Pipeline\\{closure}()
#16 C:\\Users\\hask777\\Desktop\\projects\\PHP\\laravel10-api-passport\\vendor\\laravel\\framework\\src\\Illuminate\\Pipeline\\Pipeline.php(183): Illuminate\\Routing\\Middleware\\SubstituteBindings->handle()
#17 C:\\Users\\hask777\\Desktop\\projects\\PHP\\laravel10-api-passport\\vendor\\laravel\\framework\\src\\Illuminate\\Auth\\Middleware\\Authenticate.php(57): Illuminate\\Pipeline\\Pipeline->Illuminate\\Pipeline\\{closure}()
#18 C:\\Users\\hask777\\Desktop\\projects\\PHP\\laravel10-api-passport\\vendor\\laravel\\framework\\src\\Illuminate\\Pipeline\\Pipeline.php(183): Illuminate\\Auth\\Middleware\\Authenticate->handle()
#19 C:\\Users\\hask777\\Desktop\\projects\\PHP\\laravel10-api-passport\\vendor\\laravel\\framework\\src\\Illuminate\\Foundation\\Http\\Middleware\\VerifyCsrfToken.php(78): Illuminate\\Pipeline\\Pipeline->Illuminate\\Pipeline\\{closure}()
#20 C:\\Users\\hask777\\Desktop\\projects\\PHP\\laravel10-api-passport\\vendor\\laravel\\framework\\src\\Illuminate\\Pipeline\\Pipeline.php(183): Illuminate\\Foundation\\Http\\Middleware\\VerifyCsrfToken->handle()
#21 C:\\Users\\hask777\\Desktop\\projects\\PHP\\laravel10-api-passport\\vendor\\laravel\\framework\\src\\Illuminate\\View\\Middleware\\ShareErrorsFromSession.php(49): Illuminate\\Pipeline\\Pipeline->Illuminate\\Pipeline\\{closure}()
#22 C:\\Users\\hask777\\Desktop\\projects\\PHP\\laravel10-api-passport\\vendor\\laravel\\framework\\src\\Illuminate\\Pipeline\\Pipeline.php(183): Illuminate\\View\\Middleware\\ShareErrorsFromSession->handle()
#23 C:\\Users\\hask777\\Desktop\\projects\\PHP\\laravel10-api-passport\\vendor\\laravel\\framework\\src\\Illuminate\\Session\\Middleware\\StartSession.php(121): Illuminate\\Pipeline\\Pipeline->Illuminate\\Pipeline\\{closure}()
#24 C:\\Users\\hask777\\Desktop\\projects\\PHP\\laravel10-api-passport\\vendor\\laravel\\framework\\src\\Illuminate\\Session\\Middleware\\StartSession.php(64): Illuminate\\Session\\Middleware\\StartSession->handleStatefulRequest()
#25 C:\\Users\\hask777\\Desktop\\projects\\PHP\\laravel10-api-passport\\vendor\\laravel\\framework\\src\\Illuminate\\Pipeline\\Pipeline.php(183): Illuminate\\Session\\Middleware\\StartSession->handle()
#26 C:\\Users\\hask777\\Desktop\\projects\\PHP\\laravel10-api-passport\\vendor\\laravel\\framework\\src\\Illuminate\\Cookie\\Middleware\\AddQueuedCookiesToResponse.php(37): Illuminate\\Pipeline\\Pipeline->Illuminate\\Pipeline\\{closure}()
#27 C:\\Users\\hask777\\Desktop\\projects\\PHP\\laravel10-api-passport\\vendor\\laravel\\framework\\src\\Illuminate\\Pipeline\\Pipeline.php(183): Illuminate\\Cookie\\Middleware\\AddQueuedCookiesToResponse->handle()
#28 C:\\Users\\hask777\\Desktop\\projects\\PHP\\laravel10-api-passport\\vendor\\laravel\\framework\\src\\Illuminate\\Cookie\\Middleware\\EncryptCookies.php(67): Illuminate\\Pipeline\\Pipeline->Illuminate\\Pipeline\\{closure}()
#29 C:\\Users\\hask777\\Desktop\\projects\\PHP\\laravel10-api-passport\\vendor\\laravel\\framework\\src\\Illuminate\\Pipeline\\Pipeline.php(183): Illuminate\\Cookie\\Middleware\\EncryptCookies->handle()
#30 C:\\Users\\hask777\\Desktop\\projects\\PHP\\laravel10-api-passport\\vendor\\laravel\\framework\\src\\Illuminate\\Pipeline\\Pipeline.php(119): Illuminate\\Pipeline\\Pipeline->Illuminate\\Pipeline\\{closure}()
#31 C:\\Users\\hask777\\Desktop\\projects\\PHP\\laravel10-api-passport\\vendor\\laravel\\framework\\src\\Illuminate\\Routing\\Router.php(805): Illuminate\\Pipeline\\Pipeline->then()
#32 C:\\Users\\hask777\\Desktop\\projects\\PHP\\laravel10-api-passport\\vendor\\laravel\\framework\\src\\Illuminate\\Routing\\Router.php(784): Illuminate\\Routing\\Router->runRouteWithinStack()
#33 C:\\Users\\hask777\\Desktop\\projects\\PHP\\laravel10-api-passport\\vendor\\laravel\\framework\\src\\Illuminate\\Routing\\Router.php(748): Illuminate\\Routing\\Router->runRoute()
#34 C:\\Users\\hask777\\Desktop\\projects\\PHP\\laravel10-api-passport\\vendor\\laravel\\framework\\src\\Illuminate\\Routing\\Router.php(737): Illuminate\\Routing\\Router->dispatchToRoute()
#35 C:\\Users\\hask777\\Desktop\\projects\\PHP\\laravel10-api-passport\\vendor\\laravel\\framework\\src\\Illuminate\\Foundation\\Http\\Kernel.php(200): Illuminate\\Routing\\Router->dispatch()
#36 C:\\Users\\hask777\\Desktop\\projects\\PHP\\laravel10-api-passport\\vendor\\laravel\\framework\\src\\Illuminate\\Pipeline\\Pipeline.php(144): Illuminate\\Foundation\\Http\\Kernel->Illuminate\\Foundation\\Http\\{closure}()
#37 C:\\Users\\hask777\\Desktop\\projects\\PHP\\laravel10-api-passport\\vendor\\laravel\\framework\\src\\Illuminate\\Foundation\\Http\\Middleware\\TransformsRequest.php(21): Illuminate\\Pipeline\\Pipeline->Illuminate\\Pipeline\\{closure}()
#38 C:\\Users\\hask777\\Desktop\\projects\\PHP\\laravel10-api-passport\\vendor\\laravel\\framework\\src\\Illuminate\\Foundation\\Http\\Middleware\\ConvertEmptyStringsToNull.php(31): Illuminate\\Foundation\\Http\\Middleware\\TransformsRequest->handle()
#39 C:\\Users\\hask777\\Desktop\\projects\\PHP\\laravel10-api-passport\\vendor\\laravel\\framework\\src\\Illuminate\\Pipeline\\Pipeline.php(183): Illuminate\\Foundation\\Http\\Middleware\\ConvertEmptyStringsToNull->handle()
#40 C:\\Users\\hask777\\Desktop\\projects\\PHP\\laravel10-api-passport\\vendor\\laravel\\framework\\src\\Illuminate\\Foundation\\Http\\Middleware\\TransformsRequest.php(21): Illuminate\\Pipeline\\Pipeline->Illuminate\\Pipeline\\{closure}()
#41 C:\\Users\\hask777\\Desktop\\projects\\PHP\\laravel10-api-passport\\vendor\\laravel\\framework\\src\\Illuminate\\Foundation\\Http\\Middleware\\TrimStrings.php(40): Illuminate\\Foundation\\Http\\Middleware\\TransformsRequest->handle()
#42 C:\\Users\\hask777\\Desktop\\projects\\PHP\\laravel10-api-passport\\vendor\\laravel\\framework\\src\\Illuminate\\Pipeline\\Pipeline.php(183): Illuminate\\Foundation\\Http\\Middleware\\TrimStrings->handle()
#43 C:\\Users\\hask777\\Desktop\\projects\\PHP\\laravel10-api-passport\\vendor\\laravel\\framework\\src\\Illuminate\\Foundation\\Http\\Middleware\\ValidatePostSize.php(27): Illuminate\\Pipeline\\Pipeline->Illuminate\\Pipeline\\{closure}()
#44 C:\\Users\\hask777\\Desktop\\projects\\PHP\\laravel10-api-passport\\vendor\\laravel\\framework\\src\\Illuminate\\Pipeline\\Pipeline.php(183): Illuminate\\Foundation\\Http\\Middleware\\ValidatePostSize->handle()
#45 C:\\Users\\hask777\\Desktop\\projects\\PHP\\laravel10-api-passport\\vendor\\laravel\\framework\\src\\Illuminate\\Foundation\\Http\\Middleware\\PreventRequestsDuringMaintenance.php(99): Illuminate\\Pipeline\\Pipeline->Illuminate\\Pipeline\\{closure}()
#46 C:\\Users\\hask777\\Desktop\\projects\\PHP\\laravel10-api-passport\\vendor\\laravel\\framework\\src\\Illuminate\\Pipeline\\Pipeline.php(183): Illuminate\\Foundation\\Http\\Middleware\\PreventRequestsDuringMaintenance->handle()
#47 C:\\Users\\hask777\\Desktop\\projects\\PHP\\laravel10-api-passport\\vendor\\laravel\\framework\\src\\Illuminate\\Http\\Middleware\\HandleCors.php(49): Illuminate\\Pipeline\\Pipeline->Illuminate\\Pipeline\\{closure}()
#48 C:\\Users\\hask777\\Desktop\\projects\\PHP\\laravel10-api-passport\\vendor\\laravel\\framework\\src\\Illuminate\\Pipeline\\Pipeline.php(183): Illuminate\\Http\\Middleware\\HandleCors->handle()
#49 C:\\Users\\hask777\\Desktop\\projects\\PHP\\laravel10-api-passport\\vendor\\laravel\\framework\\src\\Illuminate\\Http\\Middleware\\TrustProxies.php(39): Illuminate\\Pipeline\\Pipeline->Illuminate\\Pipeline\\{closure}()
#50 C:\\Users\\hask777\\Desktop\\projects\\PHP\\laravel10-api-passport\\vendor\\laravel\\framework\\src\\Illuminate\\Pipeline\\Pipeline.php(183): Illuminate\\Http\\Middleware\\TrustProxies->handle()
#51 C:\\Users\\hask777\\Desktop\\projects\\PHP\\laravel10-api-passport\\vendor\\laravel\\framework\\src\\Illuminate\\Pipeline\\Pipeline.php(119): Illuminate\\Pipeline\\Pipeline->Illuminate\\Pipeline\\{closure}()
#52 C:\\Users\\hask777\\Desktop\\projects\\PHP\\laravel10-api-passport\\vendor\\laravel\\framework\\src\\Illuminate\\Foundation\\Http\\Kernel.php(175): Illuminate\\Pipeline\\Pipeline->then()
#53 C:\\Users\\hask777\\Desktop\\projects\\PHP\\laravel10-api-passport\\vendor\\laravel\\framework\\src\\Illuminate\\Foundation\\Http\\Kernel.php(144): Illuminate\\Foundation\\Http\\Kernel->sendRequestThroughRouter()
#54 C:\\Users\\hask777\\Desktop\\projects\\PHP\\laravel10-api-passport\\public\\index.php(51): Illuminate\\Foundation\\Http\\Kernel->handle()
#55 C:\\Users\\hask777\\Desktop\\projects\\PHP\\laravel10-api-passport\\vendor\\laravel\\framework\\src\\Illuminate\\Foundation\\resources\\server.php(16): require_once('...')
#56 {main}
"} 
[2025-03-16 18:20:56] local.ERROR: syntax error, unexpected variable "$item", expecting ":" {"exception":"[object] (ParseError(code: 0): syntax error, unexpected variable \"$item\", expecting \":\" at C:\\Users\\hask777\\Desktop\\projects\\PHP\\laravel10-api-passport\\app\\Modules\\Admin\\Dashboard\\Classes\\Base.php:101)
[stacktrace]
#0 C:\\Users\\hask777\\Desktop\\projects\\PHP\\laravel10-api-passport\\vendor\\composer\\ClassLoader.php(427): Composer\\Autoload\\{closure}()
#1 C:\\Users\\hask777\\Desktop\\projects\\PHP\\laravel10-api-passport\\app\\Modules\\Admin\\Role\\Controllers\\RoleController.php(12): Composer\\Autoload\\ClassLoader->loadClass()
#2 C:\\Users\\hask777\\Desktop\\projects\\PHP\\laravel10-api-passport\\vendor\\composer\\ClassLoader.php(576): include('...')
#3 C:\\Users\\hask777\\Desktop\\projects\\PHP\\laravel10-api-passport\\vendor\\composer\\ClassLoader.php(427): Composer\\Autoload\\{closure}()
#4 [internal function]: Composer\\Autoload\\ClassLoader->loadClass()
#5 C:\\Users\\hask777\\Desktop\\projects\\PHP\\laravel10-api-passport\\vendor\\laravel\\framework\\src\\Illuminate\\Routing\\Route.php(1096): is_a()
#6 C:\\Users\\hask777\\Desktop\\projects\\PHP\\laravel10-api-passport\\vendor\\laravel\\framework\\src\\Illuminate\\Routing\\Route.php(1035): Illuminate\\Routing\\Route->controllerMiddleware()
#7 C:\\Users\\hask777\\Desktop\\projects\\PHP\\laravel10-api-passport\\vendor\\laravel\\framework\\src\\Illuminate\\Routing\\Router.php(818): Illuminate\\Routing\\Route->gatherMiddleware()
#8 C:\\Users\\hask777\\Desktop\\projects\\PHP\\laravel10-api-passport\\vendor\\laravel\\framework\\src\\Illuminate\\Routing\\Router.php(800): Illuminate\\Routing\\Router->gatherRouteMiddleware()
#9 C:\\Users\\hask777\\Desktop\\projects\\PHP\\laravel10-api-passport\\vendor\\laravel\\framework\\src\\Illuminate\\Routing\\Router.php(784): Illuminate\\Routing\\Router->runRouteWithinStack()
#10 C:\\Users\\hask777\\Desktop\\projects\\PHP\\laravel10-api-passport\\vendor\\laravel\\framework\\src\\Illuminate\\Routing\\Router.php(748): Illuminate\\Routing\\Router->runRoute()
#11 C:\\Users\\hask777\\Desktop\\projects\\PHP\\laravel10-api-passport\\vendor\\laravel\\framework\\src\\Illuminate\\Routing\\Router.php(737): Illuminate\\Routing\\Router->dispatchToRoute()
#12 C:\\Users\\hask777\\Desktop\\projects\\PHP\\laravel10-api-passport\\vendor\\laravel\\framework\\src\\Illuminate\\Foundation\\Http\\Kernel.php(200): Illuminate\\Routing\\Router->dispatch()
#13 C:\\Users\\hask777\\Desktop\\projects\\PHP\\laravel10-api-passport\\vendor\\laravel\\framework\\src\\Illuminate\\Pipeline\\Pipeline.php(144): Illuminate\\Foundation\\Http\\Kernel->Illuminate\\Foundation\\Http\\{closure}()
#14 C:\\Users\\hask777\\Desktop\\projects\\PHP\\laravel10-api-passport\\vendor\\laravel\\framework\\src\\Illuminate\\Foundation\\Http\\Middleware\\TransformsRequest.php(21): Illuminate\\Pipeline\\Pipeline->Illuminate\\Pipeline\\{closure}()
#15 C:\\Users\\hask777\\Desktop\\projects\\PHP\\laravel10-api-passport\\vendor\\laravel\\framework\\src\\Illuminate\\Foundation\\Http\\Middleware\\ConvertEmptyStringsToNull.php(31): Illuminate\\Foundation\\Http\\Middleware\\TransformsRequest->handle()
#16 C:\\Users\\hask777\\Desktop\\projects\\PHP\\laravel10-api-passport\\vendor\\laravel\\framework\\src\\Illuminate\\Pipeline\\Pipeline.php(183): Illuminate\\Foundation\\Http\\Middleware\\ConvertEmptyStringsToNull->handle()
#17 C:\\Users\\hask777\\Desktop\\projects\\PHP\\laravel10-api-passport\\vendor\\laravel\\framework\\src\\Illuminate\\Foundation\\Http\\Middleware\\TransformsRequest.php(21): Illuminate\\Pipeline\\Pipeline->Illuminate\\Pipeline\\{closure}()
#18 C:\\Users\\hask777\\Desktop\\projects\\PHP\\laravel10-api-passport\\vendor\\laravel\\framework\\src\\Illuminate\\Foundation\\Http\\Middleware\\TrimStrings.php(40): Illuminate\\Foundation\\Http\\Middleware\\TransformsRequest->handle()
#19 C:\\Users\\hask777\\Desktop\\projects\\PHP\\laravel10-api-passport\\vendor\\laravel\\framework\\src\\Illuminate\\Pipeline\\Pipeline.php(183): Illuminate\\Foundation\\Http\\Middleware\\TrimStrings->handle()
#20 C:\\Users\\hask777\\Desktop\\projects\\PHP\\laravel10-api-passport\\vendor\\laravel\\framework\\src\\Illuminate\\Foundation\\Http\\Middleware\\ValidatePostSize.php(27): Illuminate\\Pipeline\\Pipeline->Illuminate\\Pipeline\\{closure}()
#21 C:\\Users\\hask777\\Desktop\\projects\\PHP\\laravel10-api-passport\\vendor\\laravel\\framework\\src\\Illuminate\\Pipeline\\Pipeline.php(183): Illuminate\\Foundation\\Http\\Middleware\\ValidatePostSize->handle()
#22 C:\\Users\\hask777\\Desktop\\projects\\PHP\\laravel10-api-passport\\vendor\\laravel\\framework\\src\\Illuminate\\Foundation\\Http\\Middleware\\PreventRequestsDuringMaintenance.php(99): Illuminate\\Pipeline\\Pipeline->Illuminate\\Pipeline\\{closure}()
#23 C:\\Users\\hask777\\Desktop\\projects\\PHP\\laravel10-api-passport\\vendor\\laravel\\framework\\src\\Illuminate\\Pipeline\\Pipeline.php(183): Illuminate\\Foundation\\Http\\Middleware\\PreventRequestsDuringMaintenance->handle()
#24 C:\\Users\\hask777\\Desktop\\projects\\PHP\\laravel10-api-passport\\vendor\\laravel\\framework\\src\\Illuminate\\Http\\Middleware\\HandleCors.php(49): Illuminate\\Pipeline\\Pipeline->Illuminate\\Pipeline\\{closure}()
#25 C:\\Users\\hask777\\Desktop\\projects\\PHP\\laravel10-api-passport\\vendor\\laravel\\framework\\src\\Illuminate\\Pipeline\\Pipeline.php(183): Illuminate\\Http\\Middleware\\HandleCors->handle()
#26 C:\\Users\\hask777\\Desktop\\projects\\PHP\\laravel10-api-passport\\vendor\\laravel\\framework\\src\\Illuminate\\Http\\Middleware\\TrustProxies.php(39): Illuminate\\Pipeline\\Pipeline->Illuminate\\Pipeline\\{closure}()
#27 C:\\Users\\hask777\\Desktop\\projects\\PHP\\laravel10-api-passport\\vendor\\laravel\\framework\\src\\Illuminate\\Pipeline\\Pipeline.php(183): Illuminate\\Http\\Middleware\\TrustProxies->handle()
#28 C:\\Users\\hask777\\Desktop\\projects\\PHP\\laravel10-api-passport\\vendor\\laravel\\framework\\src\\Illuminate\\Pipeline\\Pipeline.php(119): Illuminate\\Pipeline\\Pipeline->Illuminate\\Pipeline\\{closure}()
#29 C:\\Users\\hask777\\Desktop\\projects\\PHP\\laravel10-api-passport\\vendor\\laravel\\framework\\src\\Illuminate\\Foundation\\Http\\Kernel.php(175): Illuminate\\Pipeline\\Pipeline->then()
#30 C:\\Users\\hask777\\Desktop\\projects\\PHP\\laravel10-api-passport\\vendor\\laravel\\framework\\src\\Illuminate\\Foundation\\Http\\Kernel.php(144): Illuminate\\Foundation\\Http\\Kernel->sendRequestThroughRouter()
#31 C:\\Users\\hask777\\Desktop\\projects\\PHP\\laravel10-api-passport\\public\\index.php(51): Illuminate\\Foundation\\Http\\Kernel->handle()
#32 C:\\Users\\hask777\\Desktop\\projects\\PHP\\laravel10-api-passport\\vendor\\laravel\\framework\\src\\Illuminate\\Foundation\\resources\\server.php(16): require_once('...')
#33 {main}
"} 
[2025-03-16 18:21:13] local.ERROR: syntax error, unexpected token ";", expecting ")" {"exception":"[object] (ParseError(code: 0): syntax error, unexpected token \";\", expecting \")\" at C:\\Users\\hask777\\Desktop\\projects\\PHP\\laravel10-api-passport\\app\\Modules\\Admin\\Dashboard\\Classes\\Base.php:103)
[stacktrace]
#0 C:\\Users\\hask777\\Desktop\\projects\\PHP\\laravel10-api-passport\\vendor\\composer\\ClassLoader.php(427): Composer\\Autoload\\{closure}()
#1 C:\\Users\\hask777\\Desktop\\projects\\PHP\\laravel10-api-passport\\app\\Modules\\Admin\\Role\\Controllers\\RoleController.php(12): Composer\\Autoload\\ClassLoader->loadClass()
#2 C:\\Users\\hask777\\Desktop\\projects\\PHP\\laravel10-api-passport\\vendor\\composer\\ClassLoader.php(576): include('...')
#3 C:\\Users\\hask777\\Desktop\\projects\\PHP\\laravel10-api-passport\\vendor\\composer\\ClassLoader.php(427): Composer\\Autoload\\{closure}()
#4 [internal function]: Composer\\Autoload\\ClassLoader->loadClass()
#5 C:\\Users\\hask777\\Desktop\\projects\\PHP\\laravel10-api-passport\\vendor\\laravel\\framework\\src\\Illuminate\\Routing\\Route.php(1096): is_a()
#6 C:\\Users\\hask777\\Desktop\\projects\\PHP\\laravel10-api-passport\\vendor\\laravel\\framework\\src\\Illuminate\\Routing\\Route.php(1035): Illuminate\\Routing\\Route->controllerMiddleware()
#7 C:\\Users\\hask777\\Desktop\\projects\\PHP\\laravel10-api-passport\\vendor\\laravel\\framework\\src\\Illuminate\\Routing\\Router.php(818): Illuminate\\Routing\\Route->gatherMiddleware()
#8 C:\\Users\\hask777\\Desktop\\projects\\PHP\\laravel10-api-passport\\vendor\\laravel\\framework\\src\\Illuminate\\Routing\\Router.php(800): Illuminate\\Routing\\Router->gatherRouteMiddleware()
#9 C:\\Users\\hask777\\Desktop\\projects\\PHP\\laravel10-api-passport\\vendor\\laravel\\framework\\src\\Illuminate\\Routing\\Router.php(784): Illuminate\\Routing\\Router->runRouteWithinStack()
#10 C:\\Users\\hask777\\Desktop\\projects\\PHP\\laravel10-api-passport\\vendor\\laravel\\framework\\src\\Illuminate\\Routing\\Router.php(748): Illuminate\\Routing\\Router->runRoute()
#11 C:\\Users\\hask777\\Desktop\\projects\\PHP\\laravel10-api-passport\\vendor\\laravel\\framework\\src\\Illuminate\\Routing\\Router.php(737): Illuminate\\Routing\\Router->dispatchToRoute()
#12 C:\\Users\\hask777\\Desktop\\projects\\PHP\\laravel10-api-passport\\vendor\\laravel\\framework\\src\\Illuminate\\Foundation\\Http\\Kernel.php(200): Illuminate\\Routing\\Router->dispatch()
#13 C:\\Users\\hask777\\Desktop\\projects\\PHP\\laravel10-api-passport\\vendor\\laravel\\framework\\src\\Illuminate\\Pipeline\\Pipeline.php(144): Illuminate\\Foundation\\Http\\Kernel->Illuminate\\Foundation\\Http\\{closure}()
#14 C:\\Users\\hask777\\Desktop\\projects\\PHP\\laravel10-api-passport\\vendor\\laravel\\framework\\src\\Illuminate\\Foundation\\Http\\Middleware\\TransformsRequest.php(21): Illuminate\\Pipeline\\Pipeline->Illuminate\\Pipeline\\{closure}()
#15 C:\\Users\\hask777\\Desktop\\projects\\PHP\\laravel10-api-passport\\vendor\\laravel\\framework\\src\\Illuminate\\Foundation\\Http\\Middleware\\ConvertEmptyStringsToNull.php(31): Illuminate\\Foundation\\Http\\Middleware\\TransformsRequest->handle()
#16 C:\\Users\\hask777\\Desktop\\projects\\PHP\\laravel10-api-passport\\vendor\\laravel\\framework\\src\\Illuminate\\Pipeline\\Pipeline.php(183): Illuminate\\Foundation\\Http\\Middleware\\ConvertEmptyStringsToNull->handle()
#17 C:\\Users\\hask777\\Desktop\\projects\\PHP\\laravel10-api-passport\\vendor\\laravel\\framework\\src\\Illuminate\\Foundation\\Http\\Middleware\\TransformsRequest.php(21): Illuminate\\Pipeline\\Pipeline->Illuminate\\Pipeline\\{closure}()
#18 C:\\Users\\hask777\\Desktop\\projects\\PHP\\laravel10-api-passport\\vendor\\laravel\\framework\\src\\Illuminate\\Foundation\\Http\\Middleware\\TrimStrings.php(40): Illuminate\\Foundation\\Http\\Middleware\\TransformsRequest->handle()
#19 C:\\Users\\hask777\\Desktop\\projects\\PHP\\laravel10-api-passport\\vendor\\laravel\\framework\\src\\Illuminate\\Pipeline\\Pipeline.php(183): Illuminate\\Foundation\\Http\\Middleware\\TrimStrings->handle()
#20 C:\\Users\\hask777\\Desktop\\projects\\PHP\\laravel10-api-passport\\vendor\\laravel\\framework\\src\\Illuminate\\Foundation\\Http\\Middleware\\ValidatePostSize.php(27): Illuminate\\Pipeline\\Pipeline->Illuminate\\Pipeline\\{closure}()
#21 C:\\Users\\hask777\\Desktop\\projects\\PHP\\laravel10-api-passport\\vendor\\laravel\\framework\\src\\Illuminate\\Pipeline\\Pipeline.php(183): Illuminate\\Foundation\\Http\\Middleware\\ValidatePostSize->handle()
#22 C:\\Users\\hask777\\Desktop\\projects\\PHP\\laravel10-api-passport\\vendor\\laravel\\framework\\src\\Illuminate\\Foundation\\Http\\Middleware\\PreventRequestsDuringMaintenance.php(99): Illuminate\\Pipeline\\Pipeline->Illuminate\\Pipeline\\{closure}()
#23 C:\\Users\\hask777\\Desktop\\projects\\PHP\\laravel10-api-passport\\vendor\\laravel\\framework\\src\\Illuminate\\Pipeline\\Pipeline.php(183): Illuminate\\Foundation\\Http\\Middleware\\PreventRequestsDuringMaintenance->handle()
#24 C:\\Users\\hask777\\Desktop\\projects\\PHP\\laravel10-api-passport\\vendor\\laravel\\framework\\src\\Illuminate\\Http\\Middleware\\HandleCors.php(49): Illuminate\\Pipeline\\Pipeline->Illuminate\\Pipeline\\{closure}()
#25 C:\\Users\\hask777\\Desktop\\projects\\PHP\\laravel10-api-passport\\vendor\\laravel\\framework\\src\\Illuminate\\Pipeline\\Pipeline.php(183): Illuminate\\Http\\Middleware\\HandleCors->handle()
#26 C:\\Users\\hask777\\Desktop\\projects\\PHP\\laravel10-api-passport\\vendor\\laravel\\framework\\src\\Illuminate\\Http\\Middleware\\TrustProxies.php(39): Illuminate\\Pipeline\\Pipeline->Illuminate\\Pipeline\\{closure}()
#27 C:\\Users\\hask777\\Desktop\\projects\\PHP\\laravel10-api-passport\\vendor\\laravel\\framework\\src\\Illuminate\\Pipeline\\Pipeline.php(183): Illuminate\\Http\\Middleware\\TrustProxies->handle()
#28 C:\\Users\\hask777\\Desktop\\projects\\PHP\\laravel10-api-passport\\vendor\\laravel\\framework\\src\\Illuminate\\Pipeline\\Pipeline.php(119): Illuminate\\Pipeline\\Pipeline->Illuminate\\Pipeline\\{closure}()
#29 C:\\Users\\hask777\\Desktop\\projects\\PHP\\laravel10-api-passport\\vendor\\laravel\\framework\\src\\Illuminate\\Foundation\\Http\\Kernel.php(175): Illuminate\\Pipeline\\Pipeline->then()
#30 C:\\Users\\hask777\\Desktop\\projects\\PHP\\laravel10-api-passport\\vendor\\laravel\\framework\\src\\Illuminate\\Foundation\\Http\\Kernel.php(144): Illuminate\\Foundation\\Http\\Kernel->sendRequestThroughRouter()
#31 C:\\Users\\hask777\\Desktop\\projects\\PHP\\laravel10-api-passport\\public\\index.php(51): Illuminate\\Foundation\\Http\\Kernel->handle()
#32 C:\\Users\\hask777\\Desktop\\projects\\PHP\\laravel10-api-passport\\vendor\\laravel\\framework\\src\\Illuminate\\Foundation\\resources\\server.php(16): require_once('...')
#33 {main}
"} 
[2025-03-16 18:21:48] local.ERROR: Call to a member function map() on null {"userId":1,"exception":"[object] (Error(code: 0): Call to a member function map() on null at C:\\Users\\hask777\\Desktop\\projects\\PHP\\laravel10-api-passport\\app\\Modules\\Admin\\Dashboard\\Classes\\Base.php:101)
[stacktrace]
#0 C:\\Users\\hask777\\Desktop\\projects\\PHP\\laravel10-api-passport\\app\\Modules\\Admin\\Dashboard\\Classes\\Base.php(68): App\\Modules\\Admin\\Dashboard\\Classes\\Base->getPermissions()
#1 [internal function]: App\\Modules\\Admin\\Dashboard\\Classes\\Base->App\\Modules\\Admin\\Dashboard\\Classes\\{closure}()
#2 C:\\Users\\hask777\\Desktop\\projects\\PHP\\laravel10-api-passport\\vendor\\lavary\\laravel-menu\\src\\Lavary\\Menu\\Menu.php(81): call_user_func()
#3 C:\\Users\\hask777\\Desktop\\projects\\PHP\\laravel10-api-passport\\vendor\\laravel\\framework\\src\\Illuminate\\Support\\Facades\\Facade.php(355): Lavary\\Menu\\Menu->make()
#4 C:\\Users\\hask777\\Desktop\\projects\\PHP\\laravel10-api-passport\\app\\Modules\\Admin\\Dashboard\\Classes\\Base.php(60): Illuminate\\Support\\Facades\\Facade::__callStatic()
#5 C:\\Users\\hask777\\Desktop\\projects\\PHP\\laravel10-api-passport\\app\\Modules\\Admin\\Dashboard\\Classes\\Base.php(47): App\\Modules\\Admin\\Dashboard\\Classes\\Base->getMenu()
#6 C:\\Users\\hask777\\Desktop\\projects\\PHP\\laravel10-api-passport\\app\\Modules\\Admin\\Role\\Controllers\\RoleController.php(36): App\\Modules\\Admin\\Dashboard\\Classes\\Base->renderOutput()
#7 C:\\Users\\hask777\\Desktop\\projects\\PHP\\laravel10-api-passport\\vendor\\laravel\\framework\\src\\Illuminate\\Routing\\Controller.php(54): App\\Modules\\Admin\\Role\\Controllers\\RoleController->index()
#8 C:\\Users\\hask777\\Desktop\\projects\\PHP\\laravel10-api-passport\\vendor\\laravel\\framework\\src\\Illuminate\\Routing\\ControllerDispatcher.php(43): Illuminate\\Routing\\Controller->callAction()
#9 C:\\Users\\hask777\\Desktop\\projects\\PHP\\laravel10-api-passport\\vendor\\laravel\\framework\\src\\Illuminate\\Routing\\Route.php(259): Illuminate\\Routing\\ControllerDispatcher->dispatch()
#10 C:\\Users\\hask777\\Desktop\\projects\\PHP\\laravel10-api-passport\\vendor\\laravel\\framework\\src\\Illuminate\\Routing\\Route.php(205): Illuminate\\Routing\\Route->runController()
#11 C:\\Users\\hask777\\Desktop\\projects\\PHP\\laravel10-api-passport\\vendor\\laravel\\framework\\src\\Illuminate\\Routing\\Router.php(806): Illuminate\\Routing\\Route->run()
#12 C:\\Users\\hask777\\Desktop\\projects\\PHP\\laravel10-api-passport\\vendor\\laravel\\framework\\src\\Illuminate\\Pipeline\\Pipeline.php(144): Illuminate\\Routing\\Router->Illuminate\\Routing\\{closure}()
#13 C:\\Users\\hask777\\Desktop\\projects\\PHP\\laravel10-api-passport\\app\\Modules\\Admin\\Dashboard\\Classes\\Base.php(39): Illuminate\\Pipeline\\Pipeline->Illuminate\\Pipeline\\{closure}()
#14 C:\\Users\\hask777\\Desktop\\projects\\PHP\\laravel10-api-passport\\vendor\\laravel\\framework\\src\\Illuminate\\Pipeline\\Pipeline.php(165): App\\Modules\\Admin\\Dashboard\\Classes\\Base->App\\Modules\\Admin\\Dashboard\\Classes\\{closure}()
#15 C:\\Users\\hask777\\Desktop\\projects\\PHP\\laravel10-api-passport\\vendor\\laravel\\framework\\src\\Illuminate\\Routing\\Middleware\\SubstituteBindings.php(50): Illuminate\\Pipeline\\Pipeline->Illuminate\\Pipeline\\{closure}()
#16 C:\\Users\\hask777\\Desktop\\projects\\PHP\\laravel10-api-passport\\vendor\\laravel\\framework\\src\\Illuminate\\Pipeline\\Pipeline.php(183): Illuminate\\Routing\\Middleware\\SubstituteBindings->handle()
#17 C:\\Users\\hask777\\Desktop\\projects\\PHP\\laravel10-api-passport\\vendor\\laravel\\framework\\src\\Illuminate\\Auth\\Middleware\\Authenticate.php(57): Illuminate\\Pipeline\\Pipeline->Illuminate\\Pipeline\\{closure}()
#18 C:\\Users\\hask777\\Desktop\\projects\\PHP\\laravel10-api-passport\\vendor\\laravel\\framework\\src\\Illuminate\\Pipeline\\Pipeline.php(183): Illuminate\\Auth\\Middleware\\Authenticate->handle()
#19 C:\\Users\\hask777\\Desktop\\projects\\PHP\\laravel10-api-passport\\vendor\\laravel\\framework\\src\\Illuminate\\Foundation\\Http\\Middleware\\VerifyCsrfToken.php(78): Illuminate\\Pipeline\\Pipeline->Illuminate\\Pipeline\\{closure}()
#20 C:\\Users\\hask777\\Desktop\\projects\\PHP\\laravel10-api-passport\\vendor\\laravel\\framework\\src\\Illuminate\\Pipeline\\Pipeline.php(183): Illuminate\\Foundation\\Http\\Middleware\\VerifyCsrfToken->handle()
#21 C:\\Users\\hask777\\Desktop\\projects\\PHP\\laravel10-api-passport\\vendor\\laravel\\framework\\src\\Illuminate\\View\\Middleware\\ShareErrorsFromSession.php(49): Illuminate\\Pipeline\\Pipeline->Illuminate\\Pipeline\\{closure}()
#22 C:\\Users\\hask777\\Desktop\\projects\\PHP\\laravel10-api-passport\\vendor\\laravel\\framework\\src\\Illuminate\\Pipeline\\Pipeline.php(183): Illuminate\\View\\Middleware\\ShareErrorsFromSession->handle()
#23 C:\\Users\\hask777\\Desktop\\projects\\PHP\\laravel10-api-passport\\vendor\\laravel\\framework\\src\\Illuminate\\Session\\Middleware\\StartSession.php(121): Illuminate\\Pipeline\\Pipeline->Illuminate\\Pipeline\\{closure}()
#24 C:\\Users\\hask777\\Desktop\\projects\\PHP\\laravel10-api-passport\\vendor\\laravel\\framework\\src\\Illuminate\\Session\\Middleware\\StartSession.php(64): Illuminate\\Session\\Middleware\\StartSession->handleStatefulRequest()
#25 C:\\Users\\hask777\\Desktop\\projects\\PHP\\laravel10-api-passport\\vendor\\laravel\\framework\\src\\Illuminate\\Pipeline\\Pipeline.php(183): Illuminate\\Session\\Middleware\\StartSession->handle()
#26 C:\\Users\\hask777\\Desktop\\projects\\PHP\\laravel10-api-passport\\vendor\\laravel\\framework\\src\\Illuminate\\Cookie\\Middleware\\AddQueuedCookiesToResponse.php(37): Illuminate\\Pipeline\\Pipeline->Illuminate\\Pipeline\\{closure}()
#27 C:\\Users\\hask777\\Desktop\\projects\\PHP\\laravel10-api-passport\\vendor\\laravel\\framework\\src\\Illuminate\\Pipeline\\Pipeline.php(183): Illuminate\\Cookie\\Middleware\\AddQueuedCookiesToResponse->handle()
#28 C:\\Users\\hask777\\Desktop\\projects\\PHP\\laravel10-api-passport\\vendor\\laravel\\framework\\src\\Illuminate\\Cookie\\Middleware\\EncryptCookies.php(67): Illuminate\\Pipeline\\Pipeline->Illuminate\\Pipeline\\{closure}()
#29 C:\\Users\\hask777\\Desktop\\projects\\PHP\\laravel10-api-passport\\vendor\\laravel\\framework\\src\\Illuminate\\Pipeline\\Pipeline.php(183): Illuminate\\Cookie\\Middleware\\EncryptCookies->handle()
#30 C:\\Users\\hask777\\Desktop\\projects\\PHP\\laravel10-api-passport\\vendor\\laravel\\framework\\src\\Illuminate\\Pipeline\\Pipeline.php(119): Illuminate\\Pipeline\\Pipeline->Illuminate\\Pipeline\\{closure}()
#31 C:\\Users\\hask777\\Desktop\\projects\\PHP\\laravel10-api-passport\\vendor\\laravel\\framework\\src\\Illuminate\\Routing\\Router.php(805): Illuminate\\Pipeline\\Pipeline->then()
#32 C:\\Users\\hask777\\Desktop\\projects\\PHP\\laravel10-api-passport\\vendor\\laravel\\framework\\src\\Illuminate\\Routing\\Router.php(784): Illuminate\\Routing\\Router->runRouteWithinStack()
#33 C:\\Users\\hask777\\Desktop\\projects\\PHP\\laravel10-api-passport\\vendor\\laravel\\framework\\src\\Illuminate\\Routing\\Router.php(748): Illuminate\\Routing\\Router->runRoute()
#34 C:\\Users\\hask777\\Desktop\\projects\\PHP\\laravel10-api-passport\\vendor\\laravel\\framework\\src\\Illuminate\\Routing\\Router.php(737): Illuminate\\Routing\\Router->dispatchToRoute()
#35 C:\\Users\\hask777\\Desktop\\projects\\PHP\\laravel10-api-passport\\vendor\\laravel\\framework\\src\\Illuminate\\Foundation\\Http\\Kernel.php(200): Illuminate\\Routing\\Router->dispatch()
#36 C:\\Users\\hask777\\Desktop\\projects\\PHP\\laravel10-api-passport\\vendor\\laravel\\framework\\src\\Illuminate\\Pipeline\\Pipeline.php(144): Illuminate\\Foundation\\Http\\Kernel->Illuminate\\Foundation\\Http\\{closure}()
#37 C:\\Users\\hask777\\Desktop\\projects\\PHP\\laravel10-api-passport\\vendor\\laravel\\framework\\src\\Illuminate\\Foundation\\Http\\Middleware\\TransformsRequest.php(21): Illuminate\\Pipeline\\Pipeline->Illuminate\\Pipeline\\{closure}()
#38 C:\\Users\\hask777\\Desktop\\projects\\PHP\\laravel10-api-passport\\vendor\\laravel\\framework\\src\\Illuminate\\Foundation\\Http\\Middleware\\ConvertEmptyStringsToNull.php(31): Illuminate\\Foundation\\Http\\Middleware\\TransformsRequest->handle()
#39 C:\\Users\\hask777\\Desktop\\projects\\PHP\\laravel10-api-passport\\vendor\\laravel\\framework\\src\\Illuminate\\Pipeline\\Pipeline.php(183): Illuminate\\Foundation\\Http\\Middleware\\ConvertEmptyStringsToNull->handle()
#40 C:\\Users\\hask777\\Desktop\\projects\\PHP\\laravel10-api-passport\\vendor\\laravel\\framework\\src\\Illuminate\\Foundation\\Http\\Middleware\\TransformsRequest.php(21): Illuminate\\Pipeline\\Pipeline->Illuminate\\Pipeline\\{closure}()
#41 C:\\Users\\hask777\\Desktop\\projects\\PHP\\laravel10-api-passport\\vendor\\laravel\\framework\\src\\Illuminate\\Foundation\\Http\\Middleware\\TrimStrings.php(40): Illuminate\\Foundation\\Http\\Middleware\\TransformsRequest->handle()
#42 C:\\Users\\hask777\\Desktop\\projects\\PHP\\laravel10-api-passport\\vendor\\laravel\\framework\\src\\Illuminate\\Pipeline\\Pipeline.php(183): Illuminate\\Foundation\\Http\\Middleware\\TrimStrings->handle()
#43 C:\\Users\\hask777\\Desktop\\projects\\PHP\\laravel10-api-passport\\vendor\\laravel\\framework\\src\\Illuminate\\Foundation\\Http\\Middleware\\ValidatePostSize.php(27): Illuminate\\Pipeline\\Pipeline->Illuminate\\Pipeline\\{closure}()
#44 C:\\Users\\hask777\\Desktop\\projects\\PHP\\laravel10-api-passport\\vendor\\laravel\\framework\\src\\Illuminate\\Pipeline\\Pipeline.php(183): Illuminate\\Foundation\\Http\\Middleware\\ValidatePostSize->handle()
#45 C:\\Users\\hask777\\Desktop\\projects\\PHP\\laravel10-api-passport\\vendor\\laravel\\framework\\src\\Illuminate\\Foundation\\Http\\Middleware\\PreventRequestsDuringMaintenance.php(99): Illuminate\\Pipeline\\Pipeline->Illuminate\\Pipeline\\{closure}()
#46 C:\\Users\\hask777\\Desktop\\projects\\PHP\\laravel10-api-passport\\vendor\\laravel\\framework\\src\\Illuminate\\Pipeline\\Pipeline.php(183): Illuminate\\Foundation\\Http\\Middleware\\PreventRequestsDuringMaintenance->handle()
#47 C:\\Users\\hask777\\Desktop\\projects\\PHP\\laravel10-api-passport\\vendor\\laravel\\framework\\src\\Illuminate\\Http\\Middleware\\HandleCors.php(49): Illuminate\\Pipeline\\Pipeline->Illuminate\\Pipeline\\{closure}()
#48 C:\\Users\\hask777\\Desktop\\projects\\PHP\\laravel10-api-passport\\vendor\\laravel\\framework\\src\\Illuminate\\Pipeline\\Pipeline.php(183): Illuminate\\Http\\Middleware\\HandleCors->handle()
#49 C:\\Users\\hask777\\Desktop\\projects\\PHP\\laravel10-api-passport\\vendor\\laravel\\framework\\src\\Illuminate\\Http\\Middleware\\TrustProxies.php(39): Illuminate\\Pipeline\\Pipeline->Illuminate\\Pipeline\\{closure}()
#50 C:\\Users\\hask777\\Desktop\\projects\\PHP\\laravel10-api-passport\\vendor\\laravel\\framework\\src\\Illuminate\\Pipeline\\Pipeline.php(183): Illuminate\\Http\\Middleware\\TrustProxies->handle()
#51 C:\\Users\\hask777\\Desktop\\projects\\PHP\\laravel10-api-passport\\vendor\\laravel\\framework\\src\\Illuminate\\Pipeline\\Pipeline.php(119): Illuminate\\Pipeline\\Pipeline->Illuminate\\Pipeline\\{closure}()
#52 C:\\Users\\hask777\\Desktop\\projects\\PHP\\laravel10-api-passport\\vendor\\laravel\\framework\\src\\Illuminate\\Foundation\\Http\\Kernel.php(175): Illuminate\\Pipeline\\Pipeline->then()
#53 C:\\Users\\hask777\\Desktop\\projects\\PHP\\laravel10-api-passport\\vendor\\laravel\\framework\\src\\Illuminate\\Foundation\\Http\\Kernel.php(144): Illuminate\\Foundation\\Http\\Kernel->sendRequestThroughRouter()
#54 C:\\Users\\hask777\\Desktop\\projects\\PHP\\laravel10-api-passport\\public\\index.php(51): Illuminate\\Foundation\\Http\\Kernel->handle()
#55 C:\\Users\\hask777\\Desktop\\projects\\PHP\\laravel10-api-passport\\vendor\\laravel\\framework\\src\\Illuminate\\Foundation\\resources\\server.php(16): require_once('...')
#56 {main}
"} 
[2025-03-17 10:38:08] local.ERROR: SQLSTATE[23000]: Integrity constraint violation: 1062 Duplicate entry 'haskellisp2@gmail.com' for key 'users.users_email_unique' (Connection: mysql, SQL: update `users` set `firstname` = Manger ivan 2 up, `lastname` = Manager kidvan up, `email` = haskellisp2@gmail.com, `phone` = +375259995643, `password` = $2y$10$hLaU7rWg94n4Rt54TNyJVuam5zg3hxGkQAQKNMch95duBNUbgWKtW, `users`.`updated_at` = 2025-03-17 10:38:08 where `id` = 3) {"userId":1,"exception":"[object] (Illuminate\\Database\\UniqueConstraintViolationException(code: 23000): SQLSTATE[23000]: Integrity constraint violation: 1062 Duplicate entry 'haskellisp2@gmail.com' for key 'users.users_email_unique' (Connection: mysql, SQL: update `users` set `firstname` = Manger ivan 2 up, `lastname` = Manager kidvan up, `email` = haskellisp2@gmail.com, `phone` = +375259995643, `password` = $2y$10$hLaU7rWg94n4Rt54TNyJVuam5zg3hxGkQAQKNMch95duBNUbgWKtW, `users`.`updated_at` = 2025-03-17 10:38:08 where `id` = 3) at C:\\Users\\hask777\\Desktop\\projects\\PHP\\laravel10-api-passport\\vendor\\laravel\\framework\\src\\Illuminate\\Database\\Connection.php:824)
[stacktrace]
#0 C:\\Users\\hask777\\Desktop\\projects\\PHP\\laravel10-api-passport\\vendor\\laravel\\framework\\src\\Illuminate\\Database\\Connection.php(783): Illuminate\\Database\\Connection->runQueryCallback()
#1 C:\\Users\\hask777\\Desktop\\projects\\PHP\\laravel10-api-passport\\vendor\\laravel\\framework\\src\\Illuminate\\Database\\Connection.php(600): Illuminate\\Database\\Connection->run()
#2 C:\\Users\\hask777\\Desktop\\projects\\PHP\\laravel10-api-passport\\vendor\\laravel\\framework\\src\\Illuminate\\Database\\Connection.php(552): Illuminate\\Database\\Connection->affectingStatement()
#3 C:\\Users\\hask777\\Desktop\\projects\\PHP\\laravel10-api-passport\\vendor\\laravel\\framework\\src\\Illuminate\\Database\\Query\\Builder.php(3602): Illuminate\\Database\\Connection->update()
#4 C:\\Users\\hask777\\Desktop\\projects\\PHP\\laravel10-api-passport\\vendor\\laravel\\framework\\src\\Illuminate\\Database\\Eloquent\\Builder.php(1061): Illuminate\\Database\\Query\\Builder->update()
#5 C:\\Users\\hask777\\Desktop\\projects\\PHP\\laravel10-api-passport\\vendor\\laravel\\framework\\src\\Illuminate\\Database\\Eloquent\\Model.php(1214): Illuminate\\Database\\Eloquent\\Builder->update()
#6 C:\\Users\\hask777\\Desktop\\projects\\PHP\\laravel10-api-passport\\vendor\\laravel\\framework\\src\\Illuminate\\Database\\Eloquent\\Model.php(1131): Illuminate\\Database\\Eloquent\\Model->performUpdate()
#7 C:\\Users\\hask777\\Desktop\\projects\\PHP\\laravel10-api-passport\\app\\Modules\\Admin\\User\\Services\\UserServise.php(36): Illuminate\\Database\\Eloquent\\Model->save()
#8 C:\\Users\\hask777\\Desktop\\projects\\PHP\\laravel10-api-passport\\app\\Modules\\Admin\\User\\Controllers\\Api\\UserController.php(95): App\\Modules\\Admin\\User\\Services\\UserServise->save()
#9 C:\\Users\\hask777\\Desktop\\projects\\PHP\\laravel10-api-passport\\vendor\\laravel\\framework\\src\\Illuminate\\Routing\\Controller.php(54): App\\Modules\\Admin\\User\\Controllers\\Api\\UserController->update()
#10 C:\\Users\\hask777\\Desktop\\projects\\PHP\\laravel10-api-passport\\vendor\\laravel\\framework\\src\\Illuminate\\Routing\\ControllerDispatcher.php(43): Illuminate\\Routing\\Controller->callAction()
#11 C:\\Users\\hask777\\Desktop\\projects\\PHP\\laravel10-api-passport\\vendor\\laravel\\framework\\src\\Illuminate\\Routing\\Route.php(259): Illuminate\\Routing\\ControllerDispatcher->dispatch()
#12 C:\\Users\\hask777\\Desktop\\projects\\PHP\\laravel10-api-passport\\vendor\\laravel\\framework\\src\\Illuminate\\Routing\\Route.php(205): Illuminate\\Routing\\Route->runController()
#13 C:\\Users\\hask777\\Desktop\\projects\\PHP\\laravel10-api-passport\\vendor\\laravel\\framework\\src\\Illuminate\\Routing\\Router.php(806): Illuminate\\Routing\\Route->run()
#14 C:\\Users\\hask777\\Desktop\\projects\\PHP\\laravel10-api-passport\\vendor\\laravel\\framework\\src\\Illuminate\\Pipeline\\Pipeline.php(144): Illuminate\\Routing\\Router->Illuminate\\Routing\\{closure}()
#15 C:\\Users\\hask777\\Desktop\\projects\\PHP\\laravel10-api-passport\\vendor\\laravel\\framework\\src\\Illuminate\\Routing\\Middleware\\SubstituteBindings.php(50): Illuminate\\Pipeline\\Pipeline->Illuminate\\Pipeline\\{closure}()
#16 C:\\Users\\hask777\\Desktop\\projects\\PHP\\laravel10-api-passport\\vendor\\laravel\\framework\\src\\Illuminate\\Pipeline\\Pipeline.php(183): Illuminate\\Routing\\Middleware\\SubstituteBindings->handle()
#17 C:\\Users\\hask777\\Desktop\\projects\\PHP\\laravel10-api-passport\\vendor\\laravel\\framework\\src\\Illuminate\\Routing\\Middleware\\ThrottleRequests.php(159): Illuminate\\Pipeline\\Pipeline->Illuminate\\Pipeline\\{closure}()
#18 C:\\Users\\hask777\\Desktop\\projects\\PHP\\laravel10-api-passport\\vendor\\laravel\\framework\\src\\Illuminate\\Routing\\Middleware\\ThrottleRequests.php(125): Illuminate\\Routing\\Middleware\\ThrottleRequests->handleRequest()
#19 C:\\Users\\hask777\\Desktop\\projects\\PHP\\laravel10-api-passport\\vendor\\laravel\\framework\\src\\Illuminate\\Routing\\Middleware\\ThrottleRequests.php(87): Illuminate\\Routing\\Middleware\\ThrottleRequests->handleRequestUsingNamedLimiter()
#20 C:\\Users\\hask777\\Desktop\\projects\\PHP\\laravel10-api-passport\\vendor\\laravel\\framework\\src\\Illuminate\\Pipeline\\Pipeline.php(183): Illuminate\\Routing\\Middleware\\ThrottleRequests->handle()
#21 C:\\Users\\hask777\\Desktop\\projects\\PHP\\laravel10-api-passport\\vendor\\laravel\\framework\\src\\Illuminate\\Auth\\Middleware\\Authenticate.php(57): Illuminate\\Pipeline\\Pipeline->Illuminate\\Pipeline\\{closure}()
#22 C:\\Users\\hask777\\Desktop\\projects\\PHP\\laravel10-api-passport\\vendor\\laravel\\framework\\src\\Illuminate\\Pipeline\\Pipeline.php(183): Illuminate\\Auth\\Middleware\\Authenticate->handle()
#23 C:\\Users\\hask777\\Desktop\\projects\\PHP\\laravel10-api-passport\\vendor\\laravel\\framework\\src\\Illuminate\\Pipeline\\Pipeline.php(119): Illuminate\\Pipeline\\Pipeline->Illuminate\\Pipeline\\{closure}()
#24 C:\\Users\\hask777\\Desktop\\projects\\PHP\\laravel10-api-passport\\vendor\\laravel\\framework\\src\\Illuminate\\Routing\\Router.php(805): Illuminate\\Pipeline\\Pipeline->then()
#25 C:\\Users\\hask777\\Desktop\\projects\\PHP\\laravel10-api-passport\\vendor\\laravel\\framework\\src\\Illuminate\\Routing\\Router.php(784): Illuminate\\Routing\\Router->runRouteWithinStack()
#26 C:\\Users\\hask777\\Desktop\\projects\\PHP\\laravel10-api-passport\\vendor\\laravel\\framework\\src\\Illuminate\\Routing\\Router.php(748): Illuminate\\Routing\\Router->runRoute()
#27 C:\\Users\\hask777\\Desktop\\projects\\PHP\\laravel10-api-passport\\vendor\\laravel\\framework\\src\\Illuminate\\Routing\\Router.php(737): Illuminate\\Routing\\Router->dispatchToRoute()
#28 C:\\Users\\hask777\\Desktop\\projects\\PHP\\laravel10-api-passport\\vendor\\laravel\\framework\\src\\Illuminate\\Foundation\\Http\\Kernel.php(200): Illuminate\\Routing\\Router->dispatch()
#29 C:\\Users\\hask777\\Desktop\\projects\\PHP\\laravel10-api-passport\\vendor\\laravel\\framework\\src\\Illuminate\\Pipeline\\Pipeline.php(144): Illuminate\\Foundation\\Http\\Kernel->Illuminate\\Foundation\\Http\\{closure}()
#30 C:\\Users\\hask777\\Desktop\\projects\\PHP\\laravel10-api-passport\\vendor\\laravel\\framework\\src\\Illuminate\\Foundation\\Http\\Middleware\\TransformsRequest.php(21): Illuminate\\Pipeline\\Pipeline->Illuminate\\Pipeline\\{closure}()
#31 C:\\Users\\hask777\\Desktop\\projects\\PHP\\laravel10-api-passport\\vendor\\laravel\\framework\\src\\Illuminate\\Foundation\\Http\\Middleware\\ConvertEmptyStringsToNull.php(31): Illuminate\\Foundation\\Http\\Middleware\\TransformsRequest->handle()
#32 C:\\Users\\hask777\\Desktop\\projects\\PHP\\laravel10-api-passport\\vendor\\laravel\\framework\\src\\Illuminate\\Pipeline\\Pipeline.php(183): Illuminate\\Foundation\\Http\\Middleware\\ConvertEmptyStringsToNull->handle()
#33 C:\\Users\\hask777\\Desktop\\projects\\PHP\\laravel10-api-passport\\vendor\\laravel\\framework\\src\\Illuminate\\Foundation\\Http\\Middleware\\TransformsRequest.php(21): Illuminate\\Pipeline\\Pipeline->Illuminate\\Pipeline\\{closure}()
#34 C:\\Users\\hask777\\Desktop\\projects\\PHP\\laravel10-api-passport\\vendor\\laravel\\framework\\src\\Illuminate\\Foundation\\Http\\Middleware\\TrimStrings.php(40): Illuminate\\Foundation\\Http\\Middleware\\TransformsRequest->handle()
#35 C:\\Users\\hask777\\Desktop\\projects\\PHP\\laravel10-api-passport\\vendor\\laravel\\framework\\src\\Illuminate\\Pipeline\\Pipeline.php(183): Illuminate\\Foundation\\Http\\Middleware\\TrimStrings->handle()
#36 C:\\Users\\hask777\\Desktop\\projects\\PHP\\laravel10-api-passport\\vendor\\laravel\\framework\\src\\Illuminate\\Foundation\\Http\\Middleware\\ValidatePostSize.php(27): Illuminate\\Pipeline\\Pipeline->Illuminate\\Pipeline\\{closure}()
#37 C:\\Users\\hask777\\Desktop\\projects\\PHP\\laravel10-api-passport\\vendor\\laravel\\framework\\src\\Illuminate\\Pipeline\\Pipeline.php(183): Illuminate\\Foundation\\Http\\Middleware\\ValidatePostSize->handle()
#38 C:\\Users\\hask777\\Desktop\\projects\\PHP\\laravel10-api-passport\\vendor\\laravel\\framework\\src\\Illuminate\\Foundation\\Http\\Middleware\\PreventRequestsDuringMaintenance.php(99): Illuminate\\Pipeline\\Pipeline->Illuminate\\Pipeline\\{closure}()
#39 C:\\Users\\hask777\\Desktop\\projects\\PHP\\laravel10-api-passport\\vendor\\laravel\\framework\\src\\Illuminate\\Pipeline\\Pipeline.php(183): Illuminate\\Foundation\\Http\\Middleware\\PreventRequestsDuringMaintenance->handle()
#40 C:\\Users\\hask777\\Desktop\\projects\\PHP\\laravel10-api-passport\\vendor\\laravel\\framework\\src\\Illuminate\\Http\\Middleware\\HandleCors.php(62): Illuminate\\Pipeline\\Pipeline->Illuminate\\Pipeline\\{closure}()
#41 C:\\Users\\hask777\\Desktop\\projects\\PHP\\laravel10-api-passport\\vendor\\laravel\\framework\\src\\Illuminate\\Pipeline\\Pipeline.php(183): Illuminate\\Http\\Middleware\\HandleCors->handle()
#42 C:\\Users\\hask777\\Desktop\\projects\\PHP\\laravel10-api-passport\\vendor\\laravel\\framework\\src\\Illuminate\\Http\\Middleware\\TrustProxies.php(39): Illuminate\\Pipeline\\Pipeline->Illuminate\\Pipeline\\{closure}()
#43 C:\\Users\\hask777\\Desktop\\projects\\PHP\\laravel10-api-passport\\vendor\\laravel\\framework\\src\\Illuminate\\Pipeline\\Pipeline.php(183): Illuminate\\Http\\Middleware\\TrustProxies->handle()
#44 C:\\Users\\hask777\\Desktop\\projects\\PHP\\laravel10-api-passport\\vendor\\laravel\\framework\\src\\Illuminate\\Pipeline\\Pipeline.php(119): Illuminate\\Pipeline\\Pipeline->Illuminate\\Pipeline\\{closure}()
#45 C:\\Users\\hask777\\Desktop\\projects\\PHP\\laravel10-api-passport\\vendor\\laravel\\framework\\src\\Illuminate\\Foundation\\Http\\Kernel.php(175): Illuminate\\Pipeline\\Pipeline->then()
#46 C:\\Users\\hask777\\Desktop\\projects\\PHP\\laravel10-api-passport\\vendor\\laravel\\framework\\src\\Illuminate\\Foundation\\Http\\Kernel.php(144): Illuminate\\Foundation\\Http\\Kernel->sendRequestThroughRouter()
#47 C:\\Users\\hask777\\Desktop\\projects\\PHP\\laravel10-api-passport\\public\\index.php(51): Illuminate\\Foundation\\Http\\Kernel->handle()
#48 C:\\Users\\hask777\\Desktop\\projects\\PHP\\laravel10-api-passport\\vendor\\laravel\\framework\\src\\Illuminate\\Foundation\\resources\\server.php(16): require_once('...')
#49 {main}

[previous exception] [object] (PDOException(code: 23000): SQLSTATE[23000]: Integrity constraint violation: 1062 Duplicate entry 'haskellisp2@gmail.com' for key 'users.users_email_unique' at C:\\Users\\hask777\\Desktop\\projects\\PHP\\laravel10-api-passport\\vendor\\laravel\\framework\\src\\Illuminate\\Database\\Connection.php:612)
[stacktrace]
#0 C:\\Users\\hask777\\Desktop\\projects\\PHP\\laravel10-api-passport\\vendor\\laravel\\framework\\src\\Illuminate\\Database\\Connection.php(612): PDOStatement->execute()
#1 C:\\Users\\hask777\\Desktop\\projects\\PHP\\laravel10-api-passport\\vendor\\laravel\\framework\\src\\Illuminate\\Database\\Connection.php(816): Illuminate\\Database\\Connection->Illuminate\\Database\\{closure}()
#2 C:\\Users\\hask777\\Desktop\\projects\\PHP\\laravel10-api-passport\\vendor\\laravel\\framework\\src\\Illuminate\\Database\\Connection.php(783): Illuminate\\Database\\Connection->runQueryCallback()
#3 C:\\Users\\hask777\\Desktop\\projects\\PHP\\laravel10-api-passport\\vendor\\laravel\\framework\\src\\Illuminate\\Database\\Connection.php(600): Illuminate\\Database\\Connection->run()
#4 C:\\Users\\hask777\\Desktop\\projects\\PHP\\laravel10-api-passport\\vendor\\laravel\\framework\\src\\Illuminate\\Database\\Connection.php(552): Illuminate\\Database\\Connection->affectingStatement()
#5 C:\\Users\\hask777\\Desktop\\projects\\PHP\\laravel10-api-passport\\vendor\\laravel\\framework\\src\\Illuminate\\Database\\Query\\Builder.php(3602): Illuminate\\Database\\Connection->update()
#6 C:\\Users\\hask777\\Desktop\\projects\\PHP\\laravel10-api-passport\\vendor\\laravel\\framework\\src\\Illuminate\\Database\\Eloquent\\Builder.php(1061): Illuminate\\Database\\Query\\Builder->update()
#7 C:\\Users\\hask777\\Desktop\\projects\\PHP\\laravel10-api-passport\\vendor\\laravel\\framework\\src\\Illuminate\\Database\\Eloquent\\Model.php(1214): Illuminate\\Database\\Eloquent\\Builder->update()
#8 C:\\Users\\hask777\\Desktop\\projects\\PHP\\laravel10-api-passport\\vendor\\laravel\\framework\\src\\Illuminate\\Database\\Eloquent\\Model.php(1131): Illuminate\\Database\\Eloquent\\Model->performUpdate()
#9 C:\\Users\\hask777\\Desktop\\projects\\PHP\\laravel10-api-passport\\app\\Modules\\Admin\\User\\Services\\UserServise.php(36): Illuminate\\Database\\Eloquent\\Model->save()
#10 C:\\Users\\hask777\\Desktop\\projects\\PHP\\laravel10-api-passport\\app\\Modules\\Admin\\User\\Controllers\\Api\\UserController.php(95): App\\Modules\\Admin\\User\\Services\\UserServise->save()
#11 C:\\Users\\hask777\\Desktop\\projects\\PHP\\laravel10-api-passport\\vendor\\laravel\\framework\\src\\Illuminate\\Routing\\Controller.php(54): App\\Modules\\Admin\\User\\Controllers\\Api\\UserController->update()
#12 C:\\Users\\hask777\\Desktop\\projects\\PHP\\laravel10-api-passport\\vendor\\laravel\\framework\\src\\Illuminate\\Routing\\ControllerDispatcher.php(43): Illuminate\\Routing\\Controller->callAction()
#13 C:\\Users\\hask777\\Desktop\\projects\\PHP\\laravel10-api-passport\\vendor\\laravel\\framework\\src\\Illuminate\\Routing\\Route.php(259): Illuminate\\Routing\\ControllerDispatcher->dispatch()
#14 C:\\Users\\hask777\\Desktop\\projects\\PHP\\laravel10-api-passport\\vendor\\laravel\\framework\\src\\Illuminate\\Routing\\Route.php(205): Illuminate\\Routing\\Route->runController()
#15 C:\\Users\\hask777\\Desktop\\projects\\PHP\\laravel10-api-passport\\vendor\\laravel\\framework\\src\\Illuminate\\Routing\\Router.php(806): Illuminate\\Routing\\Route->run()
#16 C:\\Users\\hask777\\Desktop\\projects\\PHP\\laravel10-api-passport\\vendor\\laravel\\framework\\src\\Illuminate\\Pipeline\\Pipeline.php(144): Illuminate\\Routing\\Router->Illuminate\\Routing\\{closure}()
#17 C:\\Users\\hask777\\Desktop\\projects\\PHP\\laravel10-api-passport\\vendor\\laravel\\framework\\src\\Illuminate\\Routing\\Middleware\\SubstituteBindings.php(50): Illuminate\\Pipeline\\Pipeline->Illuminate\\Pipeline\\{closure}()
#18 C:\\Users\\hask777\\Desktop\\projects\\PHP\\laravel10-api-passport\\vendor\\laravel\\framework\\src\\Illuminate\\Pipeline\\Pipeline.php(183): Illuminate\\Routing\\Middleware\\SubstituteBindings->handle()
#19 C:\\Users\\hask777\\Desktop\\projects\\PHP\\laravel10-api-passport\\vendor\\laravel\\framework\\src\\Illuminate\\Routing\\Middleware\\ThrottleRequests.php(159): Illuminate\\Pipeline\\Pipeline->Illuminate\\Pipeline\\{closure}()
#20 C:\\Users\\hask777\\Desktop\\projects\\PHP\\laravel10-api-passport\\vendor\\laravel\\framework\\src\\Illuminate\\Routing\\Middleware\\ThrottleRequests.php(125): Illuminate\\Routing\\Middleware\\ThrottleRequests->handleRequest()
#21 C:\\Users\\hask777\\Desktop\\projects\\PHP\\laravel10-api-passport\\vendor\\laravel\\framework\\src\\Illuminate\\Routing\\Middleware\\ThrottleRequests.php(87): Illuminate\\Routing\\Middleware\\ThrottleRequests->handleRequestUsingNamedLimiter()
#22 C:\\Users\\hask777\\Desktop\\projects\\PHP\\laravel10-api-passport\\vendor\\laravel\\framework\\src\\Illuminate\\Pipeline\\Pipeline.php(183): Illuminate\\Routing\\Middleware\\ThrottleRequests->handle()
#23 C:\\Users\\hask777\\Desktop\\projects\\PHP\\laravel10-api-passport\\vendor\\laravel\\framework\\src\\Illuminate\\Auth\\Middleware\\Authenticate.php(57): Illuminate\\Pipeline\\Pipeline->Illuminate\\Pipeline\\{closure}()
#24 C:\\Users\\hask777\\Desktop\\projects\\PHP\\laravel10-api-passport\\vendor\\laravel\\framework\\src\\Illuminate\\Pipeline\\Pipeline.php(183): Illuminate\\Auth\\Middleware\\Authenticate->handle()
#25 C:\\Users\\hask777\\Desktop\\projects\\PHP\\laravel10-api-passport\\vendor\\laravel\\framework\\src\\Illuminate\\Pipeline\\Pipeline.php(119): Illuminate\\Pipeline\\Pipeline->Illuminate\\Pipeline\\{closure}()
#26 C:\\Users\\hask777\\Desktop\\projects\\PHP\\laravel10-api-passport\\vendor\\laravel\\framework\\src\\Illuminate\\Routing\\Router.php(805): Illuminate\\Pipeline\\Pipeline->then()
#27 C:\\Users\\hask777\\Desktop\\projects\\PHP\\laravel10-api-passport\\vendor\\laravel\\framework\\src\\Illuminate\\Routing\\Router.php(784): Illuminate\\Routing\\Router->runRouteWithinStack()
#28 C:\\Users\\hask777\\Desktop\\projects\\PHP\\laravel10-api-passport\\vendor\\laravel\\framework\\src\\Illuminate\\Routing\\Router.php(748): Illuminate\\Routing\\Router->runRoute()
#29 C:\\Users\\hask777\\Desktop\\projects\\PHP\\laravel10-api-passport\\vendor\\laravel\\framework\\src\\Illuminate\\Routing\\Router.php(737): Illuminate\\Routing\\Router->dispatchToRoute()
#30 C:\\Users\\hask777\\Desktop\\projects\\PHP\\laravel10-api-passport\\vendor\\laravel\\framework\\src\\Illuminate\\Foundation\\Http\\Kernel.php(200): Illuminate\\Routing\\Router->dispatch()
#31 C:\\Users\\hask777\\Desktop\\projects\\PHP\\laravel10-api-passport\\vendor\\laravel\\framework\\src\\Illuminate\\Pipeline\\Pipeline.php(144): Illuminate\\Foundation\\Http\\Kernel->Illuminate\\Foundation\\Http\\{closure}()
#32 C:\\Users\\hask777\\Desktop\\projects\\PHP\\laravel10-api-passport\\vendor\\laravel\\framework\\src\\Illuminate\\Foundation\\Http\\Middleware\\TransformsRequest.php(21): Illuminate\\Pipeline\\Pipeline->Illuminate\\Pipeline\\{closure}()
#33 C:\\Users\\hask777\\Desktop\\projects\\PHP\\laravel10-api-passport\\vendor\\laravel\\framework\\src\\Illuminate\\Foundation\\Http\\Middleware\\ConvertEmptyStringsToNull.php(31): Illuminate\\Foundation\\Http\\Middleware\\TransformsRequest->handle()
#34 C:\\Users\\hask777\\Desktop\\projects\\PHP\\laravel10-api-passport\\vendor\\laravel\\framework\\src\\Illuminate\\Pipeline\\Pipeline.php(183): Illuminate\\Foundation\\Http\\Middleware\\ConvertEmptyStringsToNull->handle()
#35 C:\\Users\\hask777\\Desktop\\projects\\PHP\\laravel10-api-passport\\vendor\\laravel\\framework\\src\\Illuminate\\Foundation\\Http\\Middleware\\TransformsRequest.php(21): Illuminate\\Pipeline\\Pipeline->Illuminate\\Pipeline\\{closure}()
#36 C:\\Users\\hask777\\Desktop\\projects\\PHP\\laravel10-api-passport\\vendor\\laravel\\framework\\src\\Illuminate\\Foundation\\Http\\Middleware\\TrimStrings.php(40): Illuminate\\Foundation\\Http\\Middleware\\TransformsRequest->handle()
#37 C:\\Users\\hask777\\Desktop\\projects\\PHP\\laravel10-api-passport\\vendor\\laravel\\framework\\src\\Illuminate\\Pipeline\\Pipeline.php(183): Illuminate\\Foundation\\Http\\Middleware\\TrimStrings->handle()
#38 C:\\Users\\hask777\\Desktop\\projects\\PHP\\laravel10-api-passport\\vendor\\laravel\\framework\\src\\Illuminate\\Foundation\\Http\\Middleware\\ValidatePostSize.php(27): Illuminate\\Pipeline\\Pipeline->Illuminate\\Pipeline\\{closure}()
#39 C:\\Users\\hask777\\Desktop\\projects\\PHP\\laravel10-api-passport\\vendor\\laravel\\framework\\src\\Illuminate\\Pipeline\\Pipeline.php(183): Illuminate\\Foundation\\Http\\Middleware\\ValidatePostSize->handle()
#40 C:\\Users\\hask777\\Desktop\\projects\\PHP\\laravel10-api-passport\\vendor\\laravel\\framework\\src\\Illuminate\\Foundation\\Http\\Middleware\\PreventRequestsDuringMaintenance.php(99): Illuminate\\Pipeline\\Pipeline->Illuminate\\Pipeline\\{closure}()
#41 C:\\Users\\hask777\\Desktop\\projects\\PHP\\laravel10-api-passport\\vendor\\laravel\\framework\\src\\Illuminate\\Pipeline\\Pipeline.php(183): Illuminate\\Foundation\\Http\\Middleware\\PreventRequestsDuringMaintenance->handle()
#42 C:\\Users\\hask777\\Desktop\\projects\\PHP\\laravel10-api-passport\\vendor\\laravel\\framework\\src\\Illuminate\\Http\\Middleware\\HandleCors.php(62): Illuminate\\Pipeline\\Pipeline->Illuminate\\Pipeline\\{closure}()
#43 C:\\Users\\hask777\\Desktop\\projects\\PHP\\laravel10-api-passport\\vendor\\laravel\\framework\\src\\Illuminate\\Pipeline\\Pipeline.php(183): Illuminate\\Http\\Middleware\\HandleCors->handle()
#44 C:\\Users\\hask777\\Desktop\\projects\\PHP\\laravel10-api-passport\\vendor\\laravel\\framework\\src\\Illuminate\\Http\\Middleware\\TrustProxies.php(39): Illuminate\\Pipeline\\Pipeline->Illuminate\\Pipeline\\{closure}()
#45 C:\\Users\\hask777\\Desktop\\projects\\PHP\\laravel10-api-passport\\vendor\\laravel\\framework\\src\\Illuminate\\Pipeline\\Pipeline.php(183): Illuminate\\Http\\Middleware\\TrustProxies->handle()
#46 C:\\Users\\hask777\\Desktop\\projects\\PHP\\laravel10-api-passport\\vendor\\laravel\\framework\\src\\Illuminate\\Pipeline\\Pipeline.php(119): Illuminate\\Pipeline\\Pipeline->Illuminate\\Pipeline\\{closure}()
#47 C:\\Users\\hask777\\Desktop\\projects\\PHP\\laravel10-api-passport\\vendor\\laravel\\framework\\src\\Illuminate\\Foundation\\Http\\Kernel.php(175): Illuminate\\Pipeline\\Pipeline->then()
#48 C:\\Users\\hask777\\Desktop\\projects\\PHP\\laravel10-api-passport\\vendor\\laravel\\framework\\src\\Illuminate\\Foundation\\Http\\Kernel.php(144): Illuminate\\Foundation\\Http\\Kernel->sendRequestThroughRouter()
#49 C:\\Users\\hask777\\Desktop\\projects\\PHP\\laravel10-api-passport\\public\\index.php(51): Illuminate\\Foundation\\Http\\Kernel->handle()
#50 C:\\Users\\hask777\\Desktop\\projects\\PHP\\laravel10-api-passport\\vendor\\laravel\\framework\\src\\Illuminate\\Foundation\\resources\\server.php(16): require_once('...')
#51 {main}
"} 
[2025-03-17 10:38:50] local.ERROR: SQLSTATE[23000]: Integrity constraint violation: 1062 Duplicate entry 'haskellisp2@gmail.com' for key 'users.users_email_unique' (Connection: mysql, SQL: update `users` set `firstname` = Manger ivan 2 up, `lastname` = Manager kidvan up, `email` = haskellisp2@gmail.com, `phone` = +375259995643, `password` = $2y$10$6knQggZm7zTFst9G7l49NuoMZzW4/8AIumT6A6VtI6aDHd9HfK5Si, `users`.`updated_at` = 2025-03-17 10:38:50 where `id` = 3) {"userId":1,"exception":"[object] (Illuminate\\Database\\UniqueConstraintViolationException(code: 23000): SQLSTATE[23000]: Integrity constraint violation: 1062 Duplicate entry 'haskellisp2@gmail.com' for key 'users.users_email_unique' (Connection: mysql, SQL: update `users` set `firstname` = Manger ivan 2 up, `lastname` = Manager kidvan up, `email` = haskellisp2@gmail.com, `phone` = +375259995643, `password` = $2y$10$6knQggZm7zTFst9G7l49NuoMZzW4/8AIumT6A6VtI6aDHd9HfK5Si, `users`.`updated_at` = 2025-03-17 10:38:50 where `id` = 3) at C:\\Users\\hask777\\Desktop\\projects\\PHP\\laravel10-api-passport\\vendor\\laravel\\framework\\src\\Illuminate\\Database\\Connection.php:824)
[stacktrace]
#0 C:\\Users\\hask777\\Desktop\\projects\\PHP\\laravel10-api-passport\\vendor\\laravel\\framework\\src\\Illuminate\\Database\\Connection.php(783): Illuminate\\Database\\Connection->runQueryCallback()
#1 C:\\Users\\hask777\\Desktop\\projects\\PHP\\laravel10-api-passport\\vendor\\laravel\\framework\\src\\Illuminate\\Database\\Connection.php(600): Illuminate\\Database\\Connection->run()
#2 C:\\Users\\hask777\\Desktop\\projects\\PHP\\laravel10-api-passport\\vendor\\laravel\\framework\\src\\Illuminate\\Database\\Connection.php(552): Illuminate\\Database\\Connection->affectingStatement()
#3 C:\\Users\\hask777\\Desktop\\projects\\PHP\\laravel10-api-passport\\vendor\\laravel\\framework\\src\\Illuminate\\Database\\Query\\Builder.php(3602): Illuminate\\Database\\Connection->update()
#4 C:\\Users\\hask777\\Desktop\\projects\\PHP\\laravel10-api-passport\\vendor\\laravel\\framework\\src\\Illuminate\\Database\\Eloquent\\Builder.php(1061): Illuminate\\Database\\Query\\Builder->update()
#5 C:\\Users\\hask777\\Desktop\\projects\\PHP\\laravel10-api-passport\\vendor\\laravel\\framework\\src\\Illuminate\\Database\\Eloquent\\Model.php(1214): Illuminate\\Database\\Eloquent\\Builder->update()
#6 C:\\Users\\hask777\\Desktop\\projects\\PHP\\laravel10-api-passport\\vendor\\laravel\\framework\\src\\Illuminate\\Database\\Eloquent\\Model.php(1131): Illuminate\\Database\\Eloquent\\Model->performUpdate()
#7 C:\\Users\\hask777\\Desktop\\projects\\PHP\\laravel10-api-passport\\app\\Modules\\Admin\\User\\Services\\UserServise.php(36): Illuminate\\Database\\Eloquent\\Model->save()
#8 C:\\Users\\hask777\\Desktop\\projects\\PHP\\laravel10-api-passport\\app\\Modules\\Admin\\User\\Controllers\\Api\\UserController.php(95): App\\Modules\\Admin\\User\\Services\\UserServise->save()
#9 C:\\Users\\hask777\\Desktop\\projects\\PHP\\laravel10-api-passport\\vendor\\laravel\\framework\\src\\Illuminate\\Routing\\Controller.php(54): App\\Modules\\Admin\\User\\Controllers\\Api\\UserController->update()
#10 C:\\Users\\hask777\\Desktop\\projects\\PHP\\laravel10-api-passport\\vendor\\laravel\\framework\\src\\Illuminate\\Routing\\ControllerDispatcher.php(43): Illuminate\\Routing\\Controller->callAction()
#11 C:\\Users\\hask777\\Desktop\\projects\\PHP\\laravel10-api-passport\\vendor\\laravel\\framework\\src\\Illuminate\\Routing\\Route.php(259): Illuminate\\Routing\\ControllerDispatcher->dispatch()
#12 C:\\Users\\hask777\\Desktop\\projects\\PHP\\laravel10-api-passport\\vendor\\laravel\\framework\\src\\Illuminate\\Routing\\Route.php(205): Illuminate\\Routing\\Route->runController()
#13 C:\\Users\\hask777\\Desktop\\projects\\PHP\\laravel10-api-passport\\vendor\\laravel\\framework\\src\\Illuminate\\Routing\\Router.php(806): Illuminate\\Routing\\Route->run()
#14 C:\\Users\\hask777\\Desktop\\projects\\PHP\\laravel10-api-passport\\vendor\\laravel\\framework\\src\\Illuminate\\Pipeline\\Pipeline.php(144): Illuminate\\Routing\\Router->Illuminate\\Routing\\{closure}()
#15 C:\\Users\\hask777\\Desktop\\projects\\PHP\\laravel10-api-passport\\vendor\\laravel\\framework\\src\\Illuminate\\Routing\\Middleware\\SubstituteBindings.php(50): Illuminate\\Pipeline\\Pipeline->Illuminate\\Pipeline\\{closure}()
#16 C:\\Users\\hask777\\Desktop\\projects\\PHP\\laravel10-api-passport\\vendor\\laravel\\framework\\src\\Illuminate\\Pipeline\\Pipeline.php(183): Illuminate\\Routing\\Middleware\\SubstituteBindings->handle()
#17 C:\\Users\\hask777\\Desktop\\projects\\PHP\\laravel10-api-passport\\vendor\\laravel\\framework\\src\\Illuminate\\Routing\\Middleware\\ThrottleRequests.php(159): Illuminate\\Pipeline\\Pipeline->Illuminate\\Pipeline\\{closure}()
#18 C:\\Users\\hask777\\Desktop\\projects\\PHP\\laravel10-api-passport\\vendor\\laravel\\framework\\src\\Illuminate\\Routing\\Middleware\\ThrottleRequests.php(125): Illuminate\\Routing\\Middleware\\ThrottleRequests->handleRequest()
#19 C:\\Users\\hask777\\Desktop\\projects\\PHP\\laravel10-api-passport\\vendor\\laravel\\framework\\src\\Illuminate\\Routing\\Middleware\\ThrottleRequests.php(87): Illuminate\\Routing\\Middleware\\ThrottleRequests->handleRequestUsingNamedLimiter()
#20 C:\\Users\\hask777\\Desktop\\projects\\PHP\\laravel10-api-passport\\vendor\\laravel\\framework\\src\\Illuminate\\Pipeline\\Pipeline.php(183): Illuminate\\Routing\\Middleware\\ThrottleRequests->handle()
#21 C:\\Users\\hask777\\Desktop\\projects\\PHP\\laravel10-api-passport\\vendor\\laravel\\framework\\src\\Illuminate\\Auth\\Middleware\\Authenticate.php(57): Illuminate\\Pipeline\\Pipeline->Illuminate\\Pipeline\\{closure}()
#22 C:\\Users\\hask777\\Desktop\\projects\\PHP\\laravel10-api-passport\\vendor\\laravel\\framework\\src\\Illuminate\\Pipeline\\Pipeline.php(183): Illuminate\\Auth\\Middleware\\Authenticate->handle()
#23 C:\\Users\\hask777\\Desktop\\projects\\PHP\\laravel10-api-passport\\vendor\\laravel\\framework\\src\\Illuminate\\Pipeline\\Pipeline.php(119): Illuminate\\Pipeline\\Pipeline->Illuminate\\Pipeline\\{closure}()
#24 C:\\Users\\hask777\\Desktop\\projects\\PHP\\laravel10-api-passport\\vendor\\laravel\\framework\\src\\Illuminate\\Routing\\Router.php(805): Illuminate\\Pipeline\\Pipeline->then()
#25 C:\\Users\\hask777\\Desktop\\projects\\PHP\\laravel10-api-passport\\vendor\\laravel\\framework\\src\\Illuminate\\Routing\\Router.php(784): Illuminate\\Routing\\Router->runRouteWithinStack()
#26 C:\\Users\\hask777\\Desktop\\projects\\PHP\\laravel10-api-passport\\vendor\\laravel\\framework\\src\\Illuminate\\Routing\\Router.php(748): Illuminate\\Routing\\Router->runRoute()
#27 C:\\Users\\hask777\\Desktop\\projects\\PHP\\laravel10-api-passport\\vendor\\laravel\\framework\\src\\Illuminate\\Routing\\Router.php(737): Illuminate\\Routing\\Router->dispatchToRoute()
#28 C:\\Users\\hask777\\Desktop\\projects\\PHP\\laravel10-api-passport\\vendor\\laravel\\framework\\src\\Illuminate\\Foundation\\Http\\Kernel.php(200): Illuminate\\Routing\\Router->dispatch()
#29 C:\\Users\\hask777\\Desktop\\projects\\PHP\\laravel10-api-passport\\vendor\\laravel\\framework\\src\\Illuminate\\Pipeline\\Pipeline.php(144): Illuminate\\Foundation\\Http\\Kernel->Illuminate\\Foundation\\Http\\{closure}()
#30 C:\\Users\\hask777\\Desktop\\projects\\PHP\\laravel10-api-passport\\vendor\\laravel\\framework\\src\\Illuminate\\Foundation\\Http\\Middleware\\TransformsRequest.php(21): Illuminate\\Pipeline\\Pipeline->Illuminate\\Pipeline\\{closure}()
#31 C:\\Users\\hask777\\Desktop\\projects\\PHP\\laravel10-api-passport\\vendor\\laravel\\framework\\src\\Illuminate\\Foundation\\Http\\Middleware\\ConvertEmptyStringsToNull.php(31): Illuminate\\Foundation\\Http\\Middleware\\TransformsRequest->handle()
#32 C:\\Users\\hask777\\Desktop\\projects\\PHP\\laravel10-api-passport\\vendor\\laravel\\framework\\src\\Illuminate\\Pipeline\\Pipeline.php(183): Illuminate\\Foundation\\Http\\Middleware\\ConvertEmptyStringsToNull->handle()
#33 C:\\Users\\hask777\\Desktop\\projects\\PHP\\laravel10-api-passport\\vendor\\laravel\\framework\\src\\Illuminate\\Foundation\\Http\\Middleware\\TransformsRequest.php(21): Illuminate\\Pipeline\\Pipeline->Illuminate\\Pipeline\\{closure}()
#34 C:\\Users\\hask777\\Desktop\\projects\\PHP\\laravel10-api-passport\\vendor\\laravel\\framework\\src\\Illuminate\\Foundation\\Http\\Middleware\\TrimStrings.php(40): Illuminate\\Foundation\\Http\\Middleware\\TransformsRequest->handle()
#35 C:\\Users\\hask777\\Desktop\\projects\\PHP\\laravel10-api-passport\\vendor\\laravel\\framework\\src\\Illuminate\\Pipeline\\Pipeline.php(183): Illuminate\\Foundation\\Http\\Middleware\\TrimStrings->handle()
#36 C:\\Users\\hask777\\Desktop\\projects\\PHP\\laravel10-api-passport\\vendor\\laravel\\framework\\src\\Illuminate\\Foundation\\Http\\Middleware\\ValidatePostSize.php(27): Illuminate\\Pipeline\\Pipeline->Illuminate\\Pipeline\\{closure}()
#37 C:\\Users\\hask777\\Desktop\\projects\\PHP\\laravel10-api-passport\\vendor\\laravel\\framework\\src\\Illuminate\\Pipeline\\Pipeline.php(183): Illuminate\\Foundation\\Http\\Middleware\\ValidatePostSize->handle()
#38 C:\\Users\\hask777\\Desktop\\projects\\PHP\\laravel10-api-passport\\vendor\\laravel\\framework\\src\\Illuminate\\Foundation\\Http\\Middleware\\PreventRequestsDuringMaintenance.php(99): Illuminate\\Pipeline\\Pipeline->Illuminate\\Pipeline\\{closure}()
#39 C:\\Users\\hask777\\Desktop\\projects\\PHP\\laravel10-api-passport\\vendor\\laravel\\framework\\src\\Illuminate\\Pipeline\\Pipeline.php(183): Illuminate\\Foundation\\Http\\Middleware\\PreventRequestsDuringMaintenance->handle()
#40 C:\\Users\\hask777\\Desktop\\projects\\PHP\\laravel10-api-passport\\vendor\\laravel\\framework\\src\\Illuminate\\Http\\Middleware\\HandleCors.php(62): Illuminate\\Pipeline\\Pipeline->Illuminate\\Pipeline\\{closure}()
#41 C:\\Users\\hask777\\Desktop\\projects\\PHP\\laravel10-api-passport\\vendor\\laravel\\framework\\src\\Illuminate\\Pipeline\\Pipeline.php(183): Illuminate\\Http\\Middleware\\HandleCors->handle()
#42 C:\\Users\\hask777\\Desktop\\projects\\PHP\\laravel10-api-passport\\vendor\\laravel\\framework\\src\\Illuminate\\Http\\Middleware\\TrustProxies.php(39): Illuminate\\Pipeline\\Pipeline->Illuminate\\Pipeline\\{closure}()
#43 C:\\Users\\hask777\\Desktop\\projects\\PHP\\laravel10-api-passport\\vendor\\laravel\\framework\\src\\Illuminate\\Pipeline\\Pipeline.php(183): Illuminate\\Http\\Middleware\\TrustProxies->handle()
#44 C:\\Users\\hask777\\Desktop\\projects\\PHP\\laravel10-api-passport\\vendor\\laravel\\framework\\src\\Illuminate\\Pipeline\\Pipeline.php(119): Illuminate\\Pipeline\\Pipeline->Illuminate\\Pipeline\\{closure}()
#45 C:\\Users\\hask777\\Desktop\\projects\\PHP\\laravel10-api-passport\\vendor\\laravel\\framework\\src\\Illuminate\\Foundation\\Http\\Kernel.php(175): Illuminate\\Pipeline\\Pipeline->then()
#46 C:\\Users\\hask777\\Desktop\\projects\\PHP\\laravel10-api-passport\\vendor\\laravel\\framework\\src\\Illuminate\\Foundation\\Http\\Kernel.php(144): Illuminate\\Foundation\\Http\\Kernel->sendRequestThroughRouter()
#47 C:\\Users\\hask777\\Desktop\\projects\\PHP\\laravel10-api-passport\\public\\index.php(51): Illuminate\\Foundation\\Http\\Kernel->handle()
#48 C:\\Users\\hask777\\Desktop\\projects\\PHP\\laravel10-api-passport\\vendor\\laravel\\framework\\src\\Illuminate\\Foundation\\resources\\server.php(16): require_once('...')
#49 {main}

[previous exception] [object] (PDOException(code: 23000): SQLSTATE[23000]: Integrity constraint violation: 1062 Duplicate entry 'haskellisp2@gmail.com' for key 'users.users_email_unique' at C:\\Users\\hask777\\Desktop\\projects\\PHP\\laravel10-api-passport\\vendor\\laravel\\framework\\src\\Illuminate\\Database\\Connection.php:612)
[stacktrace]
#0 C:\\Users\\hask777\\Desktop\\projects\\PHP\\laravel10-api-passport\\vendor\\laravel\\framework\\src\\Illuminate\\Database\\Connection.php(612): PDOStatement->execute()
#1 C:\\Users\\hask777\\Desktop\\projects\\PHP\\laravel10-api-passport\\vendor\\laravel\\framework\\src\\Illuminate\\Database\\Connection.php(816): Illuminate\\Database\\Connection->Illuminate\\Database\\{closure}()
#2 C:\\Users\\hask777\\Desktop\\projects\\PHP\\laravel10-api-passport\\vendor\\laravel\\framework\\src\\Illuminate\\Database\\Connection.php(783): Illuminate\\Database\\Connection->runQueryCallback()
#3 C:\\Users\\hask777\\Desktop\\projects\\PHP\\laravel10-api-passport\\vendor\\laravel\\framework\\src\\Illuminate\\Database\\Connection.php(600): Illuminate\\Database\\Connection->run()
#4 C:\\Users\\hask777\\Desktop\\projects\\PHP\\laravel10-api-passport\\vendor\\laravel\\framework\\src\\Illuminate\\Database\\Connection.php(552): Illuminate\\Database\\Connection->affectingStatement()
#5 C:\\Users\\hask777\\Desktop\\projects\\PHP\\laravel10-api-passport\\vendor\\laravel\\framework\\src\\Illuminate\\Database\\Query\\Builder.php(3602): Illuminate\\Database\\Connection->update()
#6 C:\\Users\\hask777\\Desktop\\projects\\PHP\\laravel10-api-passport\\vendor\\laravel\\framework\\src\\Illuminate\\Database\\Eloquent\\Builder.php(1061): Illuminate\\Database\\Query\\Builder->update()
#7 C:\\Users\\hask777\\Desktop\\projects\\PHP\\laravel10-api-passport\\vendor\\laravel\\framework\\src\\Illuminate\\Database\\Eloquent\\Model.php(1214): Illuminate\\Database\\Eloquent\\Builder->update()
#8 C:\\Users\\hask777\\Desktop\\projects\\PHP\\laravel10-api-passport\\vendor\\laravel\\framework\\src\\Illuminate\\Database\\Eloquent\\Model.php(1131): Illuminate\\Database\\Eloquent\\Model->performUpdate()
#9 C:\\Users\\hask777\\Desktop\\projects\\PHP\\laravel10-api-passport\\app\\Modules\\Admin\\User\\Services\\UserServise.php(36): Illuminate\\Database\\Eloquent\\Model->save()
#10 C:\\Users\\hask777\\Desktop\\projects\\PHP\\laravel10-api-passport\\app\\Modules\\Admin\\User\\Controllers\\Api\\UserController.php(95): App\\Modules\\Admin\\User\\Services\\UserServise->save()
#11 C:\\Users\\hask777\\Desktop\\projects\\PHP\\laravel10-api-passport\\vendor\\laravel\\framework\\src\\Illuminate\\Routing\\Controller.php(54): App\\Modules\\Admin\\User\\Controllers\\Api\\UserController->update()
#12 C:\\Users\\hask777\\Desktop\\projects\\PHP\\laravel10-api-passport\\vendor\\laravel\\framework\\src\\Illuminate\\Routing\\ControllerDispatcher.php(43): Illuminate\\Routing\\Controller->callAction()
#13 C:\\Users\\hask777\\Desktop\\projects\\PHP\\laravel10-api-passport\\vendor\\laravel\\framework\\src\\Illuminate\\Routing\\Route.php(259): Illuminate\\Routing\\ControllerDispatcher->dispatch()
#14 C:\\Users\\hask777\\Desktop\\projects\\PHP\\laravel10-api-passport\\vendor\\laravel\\framework\\src\\Illuminate\\Routing\\Route.php(205): Illuminate\\Routing\\Route->runController()
#15 C:\\Users\\hask777\\Desktop\\projects\\PHP\\laravel10-api-passport\\vendor\\laravel\\framework\\src\\Illuminate\\Routing\\Router.php(806): Illuminate\\Routing\\Route->run()
#16 C:\\Users\\hask777\\Desktop\\projects\\PHP\\laravel10-api-passport\\vendor\\laravel\\framework\\src\\Illuminate\\Pipeline\\Pipeline.php(144): Illuminate\\Routing\\Router->Illuminate\\Routing\\{closure}()
#17 C:\\Users\\hask777\\Desktop\\projects\\PHP\\laravel10-api-passport\\vendor\\laravel\\framework\\src\\Illuminate\\Routing\\Middleware\\SubstituteBindings.php(50): Illuminate\\Pipeline\\Pipeline->Illuminate\\Pipeline\\{closure}()
#18 C:\\Users\\hask777\\Desktop\\projects\\PHP\\laravel10-api-passport\\vendor\\laravel\\framework\\src\\Illuminate\\Pipeline\\Pipeline.php(183): Illuminate\\Routing\\Middleware\\SubstituteBindings->handle()
#19 C:\\Users\\hask777\\Desktop\\projects\\PHP\\laravel10-api-passport\\vendor\\laravel\\framework\\src\\Illuminate\\Routing\\Middleware\\ThrottleRequests.php(159): Illuminate\\Pipeline\\Pipeline->Illuminate\\Pipeline\\{closure}()
#20 C:\\Users\\hask777\\Desktop\\projects\\PHP\\laravel10-api-passport\\vendor\\laravel\\framework\\src\\Illuminate\\Routing\\Middleware\\ThrottleRequests.php(125): Illuminate\\Routing\\Middleware\\ThrottleRequests->handleRequest()
#21 C:\\Users\\hask777\\Desktop\\projects\\PHP\\laravel10-api-passport\\vendor\\laravel\\framework\\src\\Illuminate\\Routing\\Middleware\\ThrottleRequests.php(87): Illuminate\\Routing\\Middleware\\ThrottleRequests->handleRequestUsingNamedLimiter()
#22 C:\\Users\\hask777\\Desktop\\projects\\PHP\\laravel10-api-passport\\vendor\\laravel\\framework\\src\\Illuminate\\Pipeline\\Pipeline.php(183): Illuminate\\Routing\\Middleware\\ThrottleRequests->handle()
#23 C:\\Users\\hask777\\Desktop\\projects\\PHP\\laravel10-api-passport\\vendor\\laravel\\framework\\src\\Illuminate\\Auth\\Middleware\\Authenticate.php(57): Illuminate\\Pipeline\\Pipeline->Illuminate\\Pipeline\\{closure}()
#24 C:\\Users\\hask777\\Desktop\\projects\\PHP\\laravel10-api-passport\\vendor\\laravel\\framework\\src\\Illuminate\\Pipeline\\Pipeline.php(183): Illuminate\\Auth\\Middleware\\Authenticate->handle()
#25 C:\\Users\\hask777\\Desktop\\projects\\PHP\\laravel10-api-passport\\vendor\\laravel\\framework\\src\\Illuminate\\Pipeline\\Pipeline.php(119): Illuminate\\Pipeline\\Pipeline->Illuminate\\Pipeline\\{closure}()
#26 C:\\Users\\hask777\\Desktop\\projects\\PHP\\laravel10-api-passport\\vendor\\laravel\\framework\\src\\Illuminate\\Routing\\Router.php(805): Illuminate\\Pipeline\\Pipeline->then()
#27 C:\\Users\\hask777\\Desktop\\projects\\PHP\\laravel10-api-passport\\vendor\\laravel\\framework\\src\\Illuminate\\Routing\\Router.php(784): Illuminate\\Routing\\Router->runRouteWithinStack()
#28 C:\\Users\\hask777\\Desktop\\projects\\PHP\\laravel10-api-passport\\vendor\\laravel\\framework\\src\\Illuminate\\Routing\\Router.php(748): Illuminate\\Routing\\Router->runRoute()
#29 C:\\Users\\hask777\\Desktop\\projects\\PHP\\laravel10-api-passport\\vendor\\laravel\\framework\\src\\Illuminate\\Routing\\Router.php(737): Illuminate\\Routing\\Router->dispatchToRoute()
#30 C:\\Users\\hask777\\Desktop\\projects\\PHP\\laravel10-api-passport\\vendor\\laravel\\framework\\src\\Illuminate\\Foundation\\Http\\Kernel.php(200): Illuminate\\Routing\\Router->dispatch()
#31 C:\\Users\\hask777\\Desktop\\projects\\PHP\\laravel10-api-passport\\vendor\\laravel\\framework\\src\\Illuminate\\Pipeline\\Pipeline.php(144): Illuminate\\Foundation\\Http\\Kernel->Illuminate\\Foundation\\Http\\{closure}()
#32 C:\\Users\\hask777\\Desktop\\projects\\PHP\\laravel10-api-passport\\vendor\\laravel\\framework\\src\\Illuminate\\Foundation\\Http\\Middleware\\TransformsRequest.php(21): Illuminate\\Pipeline\\Pipeline->Illuminate\\Pipeline\\{closure}()
#33 C:\\Users\\hask777\\Desktop\\projects\\PHP\\laravel10-api-passport\\vendor\\laravel\\framework\\src\\Illuminate\\Foundation\\Http\\Middleware\\ConvertEmptyStringsToNull.php(31): Illuminate\\Foundation\\Http\\Middleware\\TransformsRequest->handle()
#34 C:\\Users\\hask777\\Desktop\\projects\\PHP\\laravel10-api-passport\\vendor\\laravel\\framework\\src\\Illuminate\\Pipeline\\Pipeline.php(183): Illuminate\\Foundation\\Http\\Middleware\\ConvertEmptyStringsToNull->handle()
#35 C:\\Users\\hask777\\Desktop\\projects\\PHP\\laravel10-api-passport\\vendor\\laravel\\framework\\src\\Illuminate\\Foundation\\Http\\Middleware\\TransformsRequest.php(21): Illuminate\\Pipeline\\Pipeline->Illuminate\\Pipeline\\{closure}()
#36 C:\\Users\\hask777\\Desktop\\projects\\PHP\\laravel10-api-passport\\vendor\\laravel\\framework\\src\\Illuminate\\Foundation\\Http\\Middleware\\TrimStrings.php(40): Illuminate\\Foundation\\Http\\Middleware\\TransformsRequest->handle()
#37 C:\\Users\\hask777\\Desktop\\projects\\PHP\\laravel10-api-passport\\vendor\\laravel\\framework\\src\\Illuminate\\Pipeline\\Pipeline.php(183): Illuminate\\Foundation\\Http\\Middleware\\TrimStrings->handle()
#38 C:\\Users\\hask777\\Desktop\\projects\\PHP\\laravel10-api-passport\\vendor\\laravel\\framework\\src\\Illuminate\\Foundation\\Http\\Middleware\\ValidatePostSize.php(27): Illuminate\\Pipeline\\Pipeline->Illuminate\\Pipeline\\{closure}()
#39 C:\\Users\\hask777\\Desktop\\projects\\PHP\\laravel10-api-passport\\vendor\\laravel\\framework\\src\\Illuminate\\Pipeline\\Pipeline.php(183): Illuminate\\Foundation\\Http\\Middleware\\ValidatePostSize->handle()
#40 C:\\Users\\hask777\\Desktop\\projects\\PHP\\laravel10-api-passport\\vendor\\laravel\\framework\\src\\Illuminate\\Foundation\\Http\\Middleware\\PreventRequestsDuringMaintenance.php(99): Illuminate\\Pipeline\\Pipeline->Illuminate\\Pipeline\\{closure}()
#41 C:\\Users\\hask777\\Desktop\\projects\\PHP\\laravel10-api-passport\\vendor\\laravel\\framework\\src\\Illuminate\\Pipeline\\Pipeline.php(183): Illuminate\\Foundation\\Http\\Middleware\\PreventRequestsDuringMaintenance->handle()
#42 C:\\Users\\hask777\\Desktop\\projects\\PHP\\laravel10-api-passport\\vendor\\laravel\\framework\\src\\Illuminate\\Http\\Middleware\\HandleCors.php(62): Illuminate\\Pipeline\\Pipeline->Illuminate\\Pipeline\\{closure}()
#43 C:\\Users\\hask777\\Desktop\\projects\\PHP\\laravel10-api-passport\\vendor\\laravel\\framework\\src\\Illuminate\\Pipeline\\Pipeline.php(183): Illuminate\\Http\\Middleware\\HandleCors->handle()
#44 C:\\Users\\hask777\\Desktop\\projects\\PHP\\laravel10-api-passport\\vendor\\laravel\\framework\\src\\Illuminate\\Http\\Middleware\\TrustProxies.php(39): Illuminate\\Pipeline\\Pipeline->Illuminate\\Pipeline\\{closure}()
#45 C:\\Users\\hask777\\Desktop\\projects\\PHP\\laravel10-api-passport\\vendor\\laravel\\framework\\src\\Illuminate\\Pipeline\\Pipeline.php(183): Illuminate\\Http\\Middleware\\TrustProxies->handle()
#46 C:\\Users\\hask777\\Desktop\\projects\\PHP\\laravel10-api-passport\\vendor\\laravel\\framework\\src\\Illuminate\\Pipeline\\Pipeline.php(119): Illuminate\\Pipeline\\Pipeline->Illuminate\\Pipeline\\{closure}()
#47 C:\\Users\\hask777\\Desktop\\projects\\PHP\\laravel10-api-passport\\vendor\\laravel\\framework\\src\\Illuminate\\Foundation\\Http\\Kernel.php(175): Illuminate\\Pipeline\\Pipeline->then()
#48 C:\\Users\\hask777\\Desktop\\projects\\PHP\\laravel10-api-passport\\vendor\\laravel\\framework\\src\\Illuminate\\Foundation\\Http\\Kernel.php(144): Illuminate\\Foundation\\Http\\Kernel->sendRequestThroughRouter()
#49 C:\\Users\\hask777\\Desktop\\projects\\PHP\\laravel10-api-passport\\public\\index.php(51): Illuminate\\Foundation\\Http\\Kernel->handle()
#50 C:\\Users\\hask777\\Desktop\\projects\\PHP\\laravel10-api-passport\\vendor\\laravel\\framework\\src\\Illuminate\\Foundation\\resources\\server.php(16): require_once('...')
#51 {main}
"} 
[2025-03-17 10:40:11] local.ERROR: SQLSTATE[23000]: Integrity constraint violation: 1062 Duplicate entry 'haskellisp2@gmail.com' for key 'users.users_email_unique' (Connection: mysql, SQL: update `users` set `firstname` = Manger ivan 2 up, `lastname` = Manager kidvan up, `email` = haskellisp2@gmail.com, `phone` = +375259995643, `password` = $2y$10$T.3qjMdBedhm7ARhLx.mROnd.P3g/PDf3u3U2/U4U0qgNVp7ocQvO, `users`.`updated_at` = 2025-03-17 10:40:11 where `id` = 3) {"userId":1,"exception":"[object] (Illuminate\\Database\\UniqueConstraintViolationException(code: 23000): SQLSTATE[23000]: Integrity constraint violation: 1062 Duplicate entry 'haskellisp2@gmail.com' for key 'users.users_email_unique' (Connection: mysql, SQL: update `users` set `firstname` = Manger ivan 2 up, `lastname` = Manager kidvan up, `email` = haskellisp2@gmail.com, `phone` = +375259995643, `password` = $2y$10$T.3qjMdBedhm7ARhLx.mROnd.P3g/PDf3u3U2/U4U0qgNVp7ocQvO, `users`.`updated_at` = 2025-03-17 10:40:11 where `id` = 3) at C:\\Users\\hask777\\Desktop\\projects\\PHP\\laravel10-api-passport\\vendor\\laravel\\framework\\src\\Illuminate\\Database\\Connection.php:824)
[stacktrace]
#0 C:\\Users\\hask777\\Desktop\\projects\\PHP\\laravel10-api-passport\\vendor\\laravel\\framework\\src\\Illuminate\\Database\\Connection.php(783): Illuminate\\Database\\Connection->runQueryCallback()
#1 C:\\Users\\hask777\\Desktop\\projects\\PHP\\laravel10-api-passport\\vendor\\laravel\\framework\\src\\Illuminate\\Database\\Connection.php(600): Illuminate\\Database\\Connection->run()
#2 C:\\Users\\hask777\\Desktop\\projects\\PHP\\laravel10-api-passport\\vendor\\laravel\\framework\\src\\Illuminate\\Database\\Connection.php(552): Illuminate\\Database\\Connection->affectingStatement()
#3 C:\\Users\\hask777\\Desktop\\projects\\PHP\\laravel10-api-passport\\vendor\\laravel\\framework\\src\\Illuminate\\Database\\Query\\Builder.php(3602): Illuminate\\Database\\Connection->update()
#4 C:\\Users\\hask777\\Desktop\\projects\\PHP\\laravel10-api-passport\\vendor\\laravel\\framework\\src\\Illuminate\\Database\\Eloquent\\Builder.php(1061): Illuminate\\Database\\Query\\Builder->update()
#5 C:\\Users\\hask777\\Desktop\\projects\\PHP\\laravel10-api-passport\\vendor\\laravel\\framework\\src\\Illuminate\\Database\\Eloquent\\Model.php(1214): Illuminate\\Database\\Eloquent\\Builder->update()
#6 C:\\Users\\hask777\\Desktop\\projects\\PHP\\laravel10-api-passport\\vendor\\laravel\\framework\\src\\Illuminate\\Database\\Eloquent\\Model.php(1131): Illuminate\\Database\\Eloquent\\Model->performUpdate()
#7 C:\\Users\\hask777\\Desktop\\projects\\PHP\\laravel10-api-passport\\app\\Modules\\Admin\\User\\Services\\UserServise.php(36): Illuminate\\Database\\Eloquent\\Model->save()
#8 C:\\Users\\hask777\\Desktop\\projects\\PHP\\laravel10-api-passport\\app\\Modules\\Admin\\User\\Controllers\\Api\\UserController.php(95): App\\Modules\\Admin\\User\\Services\\UserServise->save()
#9 C:\\Users\\hask777\\Desktop\\projects\\PHP\\laravel10-api-passport\\vendor\\laravel\\framework\\src\\Illuminate\\Routing\\Controller.php(54): App\\Modules\\Admin\\User\\Controllers\\Api\\UserController->update()
#10 C:\\Users\\hask777\\Desktop\\projects\\PHP\\laravel10-api-passport\\vendor\\laravel\\framework\\src\\Illuminate\\Routing\\ControllerDispatcher.php(43): Illuminate\\Routing\\Controller->callAction()
#11 C:\\Users\\hask777\\Desktop\\projects\\PHP\\laravel10-api-passport\\vendor\\laravel\\framework\\src\\Illuminate\\Routing\\Route.php(259): Illuminate\\Routing\\ControllerDispatcher->dispatch()
#12 C:\\Users\\hask777\\Desktop\\projects\\PHP\\laravel10-api-passport\\vendor\\laravel\\framework\\src\\Illuminate\\Routing\\Route.php(205): Illuminate\\Routing\\Route->runController()
#13 C:\\Users\\hask777\\Desktop\\projects\\PHP\\laravel10-api-passport\\vendor\\laravel\\framework\\src\\Illuminate\\Routing\\Router.php(806): Illuminate\\Routing\\Route->run()
#14 C:\\Users\\hask777\\Desktop\\projects\\PHP\\laravel10-api-passport\\vendor\\laravel\\framework\\src\\Illuminate\\Pipeline\\Pipeline.php(144): Illuminate\\Routing\\Router->Illuminate\\Routing\\{closure}()
#15 C:\\Users\\hask777\\Desktop\\projects\\PHP\\laravel10-api-passport\\vendor\\laravel\\framework\\src\\Illuminate\\Routing\\Middleware\\SubstituteBindings.php(50): Illuminate\\Pipeline\\Pipeline->Illuminate\\Pipeline\\{closure}()
#16 C:\\Users\\hask777\\Desktop\\projects\\PHP\\laravel10-api-passport\\vendor\\laravel\\framework\\src\\Illuminate\\Pipeline\\Pipeline.php(183): Illuminate\\Routing\\Middleware\\SubstituteBindings->handle()
#17 C:\\Users\\hask777\\Desktop\\projects\\PHP\\laravel10-api-passport\\vendor\\laravel\\framework\\src\\Illuminate\\Routing\\Middleware\\ThrottleRequests.php(159): Illuminate\\Pipeline\\Pipeline->Illuminate\\Pipeline\\{closure}()
#18 C:\\Users\\hask777\\Desktop\\projects\\PHP\\laravel10-api-passport\\vendor\\laravel\\framework\\src\\Illuminate\\Routing\\Middleware\\ThrottleRequests.php(125): Illuminate\\Routing\\Middleware\\ThrottleRequests->handleRequest()
#19 C:\\Users\\hask777\\Desktop\\projects\\PHP\\laravel10-api-passport\\vendor\\laravel\\framework\\src\\Illuminate\\Routing\\Middleware\\ThrottleRequests.php(87): Illuminate\\Routing\\Middleware\\ThrottleRequests->handleRequestUsingNamedLimiter()
#20 C:\\Users\\hask777\\Desktop\\projects\\PHP\\laravel10-api-passport\\vendor\\laravel\\framework\\src\\Illuminate\\Pipeline\\Pipeline.php(183): Illuminate\\Routing\\Middleware\\ThrottleRequests->handle()
#21 C:\\Users\\hask777\\Desktop\\projects\\PHP\\laravel10-api-passport\\vendor\\laravel\\framework\\src\\Illuminate\\Auth\\Middleware\\Authenticate.php(57): Illuminate\\Pipeline\\Pipeline->Illuminate\\Pipeline\\{closure}()
#22 C:\\Users\\hask777\\Desktop\\projects\\PHP\\laravel10-api-passport\\vendor\\laravel\\framework\\src\\Illuminate\\Pipeline\\Pipeline.php(183): Illuminate\\Auth\\Middleware\\Authenticate->handle()
#23 C:\\Users\\hask777\\Desktop\\projects\\PHP\\laravel10-api-passport\\vendor\\laravel\\framework\\src\\Illuminate\\Pipeline\\Pipeline.php(119): Illuminate\\Pipeline\\Pipeline->Illuminate\\Pipeline\\{closure}()
#24 C:\\Users\\hask777\\Desktop\\projects\\PHP\\laravel10-api-passport\\vendor\\laravel\\framework\\src\\Illuminate\\Routing\\Router.php(805): Illuminate\\Pipeline\\Pipeline->then()
#25 C:\\Users\\hask777\\Desktop\\projects\\PHP\\laravel10-api-passport\\vendor\\laravel\\framework\\src\\Illuminate\\Routing\\Router.php(784): Illuminate\\Routing\\Router->runRouteWithinStack()
#26 C:\\Users\\hask777\\Desktop\\projects\\PHP\\laravel10-api-passport\\vendor\\laravel\\framework\\src\\Illuminate\\Routing\\Router.php(748): Illuminate\\Routing\\Router->runRoute()
#27 C:\\Users\\hask777\\Desktop\\projects\\PHP\\laravel10-api-passport\\vendor\\laravel\\framework\\src\\Illuminate\\Routing\\Router.php(737): Illuminate\\Routing\\Router->dispatchToRoute()
#28 C:\\Users\\hask777\\Desktop\\projects\\PHP\\laravel10-api-passport\\vendor\\laravel\\framework\\src\\Illuminate\\Foundation\\Http\\Kernel.php(200): Illuminate\\Routing\\Router->dispatch()
#29 C:\\Users\\hask777\\Desktop\\projects\\PHP\\laravel10-api-passport\\vendor\\laravel\\framework\\src\\Illuminate\\Pipeline\\Pipeline.php(144): Illuminate\\Foundation\\Http\\Kernel->Illuminate\\Foundation\\Http\\{closure}()
#30 C:\\Users\\hask777\\Desktop\\projects\\PHP\\laravel10-api-passport\\vendor\\laravel\\framework\\src\\Illuminate\\Foundation\\Http\\Middleware\\TransformsRequest.php(21): Illuminate\\Pipeline\\Pipeline->Illuminate\\Pipeline\\{closure}()
#31 C:\\Users\\hask777\\Desktop\\projects\\PHP\\laravel10-api-passport\\vendor\\laravel\\framework\\src\\Illuminate\\Foundation\\Http\\Middleware\\ConvertEmptyStringsToNull.php(31): Illuminate\\Foundation\\Http\\Middleware\\TransformsRequest->handle()
#32 C:\\Users\\hask777\\Desktop\\projects\\PHP\\laravel10-api-passport\\vendor\\laravel\\framework\\src\\Illuminate\\Pipeline\\Pipeline.php(183): Illuminate\\Foundation\\Http\\Middleware\\ConvertEmptyStringsToNull->handle()
#33 C:\\Users\\hask777\\Desktop\\projects\\PHP\\laravel10-api-passport\\vendor\\laravel\\framework\\src\\Illuminate\\Foundation\\Http\\Middleware\\TransformsRequest.php(21): Illuminate\\Pipeline\\Pipeline->Illuminate\\Pipeline\\{closure}()
#34 C:\\Users\\hask777\\Desktop\\projects\\PHP\\laravel10-api-passport\\vendor\\laravel\\framework\\src\\Illuminate\\Foundation\\Http\\Middleware\\TrimStrings.php(40): Illuminate\\Foundation\\Http\\Middleware\\TransformsRequest->handle()
#35 C:\\Users\\hask777\\Desktop\\projects\\PHP\\laravel10-api-passport\\vendor\\laravel\\framework\\src\\Illuminate\\Pipeline\\Pipeline.php(183): Illuminate\\Foundation\\Http\\Middleware\\TrimStrings->handle()
#36 C:\\Users\\hask777\\Desktop\\projects\\PHP\\laravel10-api-passport\\vendor\\laravel\\framework\\src\\Illuminate\\Foundation\\Http\\Middleware\\ValidatePostSize.php(27): Illuminate\\Pipeline\\Pipeline->Illuminate\\Pipeline\\{closure}()
#37 C:\\Users\\hask777\\Desktop\\projects\\PHP\\laravel10-api-passport\\vendor\\laravel\\framework\\src\\Illuminate\\Pipeline\\Pipeline.php(183): Illuminate\\Foundation\\Http\\Middleware\\ValidatePostSize->handle()
#38 C:\\Users\\hask777\\Desktop\\projects\\PHP\\laravel10-api-passport\\vendor\\laravel\\framework\\src\\Illuminate\\Foundation\\Http\\Middleware\\PreventRequestsDuringMaintenance.php(99): Illuminate\\Pipeline\\Pipeline->Illuminate\\Pipeline\\{closure}()
#39 C:\\Users\\hask777\\Desktop\\projects\\PHP\\laravel10-api-passport\\vendor\\laravel\\framework\\src\\Illuminate\\Pipeline\\Pipeline.php(183): Illuminate\\Foundation\\Http\\Middleware\\PreventRequestsDuringMaintenance->handle()
#40 C:\\Users\\hask777\\Desktop\\projects\\PHP\\laravel10-api-passport\\vendor\\laravel\\framework\\src\\Illuminate\\Http\\Middleware\\HandleCors.php(62): Illuminate\\Pipeline\\Pipeline->Illuminate\\Pipeline\\{closure}()
#41 C:\\Users\\hask777\\Desktop\\projects\\PHP\\laravel10-api-passport\\vendor\\laravel\\framework\\src\\Illuminate\\Pipeline\\Pipeline.php(183): Illuminate\\Http\\Middleware\\HandleCors->handle()
#42 C:\\Users\\hask777\\Desktop\\projects\\PHP\\laravel10-api-passport\\vendor\\laravel\\framework\\src\\Illuminate\\Http\\Middleware\\TrustProxies.php(39): Illuminate\\Pipeline\\Pipeline->Illuminate\\Pipeline\\{closure}()
#43 C:\\Users\\hask777\\Desktop\\projects\\PHP\\laravel10-api-passport\\vendor\\laravel\\framework\\src\\Illuminate\\Pipeline\\Pipeline.php(183): Illuminate\\Http\\Middleware\\TrustProxies->handle()
#44 C:\\Users\\hask777\\Desktop\\projects\\PHP\\laravel10-api-passport\\vendor\\laravel\\framework\\src\\Illuminate\\Pipeline\\Pipeline.php(119): Illuminate\\Pipeline\\Pipeline->Illuminate\\Pipeline\\{closure}()
#45 C:\\Users\\hask777\\Desktop\\projects\\PHP\\laravel10-api-passport\\vendor\\laravel\\framework\\src\\Illuminate\\Foundation\\Http\\Kernel.php(175): Illuminate\\Pipeline\\Pipeline->then()
#46 C:\\Users\\hask777\\Desktop\\projects\\PHP\\laravel10-api-passport\\vendor\\laravel\\framework\\src\\Illuminate\\Foundation\\Http\\Kernel.php(144): Illuminate\\Foundation\\Http\\Kernel->sendRequestThroughRouter()
#47 C:\\Users\\hask777\\Desktop\\projects\\PHP\\laravel10-api-passport\\public\\index.php(51): Illuminate\\Foundation\\Http\\Kernel->handle()
#48 C:\\Users\\hask777\\Desktop\\projects\\PHP\\laravel10-api-passport\\vendor\\laravel\\framework\\src\\Illuminate\\Foundation\\resources\\server.php(16): require_once('...')
#49 {main}

[previous exception] [object] (PDOException(code: 23000): SQLSTATE[23000]: Integrity constraint violation: 1062 Duplicate entry 'haskellisp2@gmail.com' for key 'users.users_email_unique' at C:\\Users\\hask777\\Desktop\\projects\\PHP\\laravel10-api-passport\\vendor\\laravel\\framework\\src\\Illuminate\\Database\\Connection.php:612)
[stacktrace]
#0 C:\\Users\\hask777\\Desktop\\projects\\PHP\\laravel10-api-passport\\vendor\\laravel\\framework\\src\\Illuminate\\Database\\Connection.php(612): PDOStatement->execute()
#1 C:\\Users\\hask777\\Desktop\\projects\\PHP\\laravel10-api-passport\\vendor\\laravel\\framework\\src\\Illuminate\\Database\\Connection.php(816): Illuminate\\Database\\Connection->Illuminate\\Database\\{closure}()
#2 C:\\Users\\hask777\\Desktop\\projects\\PHP\\laravel10-api-passport\\vendor\\laravel\\framework\\src\\Illuminate\\Database\\Connection.php(783): Illuminate\\Database\\Connection->runQueryCallback()
#3 C:\\Users\\hask777\\Desktop\\projects\\PHP\\laravel10-api-passport\\vendor\\laravel\\framework\\src\\Illuminate\\Database\\Connection.php(600): Illuminate\\Database\\Connection->run()
#4 C:\\Users\\hask777\\Desktop\\projects\\PHP\\laravel10-api-passport\\vendor\\laravel\\framework\\src\\Illuminate\\Database\\Connection.php(552): Illuminate\\Database\\Connection->affectingStatement()
#5 C:\\Users\\hask777\\Desktop\\projects\\PHP\\laravel10-api-passport\\vendor\\laravel\\framework\\src\\Illuminate\\Database\\Query\\Builder.php(3602): Illuminate\\Database\\Connection->update()
#6 C:\\Users\\hask777\\Desktop\\projects\\PHP\\laravel10-api-passport\\vendor\\laravel\\framework\\src\\Illuminate\\Database\\Eloquent\\Builder.php(1061): Illuminate\\Database\\Query\\Builder->update()
#7 C:\\Users\\hask777\\Desktop\\projects\\PHP\\laravel10-api-passport\\vendor\\laravel\\framework\\src\\Illuminate\\Database\\Eloquent\\Model.php(1214): Illuminate\\Database\\Eloquent\\Builder->update()
#8 C:\\Users\\hask777\\Desktop\\projects\\PHP\\laravel10-api-passport\\vendor\\laravel\\framework\\src\\Illuminate\\Database\\Eloquent\\Model.php(1131): Illuminate\\Database\\Eloquent\\Model->performUpdate()
#9 C:\\Users\\hask777\\Desktop\\projects\\PHP\\laravel10-api-passport\\app\\Modules\\Admin\\User\\Services\\UserServise.php(36): Illuminate\\Database\\Eloquent\\Model->save()
#10 C:\\Users\\hask777\\Desktop\\projects\\PHP\\laravel10-api-passport\\app\\Modules\\Admin\\User\\Controllers\\Api\\UserController.php(95): App\\Modules\\Admin\\User\\Services\\UserServise->save()
#11 C:\\Users\\hask777\\Desktop\\projects\\PHP\\laravel10-api-passport\\vendor\\laravel\\framework\\src\\Illuminate\\Routing\\Controller.php(54): App\\Modules\\Admin\\User\\Controllers\\Api\\UserController->update()
#12 C:\\Users\\hask777\\Desktop\\projects\\PHP\\laravel10-api-passport\\vendor\\laravel\\framework\\src\\Illuminate\\Routing\\ControllerDispatcher.php(43): Illuminate\\Routing\\Controller->callAction()
#13 C:\\Users\\hask777\\Desktop\\projects\\PHP\\laravel10-api-passport\\vendor\\laravel\\framework\\src\\Illuminate\\Routing\\Route.php(259): Illuminate\\Routing\\ControllerDispatcher->dispatch()
#14 C:\\Users\\hask777\\Desktop\\projects\\PHP\\laravel10-api-passport\\vendor\\laravel\\framework\\src\\Illuminate\\Routing\\Route.php(205): Illuminate\\Routing\\Route->runController()
#15 C:\\Users\\hask777\\Desktop\\projects\\PHP\\laravel10-api-passport\\vendor\\laravel\\framework\\src\\Illuminate\\Routing\\Router.php(806): Illuminate\\Routing\\Route->run()
#16 C:\\Users\\hask777\\Desktop\\projects\\PHP\\laravel10-api-passport\\vendor\\laravel\\framework\\src\\Illuminate\\Pipeline\\Pipeline.php(144): Illuminate\\Routing\\Router->Illuminate\\Routing\\{closure}()
#17 C:\\Users\\hask777\\Desktop\\projects\\PHP\\laravel10-api-passport\\vendor\\laravel\\framework\\src\\Illuminate\\Routing\\Middleware\\SubstituteBindings.php(50): Illuminate\\Pipeline\\Pipeline->Illuminate\\Pipeline\\{closure}()
#18 C:\\Users\\hask777\\Desktop\\projects\\PHP\\laravel10-api-passport\\vendor\\laravel\\framework\\src\\Illuminate\\Pipeline\\Pipeline.php(183): Illuminate\\Routing\\Middleware\\SubstituteBindings->handle()
#19 C:\\Users\\hask777\\Desktop\\projects\\PHP\\laravel10-api-passport\\vendor\\laravel\\framework\\src\\Illuminate\\Routing\\Middleware\\ThrottleRequests.php(159): Illuminate\\Pipeline\\Pipeline->Illuminate\\Pipeline\\{closure}()
#20 C:\\Users\\hask777\\Desktop\\projects\\PHP\\laravel10-api-passport\\vendor\\laravel\\framework\\src\\Illuminate\\Routing\\Middleware\\ThrottleRequests.php(125): Illuminate\\Routing\\Middleware\\ThrottleRequests->handleRequest()
#21 C:\\Users\\hask777\\Desktop\\projects\\PHP\\laravel10-api-passport\\vendor\\laravel\\framework\\src\\Illuminate\\Routing\\Middleware\\ThrottleRequests.php(87): Illuminate\\Routing\\Middleware\\ThrottleRequests->handleRequestUsingNamedLimiter()
#22 C:\\Users\\hask777\\Desktop\\projects\\PHP\\laravel10-api-passport\\vendor\\laravel\\framework\\src\\Illuminate\\Pipeline\\Pipeline.php(183): Illuminate\\Routing\\Middleware\\ThrottleRequests->handle()
#23 C:\\Users\\hask777\\Desktop\\projects\\PHP\\laravel10-api-passport\\vendor\\laravel\\framework\\src\\Illuminate\\Auth\\Middleware\\Authenticate.php(57): Illuminate\\Pipeline\\Pipeline->Illuminate\\Pipeline\\{closure}()
#24 C:\\Users\\hask777\\Desktop\\projects\\PHP\\laravel10-api-passport\\vendor\\laravel\\framework\\src\\Illuminate\\Pipeline\\Pipeline.php(183): Illuminate\\Auth\\Middleware\\Authenticate->handle()
#25 C:\\Users\\hask777\\Desktop\\projects\\PHP\\laravel10-api-passport\\vendor\\laravel\\framework\\src\\Illuminate\\Pipeline\\Pipeline.php(119): Illuminate\\Pipeline\\Pipeline->Illuminate\\Pipeline\\{closure}()
#26 C:\\Users\\hask777\\Desktop\\projects\\PHP\\laravel10-api-passport\\vendor\\laravel\\framework\\src\\Illuminate\\Routing\\Router.php(805): Illuminate\\Pipeline\\Pipeline->then()
#27 C:\\Users\\hask777\\Desktop\\projects\\PHP\\laravel10-api-passport\\vendor\\laravel\\framework\\src\\Illuminate\\Routing\\Router.php(784): Illuminate\\Routing\\Router->runRouteWithinStack()
#28 C:\\Users\\hask777\\Desktop\\projects\\PHP\\laravel10-api-passport\\vendor\\laravel\\framework\\src\\Illuminate\\Routing\\Router.php(748): Illuminate\\Routing\\Router->runRoute()
#29 C:\\Users\\hask777\\Desktop\\projects\\PHP\\laravel10-api-passport\\vendor\\laravel\\framework\\src\\Illuminate\\Routing\\Router.php(737): Illuminate\\Routing\\Router->dispatchToRoute()
#30 C:\\Users\\hask777\\Desktop\\projects\\PHP\\laravel10-api-passport\\vendor\\laravel\\framework\\src\\Illuminate\\Foundation\\Http\\Kernel.php(200): Illuminate\\Routing\\Router->dispatch()
#31 C:\\Users\\hask777\\Desktop\\projects\\PHP\\laravel10-api-passport\\vendor\\laravel\\framework\\src\\Illuminate\\Pipeline\\Pipeline.php(144): Illuminate\\Foundation\\Http\\Kernel->Illuminate\\Foundation\\Http\\{closure}()
#32 C:\\Users\\hask777\\Desktop\\projects\\PHP\\laravel10-api-passport\\vendor\\laravel\\framework\\src\\Illuminate\\Foundation\\Http\\Middleware\\TransformsRequest.php(21): Illuminate\\Pipeline\\Pipeline->Illuminate\\Pipeline\\{closure}()
#33 C:\\Users\\hask777\\Desktop\\projects\\PHP\\laravel10-api-passport\\vendor\\laravel\\framework\\src\\Illuminate\\Foundation\\Http\\Middleware\\ConvertEmptyStringsToNull.php(31): Illuminate\\Foundation\\Http\\Middleware\\TransformsRequest->handle()
#34 C:\\Users\\hask777\\Desktop\\projects\\PHP\\laravel10-api-passport\\vendor\\laravel\\framework\\src\\Illuminate\\Pipeline\\Pipeline.php(183): Illuminate\\Foundation\\Http\\Middleware\\ConvertEmptyStringsToNull->handle()
#35 C:\\Users\\hask777\\Desktop\\projects\\PHP\\laravel10-api-passport\\vendor\\laravel\\framework\\src\\Illuminate\\Foundation\\Http\\Middleware\\TransformsRequest.php(21): Illuminate\\Pipeline\\Pipeline->Illuminate\\Pipeline\\{closure}()
#36 C:\\Users\\hask777\\Desktop\\projects\\PHP\\laravel10-api-passport\\vendor\\laravel\\framework\\src\\Illuminate\\Foundation\\Http\\Middleware\\TrimStrings.php(40): Illuminate\\Foundation\\Http\\Middleware\\TransformsRequest->handle()
#37 C:\\Users\\hask777\\Desktop\\projects\\PHP\\laravel10-api-passport\\vendor\\laravel\\framework\\src\\Illuminate\\Pipeline\\Pipeline.php(183): Illuminate\\Foundation\\Http\\Middleware\\TrimStrings->handle()
#38 C:\\Users\\hask777\\Desktop\\projects\\PHP\\laravel10-api-passport\\vendor\\laravel\\framework\\src\\Illuminate\\Foundation\\Http\\Middleware\\ValidatePostSize.php(27): Illuminate\\Pipeline\\Pipeline->Illuminate\\Pipeline\\{closure}()
#39 C:\\Users\\hask777\\Desktop\\projects\\PHP\\laravel10-api-passport\\vendor\\laravel\\framework\\src\\Illuminate\\Pipeline\\Pipeline.php(183): Illuminate\\Foundation\\Http\\Middleware\\ValidatePostSize->handle()
#40 C:\\Users\\hask777\\Desktop\\projects\\PHP\\laravel10-api-passport\\vendor\\laravel\\framework\\src\\Illuminate\\Foundation\\Http\\Middleware\\PreventRequestsDuringMaintenance.php(99): Illuminate\\Pipeline\\Pipeline->Illuminate\\Pipeline\\{closure}()
#41 C:\\Users\\hask777\\Desktop\\projects\\PHP\\laravel10-api-passport\\vendor\\laravel\\framework\\src\\Illuminate\\Pipeline\\Pipeline.php(183): Illuminate\\Foundation\\Http\\Middleware\\PreventRequestsDuringMaintenance->handle()
#42 C:\\Users\\hask777\\Desktop\\projects\\PHP\\laravel10-api-passport\\vendor\\laravel\\framework\\src\\Illuminate\\Http\\Middleware\\HandleCors.php(62): Illuminate\\Pipeline\\Pipeline->Illuminate\\Pipeline\\{closure}()
#43 C:\\Users\\hask777\\Desktop\\projects\\PHP\\laravel10-api-passport\\vendor\\laravel\\framework\\src\\Illuminate\\Pipeline\\Pipeline.php(183): Illuminate\\Http\\Middleware\\HandleCors->handle()
#44 C:\\Users\\hask777\\Desktop\\projects\\PHP\\laravel10-api-passport\\vendor\\laravel\\framework\\src\\Illuminate\\Http\\Middleware\\TrustProxies.php(39): Illuminate\\Pipeline\\Pipeline->Illuminate\\Pipeline\\{closure}()
#45 C:\\Users\\hask777\\Desktop\\projects\\PHP\\laravel10-api-passport\\vendor\\laravel\\framework\\src\\Illuminate\\Pipeline\\Pipeline.php(183): Illuminate\\Http\\Middleware\\TrustProxies->handle()
#46 C:\\Users\\hask777\\Desktop\\projects\\PHP\\laravel10-api-passport\\vendor\\laravel\\framework\\src\\Illuminate\\Pipeline\\Pipeline.php(119): Illuminate\\Pipeline\\Pipeline->Illuminate\\Pipeline\\{closure}()
#47 C:\\Users\\hask777\\Desktop\\projects\\PHP\\laravel10-api-passport\\vendor\\laravel\\framework\\src\\Illuminate\\Foundation\\Http\\Kernel.php(175): Illuminate\\Pipeline\\Pipeline->then()
#48 C:\\Users\\hask777\\Desktop\\projects\\PHP\\laravel10-api-passport\\vendor\\laravel\\framework\\src\\Illuminate\\Foundation\\Http\\Kernel.php(144): Illuminate\\Foundation\\Http\\Kernel->sendRequestThroughRouter()
#49 C:\\Users\\hask777\\Desktop\\projects\\PHP\\laravel10-api-passport\\public\\index.php(51): Illuminate\\Foundation\\Http\\Kernel->handle()
#50 C:\\Users\\hask777\\Desktop\\projects\\PHP\\laravel10-api-passport\\vendor\\laravel\\framework\\src\\Illuminate\\Foundation\\resources\\server.php(16): require_once('...')
#51 {main}
"} 
[2025-03-17 10:41:09] local.ERROR: SQLSTATE[23000]: Integrity constraint violation: 1062 Duplicate entry 'haskellisp2@gmail.com' for key 'users.users_email_unique' (Connection: mysql, SQL: update `users` set `firstname` = Manger ivan 2 up, `lastname` = Manager kidvan up, `email` = haskellisp2@gmail.com, `phone` = +375259995643, `password` = $2y$10$uRFYBDSq3lpbZuV3aZ9gWuUZbQEtuAKdHpQaFFHdVSq1kaTSjnOoC, `users`.`updated_at` = 2025-03-17 10:41:09 where `id` = 3) {"userId":1,"exception":"[object] (Illuminate\\Database\\UniqueConstraintViolationException(code: 23000): SQLSTATE[23000]: Integrity constraint violation: 1062 Duplicate entry 'haskellisp2@gmail.com' for key 'users.users_email_unique' (Connection: mysql, SQL: update `users` set `firstname` = Manger ivan 2 up, `lastname` = Manager kidvan up, `email` = haskellisp2@gmail.com, `phone` = +375259995643, `password` = $2y$10$uRFYBDSq3lpbZuV3aZ9gWuUZbQEtuAKdHpQaFFHdVSq1kaTSjnOoC, `users`.`updated_at` = 2025-03-17 10:41:09 where `id` = 3) at C:\\Users\\hask777\\Desktop\\projects\\PHP\\laravel10-api-passport\\vendor\\laravel\\framework\\src\\Illuminate\\Database\\Connection.php:824)
[stacktrace]
#0 C:\\Users\\hask777\\Desktop\\projects\\PHP\\laravel10-api-passport\\vendor\\laravel\\framework\\src\\Illuminate\\Database\\Connection.php(783): Illuminate\\Database\\Connection->runQueryCallback()
#1 C:\\Users\\hask777\\Desktop\\projects\\PHP\\laravel10-api-passport\\vendor\\laravel\\framework\\src\\Illuminate\\Database\\Connection.php(600): Illuminate\\Database\\Connection->run()
#2 C:\\Users\\hask777\\Desktop\\projects\\PHP\\laravel10-api-passport\\vendor\\laravel\\framework\\src\\Illuminate\\Database\\Connection.php(552): Illuminate\\Database\\Connection->affectingStatement()
#3 C:\\Users\\hask777\\Desktop\\projects\\PHP\\laravel10-api-passport\\vendor\\laravel\\framework\\src\\Illuminate\\Database\\Query\\Builder.php(3602): Illuminate\\Database\\Connection->update()
#4 C:\\Users\\hask777\\Desktop\\projects\\PHP\\laravel10-api-passport\\vendor\\laravel\\framework\\src\\Illuminate\\Database\\Eloquent\\Builder.php(1061): Illuminate\\Database\\Query\\Builder->update()
#5 C:\\Users\\hask777\\Desktop\\projects\\PHP\\laravel10-api-passport\\vendor\\laravel\\framework\\src\\Illuminate\\Database\\Eloquent\\Model.php(1214): Illuminate\\Database\\Eloquent\\Builder->update()
#6 C:\\Users\\hask777\\Desktop\\projects\\PHP\\laravel10-api-passport\\vendor\\laravel\\framework\\src\\Illuminate\\Database\\Eloquent\\Model.php(1131): Illuminate\\Database\\Eloquent\\Model->performUpdate()
#7 C:\\Users\\hask777\\Desktop\\projects\\PHP\\laravel10-api-passport\\app\\Modules\\Admin\\User\\Services\\UserServise.php(36): Illuminate\\Database\\Eloquent\\Model->save()
#8 C:\\Users\\hask777\\Desktop\\projects\\PHP\\laravel10-api-passport\\app\\Modules\\Admin\\User\\Controllers\\Api\\UserController.php(95): App\\Modules\\Admin\\User\\Services\\UserServise->save()
#9 C:\\Users\\hask777\\Desktop\\projects\\PHP\\laravel10-api-passport\\vendor\\laravel\\framework\\src\\Illuminate\\Routing\\Controller.php(54): App\\Modules\\Admin\\User\\Controllers\\Api\\UserController->update()
#10 C:\\Users\\hask777\\Desktop\\projects\\PHP\\laravel10-api-passport\\vendor\\laravel\\framework\\src\\Illuminate\\Routing\\ControllerDispatcher.php(43): Illuminate\\Routing\\Controller->callAction()
#11 C:\\Users\\hask777\\Desktop\\projects\\PHP\\laravel10-api-passport\\vendor\\laravel\\framework\\src\\Illuminate\\Routing\\Route.php(259): Illuminate\\Routing\\ControllerDispatcher->dispatch()
#12 C:\\Users\\hask777\\Desktop\\projects\\PHP\\laravel10-api-passport\\vendor\\laravel\\framework\\src\\Illuminate\\Routing\\Route.php(205): Illuminate\\Routing\\Route->runController()
#13 C:\\Users\\hask777\\Desktop\\projects\\PHP\\laravel10-api-passport\\vendor\\laravel\\framework\\src\\Illuminate\\Routing\\Router.php(806): Illuminate\\Routing\\Route->run()
#14 C:\\Users\\hask777\\Desktop\\projects\\PHP\\laravel10-api-passport\\vendor\\laravel\\framework\\src\\Illuminate\\Pipeline\\Pipeline.php(144): Illuminate\\Routing\\Router->Illuminate\\Routing\\{closure}()
#15 C:\\Users\\hask777\\Desktop\\projects\\PHP\\laravel10-api-passport\\vendor\\laravel\\framework\\src\\Illuminate\\Routing\\Middleware\\SubstituteBindings.php(50): Illuminate\\Pipeline\\Pipeline->Illuminate\\Pipeline\\{closure}()
#16 C:\\Users\\hask777\\Desktop\\projects\\PHP\\laravel10-api-passport\\vendor\\laravel\\framework\\src\\Illuminate\\Pipeline\\Pipeline.php(183): Illuminate\\Routing\\Middleware\\SubstituteBindings->handle()
#17 C:\\Users\\hask777\\Desktop\\projects\\PHP\\laravel10-api-passport\\vendor\\laravel\\framework\\src\\Illuminate\\Routing\\Middleware\\ThrottleRequests.php(159): Illuminate\\Pipeline\\Pipeline->Illuminate\\Pipeline\\{closure}()
#18 C:\\Users\\hask777\\Desktop\\projects\\PHP\\laravel10-api-passport\\vendor\\laravel\\framework\\src\\Illuminate\\Routing\\Middleware\\ThrottleRequests.php(125): Illuminate\\Routing\\Middleware\\ThrottleRequests->handleRequest()
#19 C:\\Users\\hask777\\Desktop\\projects\\PHP\\laravel10-api-passport\\vendor\\laravel\\framework\\src\\Illuminate\\Routing\\Middleware\\ThrottleRequests.php(87): Illuminate\\Routing\\Middleware\\ThrottleRequests->handleRequestUsingNamedLimiter()
#20 C:\\Users\\hask777\\Desktop\\projects\\PHP\\laravel10-api-passport\\vendor\\laravel\\framework\\src\\Illuminate\\Pipeline\\Pipeline.php(183): Illuminate\\Routing\\Middleware\\ThrottleRequests->handle()
#21 C:\\Users\\hask777\\Desktop\\projects\\PHP\\laravel10-api-passport\\vendor\\laravel\\framework\\src\\Illuminate\\Auth\\Middleware\\Authenticate.php(57): Illuminate\\Pipeline\\Pipeline->Illuminate\\Pipeline\\{closure}()
#22 C:\\Users\\hask777\\Desktop\\projects\\PHP\\laravel10-api-passport\\vendor\\laravel\\framework\\src\\Illuminate\\Pipeline\\Pipeline.php(183): Illuminate\\Auth\\Middleware\\Authenticate->handle()
#23 C:\\Users\\hask777\\Desktop\\projects\\PHP\\laravel10-api-passport\\vendor\\laravel\\framework\\src\\Illuminate\\Pipeline\\Pipeline.php(119): Illuminate\\Pipeline\\Pipeline->Illuminate\\Pipeline\\{closure}()
#24 C:\\Users\\hask777\\Desktop\\projects\\PHP\\laravel10-api-passport\\vendor\\laravel\\framework\\src\\Illuminate\\Routing\\Router.php(805): Illuminate\\Pipeline\\Pipeline->then()
#25 C:\\Users\\hask777\\Desktop\\projects\\PHP\\laravel10-api-passport\\vendor\\laravel\\framework\\src\\Illuminate\\Routing\\Router.php(784): Illuminate\\Routing\\Router->runRouteWithinStack()
#26 C:\\Users\\hask777\\Desktop\\projects\\PHP\\laravel10-api-passport\\vendor\\laravel\\framework\\src\\Illuminate\\Routing\\Router.php(748): Illuminate\\Routing\\Router->runRoute()
#27 C:\\Users\\hask777\\Desktop\\projects\\PHP\\laravel10-api-passport\\vendor\\laravel\\framework\\src\\Illuminate\\Routing\\Router.php(737): Illuminate\\Routing\\Router->dispatchToRoute()
#28 C:\\Users\\hask777\\Desktop\\projects\\PHP\\laravel10-api-passport\\vendor\\laravel\\framework\\src\\Illuminate\\Foundation\\Http\\Kernel.php(200): Illuminate\\Routing\\Router->dispatch()
#29 C:\\Users\\hask777\\Desktop\\projects\\PHP\\laravel10-api-passport\\vendor\\laravel\\framework\\src\\Illuminate\\Pipeline\\Pipeline.php(144): Illuminate\\Foundation\\Http\\Kernel->Illuminate\\Foundation\\Http\\{closure}()
#30 C:\\Users\\hask777\\Desktop\\projects\\PHP\\laravel10-api-passport\\vendor\\laravel\\framework\\src\\Illuminate\\Foundation\\Http\\Middleware\\TransformsRequest.php(21): Illuminate\\Pipeline\\Pipeline->Illuminate\\Pipeline\\{closure}()
#31 C:\\Users\\hask777\\Desktop\\projects\\PHP\\laravel10-api-passport\\vendor\\laravel\\framework\\src\\Illuminate\\Foundation\\Http\\Middleware\\ConvertEmptyStringsToNull.php(31): Illuminate\\Foundation\\Http\\Middleware\\TransformsRequest->handle()
#32 C:\\Users\\hask777\\Desktop\\projects\\PHP\\laravel10-api-passport\\vendor\\laravel\\framework\\src\\Illuminate\\Pipeline\\Pipeline.php(183): Illuminate\\Foundation\\Http\\Middleware\\ConvertEmptyStringsToNull->handle()
#33 C:\\Users\\hask777\\Desktop\\projects\\PHP\\laravel10-api-passport\\vendor\\laravel\\framework\\src\\Illuminate\\Foundation\\Http\\Middleware\\TransformsRequest.php(21): Illuminate\\Pipeline\\Pipeline->Illuminate\\Pipeline\\{closure}()
#34 C:\\Users\\hask777\\Desktop\\projects\\PHP\\laravel10-api-passport\\vendor\\laravel\\framework\\src\\Illuminate\\Foundation\\Http\\Middleware\\TrimStrings.php(40): Illuminate\\Foundation\\Http\\Middleware\\TransformsRequest->handle()
#35 C:\\Users\\hask777\\Desktop\\projects\\PHP\\laravel10-api-passport\\vendor\\laravel\\framework\\src\\Illuminate\\Pipeline\\Pipeline.php(183): Illuminate\\Foundation\\Http\\Middleware\\TrimStrings->handle()
#36 C:\\Users\\hask777\\Desktop\\projects\\PHP\\laravel10-api-passport\\vendor\\laravel\\framework\\src\\Illuminate\\Foundation\\Http\\Middleware\\ValidatePostSize.php(27): Illuminate\\Pipeline\\Pipeline->Illuminate\\Pipeline\\{closure}()
#37 C:\\Users\\hask777\\Desktop\\projects\\PHP\\laravel10-api-passport\\vendor\\laravel\\framework\\src\\Illuminate\\Pipeline\\Pipeline.php(183): Illuminate\\Foundation\\Http\\Middleware\\ValidatePostSize->handle()
#38 C:\\Users\\hask777\\Desktop\\projects\\PHP\\laravel10-api-passport\\vendor\\laravel\\framework\\src\\Illuminate\\Foundation\\Http\\Middleware\\PreventRequestsDuringMaintenance.php(99): Illuminate\\Pipeline\\Pipeline->Illuminate\\Pipeline\\{closure}()
#39 C:\\Users\\hask777\\Desktop\\projects\\PHP\\laravel10-api-passport\\vendor\\laravel\\framework\\src\\Illuminate\\Pipeline\\Pipeline.php(183): Illuminate\\Foundation\\Http\\Middleware\\PreventRequestsDuringMaintenance->handle()
#40 C:\\Users\\hask777\\Desktop\\projects\\PHP\\laravel10-api-passport\\vendor\\laravel\\framework\\src\\Illuminate\\Http\\Middleware\\HandleCors.php(62): Illuminate\\Pipeline\\Pipeline->Illuminate\\Pipeline\\{closure}()
#41 C:\\Users\\hask777\\Desktop\\projects\\PHP\\laravel10-api-passport\\vendor\\laravel\\framework\\src\\Illuminate\\Pipeline\\Pipeline.php(183): Illuminate\\Http\\Middleware\\HandleCors->handle()
#42 C:\\Users\\hask777\\Desktop\\projects\\PHP\\laravel10-api-passport\\vendor\\laravel\\framework\\src\\Illuminate\\Http\\Middleware\\TrustProxies.php(39): Illuminate\\Pipeline\\Pipeline->Illuminate\\Pipeline\\{closure}()
#43 C:\\Users\\hask777\\Desktop\\projects\\PHP\\laravel10-api-passport\\vendor\\laravel\\framework\\src\\Illuminate\\Pipeline\\Pipeline.php(183): Illuminate\\Http\\Middleware\\TrustProxies->handle()
#44 C:\\Users\\hask777\\Desktop\\projects\\PHP\\laravel10-api-passport\\vendor\\laravel\\framework\\src\\Illuminate\\Pipeline\\Pipeline.php(119): Illuminate\\Pipeline\\Pipeline->Illuminate\\Pipeline\\{closure}()
#45 C:\\Users\\hask777\\Desktop\\projects\\PHP\\laravel10-api-passport\\vendor\\laravel\\framework\\src\\Illuminate\\Foundation\\Http\\Kernel.php(175): Illuminate\\Pipeline\\Pipeline->then()
#46 C:\\Users\\hask777\\Desktop\\projects\\PHP\\laravel10-api-passport\\vendor\\laravel\\framework\\src\\Illuminate\\Foundation\\Http\\Kernel.php(144): Illuminate\\Foundation\\Http\\Kernel->sendRequestThroughRouter()
#47 C:\\Users\\hask777\\Desktop\\projects\\PHP\\laravel10-api-passport\\public\\index.php(51): Illuminate\\Foundation\\Http\\Kernel->handle()
#48 C:\\Users\\hask777\\Desktop\\projects\\PHP\\laravel10-api-passport\\vendor\\laravel\\framework\\src\\Illuminate\\Foundation\\resources\\server.php(16): require_once('...')
#49 {main}

[previous exception] [object] (PDOException(code: 23000): SQLSTATE[23000]: Integrity constraint violation: 1062 Duplicate entry 'haskellisp2@gmail.com' for key 'users.users_email_unique' at C:\\Users\\hask777\\Desktop\\projects\\PHP\\laravel10-api-passport\\vendor\\laravel\\framework\\src\\Illuminate\\Database\\Connection.php:612)
[stacktrace]
#0 C:\\Users\\hask777\\Desktop\\projects\\PHP\\laravel10-api-passport\\vendor\\laravel\\framework\\src\\Illuminate\\Database\\Connection.php(612): PDOStatement->execute()
#1 C:\\Users\\hask777\\Desktop\\projects\\PHP\\laravel10-api-passport\\vendor\\laravel\\framework\\src\\Illuminate\\Database\\Connection.php(816): Illuminate\\Database\\Connection->Illuminate\\Database\\{closure}()
#2 C:\\Users\\hask777\\Desktop\\projects\\PHP\\laravel10-api-passport\\vendor\\laravel\\framework\\src\\Illuminate\\Database\\Connection.php(783): Illuminate\\Database\\Connection->runQueryCallback()
#3 C:\\Users\\hask777\\Desktop\\projects\\PHP\\laravel10-api-passport\\vendor\\laravel\\framework\\src\\Illuminate\\Database\\Connection.php(600): Illuminate\\Database\\Connection->run()
#4 C:\\Users\\hask777\\Desktop\\projects\\PHP\\laravel10-api-passport\\vendor\\laravel\\framework\\src\\Illuminate\\Database\\Connection.php(552): Illuminate\\Database\\Connection->affectingStatement()
#5 C:\\Users\\hask777\\Desktop\\projects\\PHP\\laravel10-api-passport\\vendor\\laravel\\framework\\src\\Illuminate\\Database\\Query\\Builder.php(3602): Illuminate\\Database\\Connection->update()
#6 C:\\Users\\hask777\\Desktop\\projects\\PHP\\laravel10-api-passport\\vendor\\laravel\\framework\\src\\Illuminate\\Database\\Eloquent\\Builder.php(1061): Illuminate\\Database\\Query\\Builder->update()
#7 C:\\Users\\hask777\\Desktop\\projects\\PHP\\laravel10-api-passport\\vendor\\laravel\\framework\\src\\Illuminate\\Database\\Eloquent\\Model.php(1214): Illuminate\\Database\\Eloquent\\Builder->update()
#8 C:\\Users\\hask777\\Desktop\\projects\\PHP\\laravel10-api-passport\\vendor\\laravel\\framework\\src\\Illuminate\\Database\\Eloquent\\Model.php(1131): Illuminate\\Database\\Eloquent\\Model->performUpdate()
#9 C:\\Users\\hask777\\Desktop\\projects\\PHP\\laravel10-api-passport\\app\\Modules\\Admin\\User\\Services\\UserServise.php(36): Illuminate\\Database\\Eloquent\\Model->save()
#10 C:\\Users\\hask777\\Desktop\\projects\\PHP\\laravel10-api-passport\\app\\Modules\\Admin\\User\\Controllers\\Api\\UserController.php(95): App\\Modules\\Admin\\User\\Services\\UserServise->save()
#11 C:\\Users\\hask777\\Desktop\\projects\\PHP\\laravel10-api-passport\\vendor\\laravel\\framework\\src\\Illuminate\\Routing\\Controller.php(54): App\\Modules\\Admin\\User\\Controllers\\Api\\UserController->update()
#12 C:\\Users\\hask777\\Desktop\\projects\\PHP\\laravel10-api-passport\\vendor\\laravel\\framework\\src\\Illuminate\\Routing\\ControllerDispatcher.php(43): Illuminate\\Routing\\Controller->callAction()
#13 C:\\Users\\hask777\\Desktop\\projects\\PHP\\laravel10-api-passport\\vendor\\laravel\\framework\\src\\Illuminate\\Routing\\Route.php(259): Illuminate\\Routing\\ControllerDispatcher->dispatch()
#14 C:\\Users\\hask777\\Desktop\\projects\\PHP\\laravel10-api-passport\\vendor\\laravel\\framework\\src\\Illuminate\\Routing\\Route.php(205): Illuminate\\Routing\\Route->runController()
#15 C:\\Users\\hask777\\Desktop\\projects\\PHP\\laravel10-api-passport\\vendor\\laravel\\framework\\src\\Illuminate\\Routing\\Router.php(806): Illuminate\\Routing\\Route->run()
#16 C:\\Users\\hask777\\Desktop\\projects\\PHP\\laravel10-api-passport\\vendor\\laravel\\framework\\src\\Illuminate\\Pipeline\\Pipeline.php(144): Illuminate\\Routing\\Router->Illuminate\\Routing\\{closure}()
#17 C:\\Users\\hask777\\Desktop\\projects\\PHP\\laravel10-api-passport\\vendor\\laravel\\framework\\src\\Illuminate\\Routing\\Middleware\\SubstituteBindings.php(50): Illuminate\\Pipeline\\Pipeline->Illuminate\\Pipeline\\{closure}()
#18 C:\\Users\\hask777\\Desktop\\projects\\PHP\\laravel10-api-passport\\vendor\\laravel\\framework\\src\\Illuminate\\Pipeline\\Pipeline.php(183): Illuminate\\Routing\\Middleware\\SubstituteBindings->handle()
#19 C:\\Users\\hask777\\Desktop\\projects\\PHP\\laravel10-api-passport\\vendor\\laravel\\framework\\src\\Illuminate\\Routing\\Middleware\\ThrottleRequests.php(159): Illuminate\\Pipeline\\Pipeline->Illuminate\\Pipeline\\{closure}()
#20 C:\\Users\\hask777\\Desktop\\projects\\PHP\\laravel10-api-passport\\vendor\\laravel\\framework\\src\\Illuminate\\Routing\\Middleware\\ThrottleRequests.php(125): Illuminate\\Routing\\Middleware\\ThrottleRequests->handleRequest()
#21 C:\\Users\\hask777\\Desktop\\projects\\PHP\\laravel10-api-passport\\vendor\\laravel\\framework\\src\\Illuminate\\Routing\\Middleware\\ThrottleRequests.php(87): Illuminate\\Routing\\Middleware\\ThrottleRequests->handleRequestUsingNamedLimiter()
#22 C:\\Users\\hask777\\Desktop\\projects\\PHP\\laravel10-api-passport\\vendor\\laravel\\framework\\src\\Illuminate\\Pipeline\\Pipeline.php(183): Illuminate\\Routing\\Middleware\\ThrottleRequests->handle()
#23 C:\\Users\\hask777\\Desktop\\projects\\PHP\\laravel10-api-passport\\vendor\\laravel\\framework\\src\\Illuminate\\Auth\\Middleware\\Authenticate.php(57): Illuminate\\Pipeline\\Pipeline->Illuminate\\Pipeline\\{closure}()
#24 C:\\Users\\hask777\\Desktop\\projects\\PHP\\laravel10-api-passport\\vendor\\laravel\\framework\\src\\Illuminate\\Pipeline\\Pipeline.php(183): Illuminate\\Auth\\Middleware\\Authenticate->handle()
#25 C:\\Users\\hask777\\Desktop\\projects\\PHP\\laravel10-api-passport\\vendor\\laravel\\framework\\src\\Illuminate\\Pipeline\\Pipeline.php(119): Illuminate\\Pipeline\\Pipeline->Illuminate\\Pipeline\\{closure}()
#26 C:\\Users\\hask777\\Desktop\\projects\\PHP\\laravel10-api-passport\\vendor\\laravel\\framework\\src\\Illuminate\\Routing\\Router.php(805): Illuminate\\Pipeline\\Pipeline->then()
#27 C:\\Users\\hask777\\Desktop\\projects\\PHP\\laravel10-api-passport\\vendor\\laravel\\framework\\src\\Illuminate\\Routing\\Router.php(784): Illuminate\\Routing\\Router->runRouteWithinStack()
#28 C:\\Users\\hask777\\Desktop\\projects\\PHP\\laravel10-api-passport\\vendor\\laravel\\framework\\src\\Illuminate\\Routing\\Router.php(748): Illuminate\\Routing\\Router->runRoute()
#29 C:\\Users\\hask777\\Desktop\\projects\\PHP\\laravel10-api-passport\\vendor\\laravel\\framework\\src\\Illuminate\\Routing\\Router.php(737): Illuminate\\Routing\\Router->dispatchToRoute()
#30 C:\\Users\\hask777\\Desktop\\projects\\PHP\\laravel10-api-passport\\vendor\\laravel\\framework\\src\\Illuminate\\Foundation\\Http\\Kernel.php(200): Illuminate\\Routing\\Router->dispatch()
#31 C:\\Users\\hask777\\Desktop\\projects\\PHP\\laravel10-api-passport\\vendor\\laravel\\framework\\src\\Illuminate\\Pipeline\\Pipeline.php(144): Illuminate\\Foundation\\Http\\Kernel->Illuminate\\Foundation\\Http\\{closure}()
#32 C:\\Users\\hask777\\Desktop\\projects\\PHP\\laravel10-api-passport\\vendor\\laravel\\framework\\src\\Illuminate\\Foundation\\Http\\Middleware\\TransformsRequest.php(21): Illuminate\\Pipeline\\Pipeline->Illuminate\\Pipeline\\{closure}()
#33 C:\\Users\\hask777\\Desktop\\projects\\PHP\\laravel10-api-passport\\vendor\\laravel\\framework\\src\\Illuminate\\Foundation\\Http\\Middleware\\ConvertEmptyStringsToNull.php(31): Illuminate\\Foundation\\Http\\Middleware\\TransformsRequest->handle()
#34 C:\\Users\\hask777\\Desktop\\projects\\PHP\\laravel10-api-passport\\vendor\\laravel\\framework\\src\\Illuminate\\Pipeline\\Pipeline.php(183): Illuminate\\Foundation\\Http\\Middleware\\ConvertEmptyStringsToNull->handle()
#35 C:\\Users\\hask777\\Desktop\\projects\\PHP\\laravel10-api-passport\\vendor\\laravel\\framework\\src\\Illuminate\\Foundation\\Http\\Middleware\\TransformsRequest.php(21): Illuminate\\Pipeline\\Pipeline->Illuminate\\Pipeline\\{closure}()
#36 C:\\Users\\hask777\\Desktop\\projects\\PHP\\laravel10-api-passport\\vendor\\laravel\\framework\\src\\Illuminate\\Foundation\\Http\\Middleware\\TrimStrings.php(40): Illuminate\\Foundation\\Http\\Middleware\\TransformsRequest->handle()
#37 C:\\Users\\hask777\\Desktop\\projects\\PHP\\laravel10-api-passport\\vendor\\laravel\\framework\\src\\Illuminate\\Pipeline\\Pipeline.php(183): Illuminate\\Foundation\\Http\\Middleware\\TrimStrings->handle()
#38 C:\\Users\\hask777\\Desktop\\projects\\PHP\\laravel10-api-passport\\vendor\\laravel\\framework\\src\\Illuminate\\Foundation\\Http\\Middleware\\ValidatePostSize.php(27): Illuminate\\Pipeline\\Pipeline->Illuminate\\Pipeline\\{closure}()
#39 C:\\Users\\hask777\\Desktop\\projects\\PHP\\laravel10-api-passport\\vendor\\laravel\\framework\\src\\Illuminate\\Pipeline\\Pipeline.php(183): Illuminate\\Foundation\\Http\\Middleware\\ValidatePostSize->handle()
#40 C:\\Users\\hask777\\Desktop\\projects\\PHP\\laravel10-api-passport\\vendor\\laravel\\framework\\src\\Illuminate\\Foundation\\Http\\Middleware\\PreventRequestsDuringMaintenance.php(99): Illuminate\\Pipeline\\Pipeline->Illuminate\\Pipeline\\{closure}()
#41 C:\\Users\\hask777\\Desktop\\projects\\PHP\\laravel10-api-passport\\vendor\\laravel\\framework\\src\\Illuminate\\Pipeline\\Pipeline.php(183): Illuminate\\Foundation\\Http\\Middleware\\PreventRequestsDuringMaintenance->handle()
#42 C:\\Users\\hask777\\Desktop\\projects\\PHP\\laravel10-api-passport\\vendor\\laravel\\framework\\src\\Illuminate\\Http\\Middleware\\HandleCors.php(62): Illuminate\\Pipeline\\Pipeline->Illuminate\\Pipeline\\{closure}()
#43 C:\\Users\\hask777\\Desktop\\projects\\PHP\\laravel10-api-passport\\vendor\\laravel\\framework\\src\\Illuminate\\Pipeline\\Pipeline.php(183): Illuminate\\Http\\Middleware\\HandleCors->handle()
#44 C:\\Users\\hask777\\Desktop\\projects\\PHP\\laravel10-api-passport\\vendor\\laravel\\framework\\src\\Illuminate\\Http\\Middleware\\TrustProxies.php(39): Illuminate\\Pipeline\\Pipeline->Illuminate\\Pipeline\\{closure}()
#45 C:\\Users\\hask777\\Desktop\\projects\\PHP\\laravel10-api-passport\\vendor\\laravel\\framework\\src\\Illuminate\\Pipeline\\Pipeline.php(183): Illuminate\\Http\\Middleware\\TrustProxies->handle()
#46 C:\\Users\\hask777\\Desktop\\projects\\PHP\\laravel10-api-passport\\vendor\\laravel\\framework\\src\\Illuminate\\Pipeline\\Pipeline.php(119): Illuminate\\Pipeline\\Pipeline->Illuminate\\Pipeline\\{closure}()
#47 C:\\Users\\hask777\\Desktop\\projects\\PHP\\laravel10-api-passport\\vendor\\laravel\\framework\\src\\Illuminate\\Foundation\\Http\\Kernel.php(175): Illuminate\\Pipeline\\Pipeline->then()
#48 C:\\Users\\hask777\\Desktop\\projects\\PHP\\laravel10-api-passport\\vendor\\laravel\\framework\\src\\Illuminate\\Foundation\\Http\\Kernel.php(144): Illuminate\\Foundation\\Http\\Kernel->sendRequestThroughRouter()
#49 C:\\Users\\hask777\\Desktop\\projects\\PHP\\laravel10-api-passport\\public\\index.php(51): Illuminate\\Foundation\\Http\\Kernel->handle()
#50 C:\\Users\\hask777\\Desktop\\projects\\PHP\\laravel10-api-passport\\vendor\\laravel\\framework\\src\\Illuminate\\Foundation\\resources\\server.php(16): require_once('...')
#51 {main}
"} 
